# This file is brought to you by Roblox Corporation
# Generated by Roblox Studio

mtllib OMG REAL BALISONG SERIOUSLY.mtl

g Meshpart1

v 5.07969 2.44121 -191.337 
v 5.08999 2.57838 -191.337 
v 5.07969 2.44121 -191.451 
v 5.08999 2.57838 -191.451 
v 5.05269 2.32453 -191.451 
v 5.08171 2.68608 -191.451 
v 5.05269 2.32453 -191.337 
v 5.08171 2.68608 -191.337 
v 5.0557 2.30919 -191.337 
v 5.0754 2.72119 -191.451 
v 5.0557 2.30919 -191.451 
v 5.0754 2.72119 -191.337 
v 5.06995 2.29302 -191.337 
v 5.0896 2.74092 -191.451 
v 5.06995 2.29302 -191.451 
v 5.0896 2.74092 -191.337 
v 5.12228 2.30645 -191.451 
v 5.17008 2.70344 -191.451 
v 5.07969 2.44121 -191.499 
v 5.08999 2.57838 -191.499 
v 5.07969 2.44121 -191.613 
v 5.08999 2.57838 -191.613 
v 5.05269 2.32453 -191.613 
v 5.08171 2.68608 -191.613 
v 5.05269 2.32453 -191.499 
v 5.08171 2.68608 -191.499 
v 5.0557 2.30919 -191.499 
v 5.0754 2.72119 -191.613 
v 5.0557 2.30919 -191.613 
v 5.0754 2.72119 -191.499 
v 5.06995 2.29302 -191.499 
v 5.0896 2.74092 -191.613 
v 5.06995 2.29302 -191.613 
v 5.0896 2.74092 -191.499 
v 5.12228 2.30645 -191.613 
v 5.17008 2.70344 -191.613 
v 4.98659 1.96651 -191.451 
v 5.08103 1.96651 -191.451 
v 4.98659 1.96651 -191.337 
v 4.96702 1.91003 -191.451 
v 4.96702 1.91003 -191.337 
v 4.97434 1.6273 -191.451 
v 4.97434 1.6273 -191.337 
v 4.99092 1.36223 -191.451 
v 4.99092 1.36223 -191.337 
v 5.05405 1.01471 -191.451 
v 5.05405 1.01471 -191.337 
v 5.11384 0.811491 -191.451 
v 5.11384 0.811491 -191.337 
v 5.16555 0.750625 -191.451 
v 5.16555 0.750625 -191.337 
v 4.98659 1.96651 -191.613 
v 5.08103 1.96651 -191.613 
v 4.98659 1.96651 -191.499 
v 4.96702 1.91003 -191.613 
v 4.96702 1.91003 -191.499 
v 4.97434 1.6273 -191.613 
v 4.97434 1.6273 -191.499 
v 4.99092 1.36223 -191.613 
v 4.99092 1.36223 -191.499 
v 5.05405 1.01471 -191.613 
v 5.05405 1.01471 -191.499 
v 5.11384 0.811491 -191.613 
v 5.11384 0.811491 -191.499 
v 5.16555 0.750625 -191.613 
v 5.16555 0.750625 -191.499 
v 5.0896 2.74092 -191.451 
v 5.0896 2.74092 -191.337 
v 5.1259 2.74329 -191.451 
v 5.1259 2.74329 -191.337 
v 5.15785 2.72751 -191.451 
v 5.15785 2.72751 -191.337 
v 5.17008 2.70344 -191.451 
v 5.17008 2.70344 -191.337 
v 5.0896 2.74092 -191.613 
v 5.0896 2.74092 -191.499 
v 5.1259 2.74329 -191.613 
v 5.1259 2.74329 -191.499 
v 5.15785 2.72751 -191.613 
v 5.15785 2.72751 -191.499 
v 5.17008 2.70344 -191.613 
v 5.17008 2.70344 -191.499 
v 5.08103 1.96651 -191.337 
v 5.03381 1.98991 -191.451 
v 5.03381 1.98991 -191.337 
v 4.98659 1.96651 -191.451 
v 5.08103 1.96651 -191.451 
v 4.98659 1.96651 -191.337 
v 4.96702 1.91003 -191.451 
v 5.08103 1.96651 -191.499 
v 5.03381 1.98991 -191.613 
v 5.03381 1.98991 -191.499 
v 4.98659 1.96651 -191.613 
v 5.08103 1.96651 -191.613 
v 4.98659 1.96651 -191.499 
v 5.08999 2.57838 -191.613 
v 5.16693 2.48645 -191.613 
v 5.07969 2.44121 -191.613 
v 5.13379 2.3385 -191.613 
v 5.17442 2.61586 -191.613 
v 5.05269 2.32453 -191.613 
v 5.12228 2.30645 -191.613 
v 5.09461 2.29028 -191.613 
v 5.0557 2.30919 -191.613 
v 5.06995 2.29302 -191.613 
v 5.08171 2.68608 -191.613 
v 5.17008 2.70344 -191.613 
v 5.15785 2.72751 -191.613 
v 5.1259 2.74329 -191.613 
v 5.0754 2.72119 -191.613 
v 5.0896 2.74092 -191.613 
v 4.97434 1.6273 -191.613 
v 5.11121 1.55268 -191.613 
v 4.99092 1.36223 -191.613 
v 5.12881 1.4123 -191.613 
v 5.10059 1.91003 -191.613 
v 5.19193 1.106 -191.613 
v 4.96702 1.91003 -191.613 
v 5.05405 1.01471 -191.613 
v 4.98659 1.96651 -191.613 
v 5.08103 1.96651 -191.613 
v 5.03381 1.98991 -191.613 
v 5.28292 0.819347 -191.613 
v 5.11384 0.811491 -191.613 
v 5.16555 0.750625 -191.613 
v 5.22711 0.743752 -191.613 
v 5.27717 0.77713 -191.613 
v 5.08999 2.57838 -191.451 
v 5.16693 2.48645 -191.451 
v 5.07969 2.44121 -191.451 
v 5.13379 2.3385 -191.451 
v 5.17442 2.61586 -191.451 
v 5.05269 2.32453 -191.451 
v 5.12228 2.30645 -191.451 
v 5.09461 2.29028 -191.451 
v 5.0557 2.30919 -191.451 
v 5.06995 2.29302 -191.451 
v 5.08171 2.68608 -191.451 
v 5.17008 2.70344 -191.451 
v 5.15785 2.72751 -191.451 
v 5.1259 2.74329 -191.451 
v 5.0754 2.72119 -191.451 
v 5.0896 2.74092 -191.451 
v 4.97434 1.6273 -191.451 
v 5.11121 1.55268 -191.451 
v 4.99092 1.36223 -191.451 
v 5.12881 1.4123 -191.451 
v 5.10059 1.91003 -191.451 
v 5.19193 1.106 -191.451 
v 4.96702 1.91003 -191.451 
v 5.05405 1.01471 -191.451 
v 4.98659 1.96651 -191.451 
v 5.08103 1.96651 -191.451 
v 5.03381 1.98991 -191.451 
v 5.28292 0.819347 -191.451 
v 5.11384 0.811491 -191.451 
v 5.16555 0.750625 -191.451 
v 5.22711 0.743752 -191.451 
v 5.27717 0.77713 -191.451 
v 5.06995 2.29302 -191.337 
v 5.12228 2.30645 -191.337 
v 5.15785 2.72751 -191.451 
v 5.12228 2.30645 -191.451 
v 5.15785 2.72751 -191.337 
v 5.13379 2.3385 -191.337 
v 5.17008 2.70344 -191.451 
v 5.13379 2.3385 -191.451 
v 5.17008 2.70344 -191.337 
v 5.16693 2.48645 -191.337 
v 5.17442 2.61586 -191.451 
v 5.16693 2.48645 -191.451 
v 5.17442 2.61586 -191.337 
v 5.06995 2.29302 -191.499 
v 5.12228 2.30645 -191.499 
v 5.15785 2.72751 -191.613 
v 5.12228 2.30645 -191.613 
v 5.15785 2.72751 -191.499 
v 5.13379 2.3385 -191.499 
v 5.17008 2.70344 -191.613 
v 5.13379 2.3385 -191.613 
v 5.17008 2.70344 -191.499 
v 5.16693 2.48645 -191.499 
v 5.17442 2.61586 -191.613 
v 5.16693 2.48645 -191.613 
v 5.17442 2.61586 -191.499 
v 5.08103 1.96651 -191.337 
v 5.08103 1.96651 -191.451 
v 4.98659 1.96651 -191.337 
v 5.10059 1.91003 -191.337 
v 4.96702 1.91003 -191.451 
v 5.10059 1.91003 -191.451 
v 5.11121 1.55268 -191.337 
v 5.11121 1.55268 -191.451 
v 5.12881 1.4123 -191.451 
v 5.12881 1.4123 -191.337 
v 5.19193 1.106 -191.337 
v 5.19193 1.106 -191.451 
v 5.28292 0.819347 -191.337 
v 5.28292 0.819347 -191.451 
v 5.11384 0.811491 -191.337 
v 5.27717 0.77713 -191.337 
v 5.16555 0.750625 -191.451 
v 5.27717 0.77713 -191.451 
v 5.08103 1.96651 -191.499 
v 5.08103 1.96651 -191.613 
v 4.98659 1.96651 -191.499 
v 5.10059 1.91003 -191.499 
v 4.96702 1.91003 -191.613 
v 5.10059 1.91003 -191.613 
v 5.11121 1.55268 -191.499 
v 5.11121 1.55268 -191.613 
v 5.12881 1.4123 -191.613 
v 5.12881 1.4123 -191.499 
v 5.19193 1.106 -191.499 
v 5.19193 1.106 -191.613 
v 5.28292 0.819347 -191.499 
v 5.28292 0.819347 -191.613 
v 5.11384 0.811491 -191.499 
v 5.27717 0.77713 -191.499 
v 5.16555 0.750625 -191.613 
v 5.27717 0.77713 -191.613 
v 5.05269 2.32453 -191.451 
v 5.06995 2.29302 -191.337 
v 5.06995 2.29302 -191.451 
v 5.0896 2.74092 -191.337 
v 5.09461 2.29028 -191.337 
v 5.09461 2.29028 -191.451 
v 5.12228 2.30645 -191.337 
v 5.12228 2.30645 -191.451 
v 5.17008 2.70344 -191.451 
v 5.17008 2.70344 -191.337 
v 5.05269 2.32453 -191.613 
v 5.06995 2.29302 -191.499 
v 5.06995 2.29302 -191.613 
v 5.0896 2.74092 -191.499 
v 5.09461 2.29028 -191.499 
v 5.09461 2.29028 -191.613 
v 5.12228 2.30645 -191.499 
v 5.12228 2.30645 -191.613 
v 5.17008 2.70344 -191.613 
v 5.17008 2.70344 -191.499 
v 5.11384 0.811491 -191.337 
v 5.27717 0.77713 -191.337 
v 5.16555 0.750625 -191.451 
v 5.27717 0.77713 -191.451 
v 5.16555 0.750625 -191.337 
v 5.22711 0.743752 -191.337 
v 5.22711 0.743752 -191.451 
v 5.11384 0.811491 -191.499 
v 5.27717 0.77713 -191.499 
v 5.16555 0.750625 -191.613 
v 5.27717 0.77713 -191.613 
v 5.16555 0.750625 -191.499 
v 5.22711 0.743752 -191.499 
v 5.22711 0.743752 -191.613 
v 5.13379 2.3385 -191.337 
v 5.05269 2.32453 -191.337 
v 5.12228 2.30645 -191.337 
v 5.09461 2.29028 -191.337 
v 5.0557 2.30919 -191.337 
v 5.06995 2.29302 -191.337 
v 5.07969 2.44121 -191.337 
v 5.16693 2.48645 -191.337 
v 5.08999 2.57838 -191.337 
v 5.17442 2.61586 -191.337 
v 5.08171 2.68608 -191.337 
v 5.17008 2.70344 -191.337 
v 5.15785 2.72751 -191.337 
v 5.1259 2.74329 -191.337 
v 5.0754 2.72119 -191.337 
v 5.0896 2.74092 -191.337 
v 5.16555 0.750625 -191.337 
v 5.28292 0.819347 -191.337 
v 5.11384 0.811491 -191.337 
v 5.22711 0.743752 -191.337 
v 5.27717 0.77713 -191.337 
v 5.05405 1.01471 -191.337 
v 5.19193 1.106 -191.337 
v 4.99092 1.36223 -191.337 
v 5.12881 1.4123 -191.337 
v 5.11121 1.55268 -191.337 
v 4.97434 1.6273 -191.337 
v 5.10059 1.91003 -191.337 
v 4.96702 1.91003 -191.337 
v 4.98659 1.96651 -191.337 
v 5.08103 1.96651 -191.337 
v 5.03381 1.98991 -191.337 
v 5.13379 2.3385 -191.499 
v 5.05269 2.32453 -191.499 
v 5.12228 2.30645 -191.499 
v 5.09461 2.29028 -191.499 
v 5.0557 2.30919 -191.499 
v 5.06995 2.29302 -191.499 
v 5.07969 2.44121 -191.499 
v 5.16693 2.48645 -191.499 
v 5.08999 2.57838 -191.499 
v 5.17442 2.61586 -191.499 
v 5.08171 2.68608 -191.499 
v 5.17008 2.70344 -191.499 
v 5.15785 2.72751 -191.499 
v 5.1259 2.74329 -191.499 
v 5.0754 2.72119 -191.499 
v 5.0896 2.74092 -191.499 
v 5.16555 0.750625 -191.499 
v 5.28292 0.819347 -191.499 
v 5.11384 0.811491 -191.499 
v 5.22711 0.743752 -191.499 
v 5.27717 0.77713 -191.499 
v 5.05405 1.01471 -191.499 
v 5.19193 1.106 -191.499 
v 4.99092 1.36223 -191.499 
v 5.12881 1.4123 -191.499 
v 5.11121 1.55268 -191.499 
v 4.97434 1.6273 -191.499 
v 5.10059 1.91003 -191.499 
v 4.96702 1.91003 -191.499 
v 4.98659 1.96651 -191.499 
v 5.08103 1.96651 -191.499 
v 5.03381 1.98991 -191.499 

vn -0.992126 0.149606 0 
vn -1 0 0 
vn -0.992126 0.149606 0 
vn -1 0 0 
vn -1 0.015748 0 
vn -0.992126 -0.125984 0 
vn -1 0.015748 0 
vn -0.992126 -0.125984 0 
vn -0.897638 -0.440945 0 
vn -0.976378 0.220472 0 
vn -0.897638 -0.440945 0 
vn -0.976378 0.220472 0 
vn -0.464567 -0.889764 0 
vn -0.480315 0.874016 0 
vn -0.464567 -0.889764 0 
vn -0.480315 0.874016 0 
vn 0.771654 -0.637795 0 
vn 0.968504 0.259843 0 
vn -0.992126 0.149606 0 
vn -1 0 0 
vn -0.992126 0.149606 0 
vn -1 0 0 
vn -1 0.015748 0 
vn -0.992126 -0.125984 0 
vn -1 0.015748 0 
vn -0.992126 -0.125984 0 
vn -0.897638 -0.440945 0 
vn -0.976378 0.220472 0 
vn -0.897638 -0.440945 0 
vn -0.976378 0.220472 0 
vn -0.464567 -0.889764 0 
vn -0.480315 0.874016 0 
vn -0.464567 -0.889764 0 
vn -0.480315 0.874016 0 
vn 0.771654 -0.637795 0 
vn 0.968504 0.259843 0 
vn -0.748031 0.661417 0 
vn 0.748031 0.661417 0 
vn -0.748031 0.661417 0 
vn -0.992126 0.149606 0 
vn -0.992126 0.149606 0 
vn -1 -0.0472441 0 
vn -1 -0.0472441 0 
vn -0.992126 -0.11811 0 
vn -0.992126 -0.11811 0 
vn -0.976378 -0.228346 0 
vn -0.976378 -0.228346 0 
vn -0.88189 -0.472441 0 
vn -0.88189 -0.472441 0 
vn -0.472441 -0.88189 0 
vn -0.472441 -0.88189 0 
vn -0.748031 0.661417 0 
vn 0.748031 0.661417 0 
vn -0.748031 0.661417 0 
vn -0.992126 0.149606 0 
vn -0.992126 0.149606 0 
vn -1 -0.0472441 0 
vn -1 -0.0472441 0 
vn -0.992126 -0.11811 0 
vn -0.992126 -0.11811 0 
vn -0.976378 -0.228346 0 
vn -0.976378 -0.228346 0 
vn -0.88189 -0.472441 0 
vn -0.88189 -0.472441 0 
vn -0.472441 -0.88189 0 
vn -0.472441 -0.88189 0 
vn -0.480315 0.874016 0 
vn -0.480315 0.874016 0 
vn 0.19685 0.984252 0 
vn 0.19685 0.984252 0 
vn 0.700787 0.708661 0 
vn 0.700787 0.708661 0 
vn 0.968504 0.259843 0 
vn 0.968504 0.259843 0 
vn -0.480315 0.874016 0 
vn -0.480315 0.874016 0 
vn 0.19685 0.984252 0 
vn 0.19685 0.984252 0 
vn 0.700787 0.708661 0 
vn 0.700787 0.708661 0 
vn 0.968504 0.259843 0 
vn 0.968504 0.259843 0 
vn 0.748031 0.661417 0 
vn 0 1 0 
vn 0 1 0 
vn -0.748031 0.661417 0 
vn 0.748031 0.661417 0 
vn -0.748031 0.661417 0 
vn -0.992126 0.149606 0 
vn 0.748031 0.661417 0 
vn 0 1 0 
vn 0 1 0 
vn -0.748031 0.661417 0 
vn 0.748031 0.661417 0 
vn -0.748031 0.661417 0 
vn 0 0 -1 
vn 0 0 -1 
vn 0 0 -1 
vn 0 0 -1 
vn 0 0 -1 
vn 0 0 -1 
vn 0 0 -1 
vn 0 0 -1 
vn 0 0 -1 
vn 0 0 -1 
vn 0 0 -1 
vn 0 0 -1 
vn 0 0 -1 
vn 0 0 -1 
vn 0 0 -1 
vn 0 0 -1 
vn 0 0 -1 
vn 0 0 -1 
vn 0 0 -1 
vn 0 0 -1 
vn 0 0 -1 
vn 0 0 -1 
vn 0 0 -1 
vn 0 0 -1 
vn 0 0 -1 
vn 0 0 -1 
vn 0 0 -1 
vn 0 0 -1 
vn 0 0 -1 
vn 0 0 -1 
vn 0 0 -1 
vn 0 0 -1 
vn 0 0 -1 
vn 0 0 -1 
vn 0 0 -1 
vn 0 0 -1 
vn 0 0 -1 
vn 0 0 -1 
vn 0 0 -1 
vn 0 0 -1 
vn 0 0 -1 
vn 0 0 -1 
vn 0 0 -1 
vn 0 0 -1 
vn 0 0 -1 
vn 0 0 -1 
vn 0 0 -1 
vn 0 0 -1 
vn 0 0 -1 
vn 0 0 -1 
vn 0 0 -1 
vn 0 0 -1 
vn 0 0 -1 
vn 0 0 -1 
vn 0 0 -1 
vn 0 0 -1 
vn 0 0 -1 
vn 0 0 -1 
vn 0 0 -1 
vn 0 0 -1 
vn 0 0 -1 
vn 0 0 -1 
vn 0 0 -1 
vn 0 0 -1 
vn -0.464567 -0.889764 0 
vn 0.771654 -0.637795 0 
vn 0.700787 0.708661 0 
vn 0.771654 -0.637795 0 
vn 0.700787 0.708661 0 
vn 0.96063 -0.275591 0 
vn 0.968504 0.259843 0 
vn 0.96063 -0.275591 0 
vn 0.968504 0.259843 0 
vn 0.992126 -0.141732 0 
vn 1 -0.00787402 0 
vn 0.992126 -0.141732 0 
vn 1 -0.00787402 0 
vn -0.464567 -0.889764 0 
vn 0.771654 -0.637795 0 
vn 0.700787 0.708661 0 
vn 0.771654 -0.637795 0 
vn 0.700787 0.708661 0 
vn 0.96063 -0.275591 0 
vn 0.968504 0.259843 0 
vn 0.96063 -0.275591 0 
vn 0.968504 0.259843 0 
vn 0.992126 -0.141732 0 
vn 1 -0.00787402 0 
vn 0.992126 -0.141732 0 
vn 1 -0.00787402 0 
vn 0.748031 0.661417 0 
vn 0.748031 0.661417 0 
vn -0.748031 0.661417 0 
vn 0.984252 0.181102 0 
vn -0.992126 0.149606 0 
vn 0.984252 0.181102 0 
vn 1 0.0787402 0 
vn 1 0.0787402 0 
vn 0.984252 0.165354 0 
vn 0.984252 0.165354 0 
vn 0.968504 0.251969 0 
vn 0.968504 0.251969 0 
vn 1 0.0866142 0 
vn 1 0.0866142 0 
vn -0.88189 -0.472441 0 
vn 0.850394 -0.527559 0 
vn -0.472441 -0.88189 0 
vn 0.850394 -0.527559 0 
vn 0.748031 0.661417 0 
vn 0.748031 0.661417 0 
vn -0.748031 0.661417 0 
vn 0.984252 0.181102 0 
vn -0.992126 0.149606 0 
vn 0.984252 0.181102 0 
vn 1 0.0787402 0 
vn 1 0.0787402 0 
vn 0.984252 0.165354 0 
vn 0.984252 0.165354 0 
vn 0.968504 0.251969 0 
vn 0.968504 0.251969 0 
vn 1 0.0866142 0 
vn 1 0.0866142 0 
vn -0.88189 -0.472441 0 
vn 0.850394 -0.527559 0 
vn -0.472441 -0.88189 0 
vn 0.850394 -0.527559 0 
vn -1 0.015748 0 
vn -0.464567 -0.889764 0 
vn -0.464567 -0.889764 0 
vn -0.480315 0.874016 0 
vn 0.204724 -0.976378 0 
vn 0.204724 -0.976378 0 
vn 0.771654 -0.637795 0 
vn 0.771654 -0.637795 0 
vn 0.968504 0.259843 0 
vn 0.968504 0.259843 0 
vn -1 0.015748 0 
vn -0.464567 -0.889764 0 
vn -0.464567 -0.889764 0 
vn -0.480315 0.874016 0 
vn 0.204724 -0.976378 0 
vn 0.204724 -0.976378 0 
vn 0.771654 -0.637795 0 
vn 0.771654 -0.637795 0 
vn 0.968504 0.259843 0 
vn 0.968504 0.259843 0 
vn -0.88189 -0.472441 0 
vn 0.850394 -0.527559 0 
vn -0.472441 -0.88189 0 
vn 0.850394 -0.527559 0 
vn -0.472441 -0.88189 0 
vn 0.23622 -0.968504 0 
vn 0.23622 -0.968504 0 
vn -0.88189 -0.472441 0 
vn 0.850394 -0.527559 0 
vn -0.472441 -0.88189 0 
vn 0.850394 -0.527559 0 
vn -0.472441 -0.88189 0 
vn 0.23622 -0.968504 0 
vn 0.23622 -0.968504 0 
vn 0 0 1 
vn 0 0 1 
vn 0 0 1 
vn 0 0 1 
vn 0 0 1 
vn 0 0 1 
vn 0 0 1 
vn 0 0 1 
vn 0 0 1 
vn 0 0 1 
vn 0 0 1 
vn 0 0 1 
vn 0 0 1 
vn 0 0 1 
vn 0 0 1 
vn 0 0 1 
vn 0 0 1 
vn 0 0 1 
vn 0 0 1 
vn 0 0 1 
vn 0 0 1 
vn 0 0 1 
vn 0 0 1 
vn 0 0 1 
vn 0 0 1 
vn 0 0 1 
vn 0 0 1 
vn 0 0 1 
vn 0 0 1 
vn 0 0 1 
vn 0 0 1 
vn 0 0 1 
vn 0 0 1 
vn 0 0 1 
vn 0 0 1 
vn 0 0 1 
vn 0 0 1 
vn 0 0 1 
vn 0 0 1 
vn 0 0 1 
vn 0 0 1 
vn 0 0 1 
vn 0 0 1 
vn 0 0 1 
vn 0 0 1 
vn 0 0 1 
vn 0 0 1 
vn 0 0 1 
vn 0 0 1 
vn 0 0 1 
vn 0 0 1 
vn 0 0 1 
vn 0 0 1 
vn 0 0 1 
vn 0 0 1 
vn 0 0 1 
vn 0 0 1 
vn 0 0 1 
vn 0 0 1 
vn 0 0 1 
vn 0 0 1 
vn 0 0 1 
vn 0 0 1 
vn 0 0 1 

vt -0.316292 -0.107899 
vt -0.316292 -0.090753 
vt -0.33055 -0.107899 
vt -0.33055 -0.090753 
vt -0.33055 -0.122484 
vt -0.33055 -0.0772895 
vt -0.316292 -0.122484 
vt -0.316292 -0.0772895 
vt -0.316292 -0.124402 
vt -0.33055 -0.0729008 
vt -0.33055 -0.124402 
vt -0.316292 -0.0729008 
vt -0.316292 -0.126422 
vt -0.33055 -0.0704349 
vt -0.33055 -0.126422 
vt -0.316292 -0.0704349 
vt -0.33055 -0.124744 
vt -0.33055 -0.0751197 
vt -0.33657 -0.107899 
vt -0.33657 -0.090753 
vt -0.350828 -0.107899 
vt -0.350828 -0.090753 
vt -0.350828 -0.122484 
vt -0.350828 -0.0772895 
vt -0.33657 -0.122484 
vt -0.33657 -0.0772895 
vt -0.33657 -0.124402 
vt -0.350828 -0.0729008 
vt -0.350828 -0.124402 
vt -0.33657 -0.0729008 
vt -0.33657 -0.126422 
vt -0.350828 -0.0704349 
vt -0.350828 -0.126422 
vt -0.33657 -0.0704349 
vt -0.350828 -0.124744 
vt -0.350828 -0.0751197 
vt -0.33055 -0.167236 
vt -0.33055 -0.167236 
vt -0.316292 -0.167236 
vt -0.33055 -0.174296 
vt -0.316292 -0.174296 
vt -0.33055 -0.209638 
vt -0.316292 -0.209638 
vt -0.33055 -0.242771 
vt -0.316292 -0.242771 
vt -0.33055 -0.286212 
vt -0.316292 -0.286212 
vt -0.33055 -0.311614 
vt -0.316292 -0.311614 
vt -0.33055 -0.319222 
vt -0.316292 -0.319222 
vt -0.350828 -0.167236 
vt -0.350828 -0.167236 
vt -0.33657 -0.167236 
vt -0.350828 -0.174296 
vt -0.33657 -0.174296 
vt -0.350828 -0.209638 
vt -0.33657 -0.209638 
vt -0.350828 -0.242771 
vt -0.33657 -0.242771 
vt -0.350828 -0.286212 
vt -0.33657 -0.286212 
vt -0.350828 -0.311614 
vt -0.33657 -0.311614 
vt -0.350828 -0.319222 
vt -0.33657 -0.319222 
vt -0.337981 -0.19812 
vt -0.337981 -0.212378 
vt -0.333444 -0.19812 
vt -0.333444 -0.212378 
vt -0.329449 -0.19812 
vt -0.329449 -0.212378 
vt -0.327921 -0.19812 
vt -0.327921 -0.212378 
vt -0.337981 -0.177842 
vt -0.337981 -0.1921 
vt -0.333444 -0.177842 
vt -0.333444 -0.1921 
vt -0.329449 -0.177842 
vt -0.329449 -0.1921 
vt -0.327921 -0.177842 
vt -0.327921 -0.1921 
vt -0.339052 -0.212378 
vt -0.344955 -0.19812 
vt -0.344955 -0.212378 
vt -0.350858 -0.19812 
vt -0.339052 -0.19812 
vt -0.350858 -0.212378 
vt -0.353303 -0.19812 
vt -0.339052 -0.1921 
vt -0.344955 -0.177842 
vt -0.344955 -0.1921 
vt -0.350858 -0.177842 
vt -0.339052 -0.177842 
vt -0.350858 -0.1921 
vt -0.329187 -0.090753 
vt -0.338804 -0.102244 
vt -0.327899 -0.107899 
vt -0.334662 -0.120737 
vt -0.339741 -0.0860678 
vt -0.324524 -0.122484 
vt -0.333223 -0.124744 
vt -0.329764 -0.126765 
vt -0.324901 -0.124402 
vt -0.326682 -0.126422 
vt -0.328152 -0.0772895 
vt -0.339199 -0.0751197 
vt -0.33767 -0.0721114 
vt -0.333675 -0.0701388 
vt -0.327363 -0.0729008 
vt -0.329138 -0.0704349 
vt -0.314731 -0.209638 
vt -0.331839 -0.218965 
vt -0.316804 -0.242771 
vt -0.33404 -0.236513 
vt -0.330512 -0.174296 
vt -0.34193 -0.2748 
vt -0.313816 -0.174296 
vt -0.324694 -0.286212 
vt -0.316261 -0.167236 
vt -0.328067 -0.167236 
vt -0.322164 -0.164312 
vt -0.353303 -0.310632 
vt -0.332169 -0.311614 
vt -0.338632 -0.319222 
vt -0.346327 -0.320081 
vt -0.352585 -0.315909 
vt -0.329187 -0.090753 
vt -0.338804 -0.102244 
vt -0.327899 -0.107899 
vt -0.334662 -0.120737 
vt -0.339741 -0.0860678 
vt -0.324524 -0.122484 
vt -0.333223 -0.124744 
vt -0.329764 -0.126765 
vt -0.324901 -0.124402 
vt -0.326682 -0.126422 
vt -0.328152 -0.0772895 
vt -0.339199 -0.0751197 
vt -0.33767 -0.0721114 
vt -0.333675 -0.0701388 
vt -0.327363 -0.0729008 
vt -0.329138 -0.0704349 
vt -0.314731 -0.209638 
vt -0.331839 -0.218965 
vt -0.316804 -0.242771 
vt -0.33404 -0.236513 
vt -0.330512 -0.174296 
vt -0.34193 -0.2748 
vt -0.313816 -0.174296 
vt -0.324694 -0.286212 
vt -0.316261 -0.167236 
vt -0.328067 -0.167236 
vt -0.322164 -0.164312 
vt -0.353303 -0.310632 
vt -0.332169 -0.311614 
vt -0.338632 -0.319222 
vt -0.346327 -0.320081 
vt -0.352585 -0.315909 
vt -0.350828 -0.126422 
vt -0.350828 -0.124744 
vt -0.33657 -0.0721114 
vt -0.33657 -0.124744 
vt -0.350828 -0.0721114 
vt -0.350828 -0.120737 
vt -0.33657 -0.0751197 
vt -0.33657 -0.120737 
vt -0.350828 -0.0751197 
vt -0.350828 -0.102244 
vt -0.33657 -0.0860678 
vt -0.33657 -0.102244 
vt -0.350828 -0.0860678 
vt -0.33055 -0.126422 
vt -0.33055 -0.124744 
vt -0.316292 -0.0721114 
vt -0.316292 -0.124744 
vt -0.33055 -0.0721114 
vt -0.33055 -0.120737 
vt -0.316292 -0.0751197 
vt -0.316292 -0.120737 
vt -0.33055 -0.0751197 
vt -0.33055 -0.102244 
vt -0.316292 -0.0860678 
vt -0.316292 -0.102244 
vt -0.33055 -0.0860678 
vt -0.350828 -0.167236 
vt -0.33657 -0.167236 
vt -0.350828 -0.167236 
vt -0.350828 -0.174296 
vt -0.33657 -0.174296 
vt -0.33657 -0.174296 
vt -0.350828 -0.218965 
vt -0.33657 -0.218965 
vt -0.33657 -0.236513 
vt -0.350828 -0.236513 
vt -0.350828 -0.2748 
vt -0.33657 -0.2748 
vt -0.350828 -0.310632 
vt -0.33657 -0.310632 
vt -0.350828 -0.311614 
vt -0.350828 -0.315909 
vt -0.33657 -0.319222 
vt -0.33657 -0.315909 
vt -0.33055 -0.167236 
vt -0.316292 -0.167236 
vt -0.33055 -0.167236 
vt -0.33055 -0.174296 
vt -0.316292 -0.174296 
vt -0.316292 -0.174296 
vt -0.33055 -0.218965 
vt -0.316292 -0.218965 
vt -0.316292 -0.236513 
vt -0.33055 -0.236513 
vt -0.33055 -0.2748 
vt -0.316292 -0.2748 
vt -0.33055 -0.310632 
vt -0.316292 -0.310632 
vt -0.33055 -0.311614 
vt -0.33055 -0.315909 
vt -0.316292 -0.319222 
vt -0.316292 -0.315909 
vt -0.324524 -0.19812 
vt -0.326682 -0.212378 
vt -0.326682 -0.19812 
vt -0.329138 -0.212378 
vt -0.329764 -0.212378 
vt -0.329764 -0.19812 
vt -0.333223 -0.212378 
vt -0.333223 -0.19812 
vt -0.339199 -0.19812 
vt -0.339199 -0.212378 
vt -0.324524 -0.177842 
vt -0.326682 -0.1921 
vt -0.326682 -0.177842 
vt -0.329138 -0.1921 
vt -0.329764 -0.1921 
vt -0.329764 -0.177842 
vt -0.333223 -0.1921 
vt -0.333223 -0.177842 
vt -0.339199 -0.177842 
vt -0.339199 -0.1921 
vt -0.332169 -0.212378 
vt -0.352585 -0.212378 
vt -0.338632 -0.19812 
vt -0.352585 -0.19812 
vt -0.338632 -0.212378 
vt -0.346327 -0.212378 
vt -0.346327 -0.19812 
vt -0.332169 -0.1921 
vt -0.352585 -0.1921 
vt -0.338632 -0.177842 
vt -0.352585 -0.177842 
vt -0.338632 -0.1921 
vt -0.346327 -0.1921 
vt -0.346327 -0.177842 
vt -0.332458 -0.120737 
vt -0.342595 -0.122484 
vt -0.333896 -0.124744 
vt -0.337355 -0.126765 
vt -0.342218 -0.124402 
vt -0.340437 -0.126422 
vt -0.33922 -0.107899 
vt -0.328315 -0.102244 
vt -0.337932 -0.090753 
vt -0.327378 -0.0860678 
vt -0.338967 -0.0772895 
vt -0.327921 -0.0751197 
vt -0.329449 -0.0721114 
vt -0.333444 -0.0701388 
vt -0.339757 -0.0729008 
vt -0.337981 -0.0704349 
vt -0.328487 -0.319222 
vt -0.313816 -0.310632 
vt -0.334951 -0.311614 
vt -0.320793 -0.320081 
vt -0.314534 -0.315909 
vt -0.342425 -0.286212 
vt -0.32519 -0.2748 
vt -0.350316 -0.242771 
vt -0.33308 -0.236513 
vt -0.33528 -0.218965 
vt -0.352389 -0.209638 
vt -0.336607 -0.174296 
vt -0.353303 -0.174296 
vt -0.350858 -0.167236 
vt -0.339052 -0.167236 
vt -0.344955 -0.164312 
vt -0.332458 -0.120737 
vt -0.342595 -0.122484 
vt -0.333896 -0.124744 
vt -0.337355 -0.126765 
vt -0.342218 -0.124402 
vt -0.340437 -0.126422 
vt -0.33922 -0.107899 
vt -0.328315 -0.102244 
vt -0.337932 -0.090753 
vt -0.327378 -0.0860678 
vt -0.338967 -0.0772895 
vt -0.327921 -0.0751197 
vt -0.329449 -0.0721114 
vt -0.333444 -0.0701388 
vt -0.339757 -0.0729008 
vt -0.337981 -0.0704349 
vt -0.328487 -0.319222 
vt -0.313816 -0.310632 
vt -0.334951 -0.311614 
vt -0.320793 -0.320081 
vt -0.314534 -0.315909 
vt -0.342425 -0.286212 
vt -0.32519 -0.2748 
vt -0.350316 -0.242771 
vt -0.33308 -0.236513 
vt -0.33528 -0.218965 
vt -0.352389 -0.209638 
vt -0.336607 -0.174296 
vt -0.353303 -0.174296 
vt -0.350858 -0.167236 
vt -0.339052 -0.167236 
vt -0.344955 -0.164312 

usemtl Meshpart1Mtl

f 1/1/1 2/2/2 3/3/3 
f 2/2/2 4/4/4 3/3/3 
f 1/1/1 3/3/3 5/5/5 
f 2/2/2 6/6/6 4/4/4 
f 7/7/7 1/1/1 5/5/5 
f 6/6/6 2/2/2 8/8/8 
f 5/5/5 9/9/9 7/7/7 
f 8/8/8 10/10/10 6/6/6 
f 9/9/9 5/5/5 11/11/11 
f 10/10/10 8/8/8 12/12/12 
f 11/11/11 13/13/13 9/9/9 
f 12/12/12 14/14/14 10/10/10 
f 13/13/13 11/11/11 15/15/15 
f 16/16/16 14/14/14 12/12/12 
f 19/19/19 20/20/20 21/21/21 
f 20/20/20 22/22/22 21/21/21 
f 19/19/19 21/21/21 23/23/23 
f 20/20/20 24/24/24 22/22/22 
f 25/25/25 19/19/19 23/23/23 
f 24/24/24 20/20/20 26/26/26 
f 23/23/23 27/27/27 25/25/25 
f 26/26/26 28/28/28 24/24/24 
f 27/27/27 23/23/23 29/29/29 
f 30/30/30 28/28/28 26/26/26 
f 29/29/29 31/31/31 27/27/27 
f 30/30/30 32/32/32 28/28/28 
f 31/31/31 29/29/29 33/33/33 
f 32/32/32 30/30/30 34/34/34 
f 40/40/40 39/39/39 37/37/37 
f 39/39/39 40/40/40 41/41/41 
f 40/40/40 42/42/42 41/41/41 
f 43/43/43 41/41/41 42/42/42 
f 42/42/42 44/44/44 43/43/43 
f 45/45/45 43/43/43 44/44/44 
f 44/44/44 46/46/46 45/45/45 
f 47/47/47 45/45/45 46/46/46 
f 46/46/46 48/48/48 47/47/47 
f 49/49/49 47/47/47 48/48/48 
f 49/49/49 48/48/48 50/50/50 
f 50/50/50 51/51/51 49/49/49 
f 55/55/55 54/54/54 52/52/52 
f 54/54/54 55/55/55 56/56/56 
f 55/55/55 57/57/57 56/56/56 
f 58/58/58 56/56/56 57/57/57 
f 57/57/57 59/59/59 58/58/58 
f 60/60/60 58/58/58 59/59/59 
f 59/59/59 61/61/61 60/60/60 
f 62/62/62 60/60/60 61/61/61 
f 61/61/61 63/63/63 62/62/62 
f 64/64/64 62/62/62 63/63/63 
f 64/64/64 63/63/63 65/65/65 
f 65/65/65 66/66/66 64/64/64 
f 68/68/68 69/69/69 67/67/67 
f 70/70/70 69/69/69 68/68/68 
f 70/70/70 71/71/71 69/69/69 
f 71/71/71 70/70/70 72/72/72 
f 76/76/76 77/77/77 75/75/75 
f 77/77/77 76/76/76 78/78/78 
f 78/78/78 79/79/79 77/77/77 
f 80/80/80 79/79/79 78/78/78 
f 83/83/83 84/84/84 85/85/85 
f 86/86/86 85/85/85 84/84/84 
f 84/84/84 83/83/83 87/87/87 
f 85/85/85 86/86/86 88/88/88 
f 90/90/90 91/91/91 92/92/92 
f 93/93/93 92/92/92 91/91/91 
f 91/91/91 90/90/90 94/94/94 
f 92/92/92 93/93/93 95/95/95 
f 96/96/96 97/97/97 98/98/98 
f 98/98/98 97/97/97 99/99/99 
f 97/97/97 96/96/96 100/100/100 
f 99/99/99 101/101/101 98/98/98 
f 101/101/101 99/99/99 102/102/102 
f 101/101/101 102/102/102 103/103/103 
f 103/103/103 104/104/104 101/101/101 
f 104/104/104 103/103/103 105/105/105 
f 106/106/106 100/100/100 96/96/96 
f 100/100/100 106/106/106 107/107/107 
f 107/107/107 106/106/106 108/108/108 
f 108/108/108 106/106/106 109/109/109 
f 109/109/109 106/106/106 110/110/110 
f 109/109/109 110/110/110 111/111/111 
f 112/112/112 113/113/113 114/114/114 
f 115/115/115 114/114/114 113/113/113 
f 112/112/112 116/116/116 113/113/113 
f 117/117/117 114/114/114 115/115/115 
f 118/118/118 116/116/116 112/112/112 
f 114/114/114 117/117/117 119/119/119 
f 120/120/120 116/116/116 118/118/118 
f 116/116/116 120/120/120 121/121/121 
f 121/121/121 120/120/120 122/122/122 
f 123/123/123 119/119/119 117/117/117 
f 123/123/123 124/124/124 119/119/119 
f 124/124/124 123/123/123 125/125/125 
f 125/125/125 123/123/123 126/126/126 
f 126/126/126 123/123/123 127/127/127 
f 128/128/128 129/129/129 130/130/130 
f 130/130/130 129/129/129 131/131/131 
f 129/129/129 128/128/128 132/132/132 
f 131/131/131 133/133/133 130/130/130 
f 133/133/133 131/131/131 134/134/134 
f 133/133/133 134/134/134 135/135/135 
f 135/135/135 136/136/136 133/133/133 
f 136/136/136 135/135/135 137/137/137 
f 138/138/138 132/132/132 128/128/128 
f 132/132/132 138/138/138 139/139/139 
f 139/139/139 138/138/138 140/140/140 
f 140/140/140 138/138/138 141/141/141 
f 141/141/141 138/138/138 142/142/142 
f 141/141/141 142/142/142 143/143/143 
f 144/144/144 145/145/145 146/146/146 
f 147/147/147 146/146/146 145/145/145 
f 144/144/144 148/148/148 145/145/145 
f 149/149/149 146/146/146 147/147/147 
f 150/150/150 148/148/148 144/144/144 
f 146/146/146 149/149/149 151/151/151 
f 152/152/152 148/148/148 150/150/150 
f 148/148/148 152/152/152 153/153/153 
f 153/153/153 152/152/152 154/154/154 
f 155/155/155 151/151/151 149/149/149 
f 155/155/155 156/156/156 151/151/151 
f 156/156/156 155/155/155 157/157/157 
f 157/157/157 155/155/155 158/158/158 
f 158/158/158 155/155/155 159/159/159 
f 161/161/161 163/163/163 165/165/165 
f 164/164/164 166/166/166 162/162/162 
f 165/165/165 163/163/163 167/167/167 
f 166/166/166 164/164/164 168/168/168 
f 165/165/165 167/167/167 169/169/169 
f 168/168/168 170/170/170 166/166/166 
f 169/169/169 167/167/167 171/171/171 
f 170/170/170 168/168/168 172/172/172 
f 171/171/171 172/172/172 169/169/169 
f 172/172/172 171/171/171 170/170/170 
f 174/174/174 176/176/176 178/178/178 
f 177/177/177 179/179/179 175/175/175 
f 178/178/178 176/176/176 180/180/180 
f 181/181/181 179/179/179 177/177/177 
f 178/178/178 180/180/180 182/182/182 
f 181/181/181 183/183/183 179/179/179 
f 182/182/182 180/180/180 184/184/184 
f 183/183/183 181/181/181 185/185/185 
f 184/184/184 185/185/185 182/182/182 
f 185/185/185 184/184/184 183/183/183 
f 189/189/189 187/187/187 186/186/186 
f 187/187/187 189/189/189 191/191/191 
f 192/192/192 191/191/191 189/189/189 
f 191/191/191 192/192/192 193/193/193 
f 192/192/192 194/194/194 193/193/193 
f 192/192/192 195/195/195 194/194/194 
f 195/195/195 196/196/196 194/194/194 
f 197/197/197 194/194/194 196/196/196 
f 196/196/196 198/198/198 197/197/197 
f 199/199/199 197/197/197 198/198/198 
f 199/199/199 198/198/198 201/201/201 
f 201/201/201 203/203/203 199/199/199 
f 207/207/207 205/205/205 204/204/204 
f 205/205/205 207/207/207 209/209/209 
f 210/210/210 209/209/209 207/207/207 
f 209/209/209 210/210/210 211/211/211 
f 210/210/210 212/212/212 211/211/211 
f 210/210/210 213/213/213 212/212/212 
f 213/213/213 214/214/214 212/212/212 
f 215/215/215 212/212/212 214/214/214 
f 214/214/214 216/216/216 215/215/215 
f 217/217/217 215/215/215 216/216/216 
f 217/217/217 216/216/216 219/219/219 
f 219/219/219 221/221/221 217/217/217 
f 223/223/223 224/224/224 226/226/226 
f 226/226/226 224/224/224 227/227/227 
f 227/227/227 228/228/228 226/226/226 
f 228/228/228 227/227/227 229/229/229 
f 233/233/233 234/234/234 236/236/236 
f 236/236/236 234/234/234 237/237/237 
f 237/237/237 238/238/238 236/236/236 
f 238/238/238 237/237/237 239/239/239 
f 245/245/245 243/243/243 247/247/247 
f 246/246/246 244/244/244 248/248/248 
f 247/247/247 248/248/248 245/245/245 
f 248/248/248 247/247/247 246/246/246 
f 252/252/252 250/250/250 254/254/254 
f 253/253/253 251/251/251 255/255/255 
f 254/254/254 255/255/255 252/252/252 
f 255/255/255 254/254/254 253/253/253 
f 256/256/256 257/257/257 258/258/258 
f 258/258/258 257/257/257 259/259/259 
f 259/259/259 257/257/257 260/260/260 
f 259/259/259 260/260/260 261/261/261 
f 257/257/257 256/256/256 262/262/262 
f 263/263/263 262/262/262 256/256/256 
f 262/262/262 263/263/263 264/264/264 
f 265/265/265 264/264/264 263/263/263 
f 265/265/265 266/266/266 264/264/264 
f 266/266/266 265/265/265 267/267/267 
f 266/266/266 267/267/267 268/268/268 
f 266/266/266 268/268/268 269/269/269 
f 269/269/269 270/270/270 266/266/266 
f 270/270/270 269/269/269 271/271/271 
f 272/272/272 273/273/273 274/274/274 
f 273/273/273 272/272/272 275/275/275 
f 273/273/273 275/275/275 276/276/276 
f 273/273/273 277/277/277 274/274/274 
f 278/278/278 277/277/277 273/273/273 
f 277/277/277 278/278/278 279/279/279 
f 280/280/280 279/279/279 278/278/278 
f 281/281/281 279/279/279 280/280/280 
f 279/279/279 281/281/281 282/282/282 
f 283/283/283 282/282/282 281/281/281 
f 283/283/283 284/284/284 282/282/282 
f 283/283/283 285/285/285 284/284/284 
f 285/285/285 283/283/283 286/286/286 
f 285/285/285 286/286/286 287/287/287 
f 288/288/288 289/289/289 290/290/290 
f 290/290/290 289/289/289 291/291/291 
f 291/291/291 289/289/289 292/292/292 
f 291/291/291 292/292/292 293/293/293 
f 289/289/289 288/288/288 294/294/294 
f 295/295/295 294/294/294 288/288/288 
f 294/294/294 295/295/295 296/296/296 
f 297/297/297 296/296/296 295/295/295 
f 297/297/297 298/298/298 296/296/296 
f 298/298/298 297/297/297 299/299/299 
f 298/298/298 299/299/299 300/300/300 
f 298/298/298 300/300/300 301/301/301 
f 301/301/301 302/302/302 298/298/298 
f 302/302/302 301/301/301 303/303/303 
f 304/304/304 305/305/305 306/306/306 
f 305/305/305 304/304/304 307/307/307 
f 305/305/305 307/307/307 308/308/308 
f 305/305/305 309/309/309 306/306/306 
f 310/310/310 309/309/309 305/305/305 
f 309/309/309 310/310/310 311/311/311 
f 312/312/312 311/311/311 310/310/310 
f 313/313/313 311/311/311 312/312/312 
f 311/311/311 313/313/313 314/314/314 
f 315/315/315 314/314/314 313/313/313 
f 315/315/315 316/316/316 314/314/314 
f 315/315/315 317/317/317 316/316/316 
f 317/317/317 315/315/315 318/318/318 
f 317/317/317 318/318/318 319/319/319 

g Meshpart2

v 5.12651 2.85802 -191.607 
v 5.10078 2.84736 -191.607 
v 5.10078 2.84736 -191.343 
v 5.09012 2.82163 -191.607 
v 5.09012 2.82163 -191.343 
v 5.10078 2.7959 -191.607 
v 5.10078 2.7959 -191.343 
v 5.12651 2.78525 -191.607 
v 5.4706 0.338246 -191.607 
v 5.4706 0.338246 -191.343 
v 5.45994 0.312513 -191.607 
v 5.45994 0.312513 -191.343 
v 5.52206 0.286784 -191.343 
v 5.4706 0.286784 -191.607 
v 5.4706 0.286784 -191.343 
v 5.15224 2.84736 -191.343 
v 5.12651 2.85802 -191.607 
v 5.12651 2.85802 -191.343 
v 5.10078 2.84736 -191.607 
v 5.15224 2.84736 -191.607 
v 5.10078 2.84736 -191.343 
v 5.1629 2.82163 -191.343 
v 5.09012 2.82163 -191.607 
v 5.1629 2.82163 -191.607 
v 5.09012 2.82163 -191.343 
v 5.52206 0.338246 -191.343 
v 5.49633 0.348905 -191.607 
v 5.49633 0.348905 -191.343 
v 5.4706 0.338246 -191.607 
v 5.52206 0.338246 -191.607 
v 5.4706 0.338246 -191.343 
v 5.15224 2.7959 -191.607 
v 5.15224 2.84736 -191.607 
v 5.1629 2.82163 -191.607 
v 5.10078 2.7959 -191.607 
v 5.12651 2.78525 -191.607 
v 5.10078 2.84736 -191.607 
v 5.12651 2.85802 -191.607 
v 5.09012 2.82163 -191.607 
v 5.4706 0.286784 -191.607 
v 5.53272 0.312513 -191.607 
v 5.52206 0.286784 -191.607 
v 5.49633 0.276125 -191.607 
v 5.45994 0.312513 -191.607 
v 5.52206 0.338246 -191.607 
v 5.4706 0.338246 -191.607 
v 5.49633 0.348905 -191.607 
v 5.15224 2.84736 -191.343 
v 5.12651 2.85802 -191.607 
v 5.15224 2.84736 -191.607 
v 5.1629 2.82163 -191.343 
v 5.1629 2.82163 -191.607 
v 5.09012 2.82163 -191.343 
v 5.15224 2.7959 -191.343 
v 5.15224 2.7959 -191.607 
v 5.12651 2.78525 -191.607 
v 5.52206 0.338246 -191.343 
v 5.52206 0.338246 -191.607 
v 5.4706 0.338246 -191.343 
v 5.53272 0.312513 -191.343 
v 5.53272 0.312513 -191.607 
v 5.52206 0.286784 -191.343 
v 5.4706 0.286784 -191.607 
v 5.52206 0.286784 -191.607 
v 5.1629 2.82163 -191.343 
v 5.09012 2.82163 -191.607 
v 5.1629 2.82163 -191.607 
v 5.09012 2.82163 -191.343 
v 5.15224 2.7959 -191.343 
v 5.10078 2.7959 -191.607 
v 5.15224 2.7959 -191.607 
v 5.10078 2.7959 -191.343 
v 5.12651 2.78525 -191.343 
v 5.12651 2.78525 -191.607 
v 5.52206 0.286784 -191.343 
v 5.4706 0.286784 -191.607 
v 5.52206 0.286784 -191.607 
v 5.4706 0.286784 -191.343 
v 5.49633 0.276125 -191.343 
v 5.49633 0.276125 -191.607 
v 5.10078 2.7959 -191.343 
v 5.15224 2.84736 -191.343 
v 5.10078 2.84736 -191.343 
v 5.12651 2.85802 -191.343 
v 5.09012 2.82163 -191.343 
v 5.15224 2.7959 -191.343 
v 5.1629 2.82163 -191.343 
v 5.12651 2.78525 -191.343 
v 5.45994 0.312513 -191.343 
v 5.52206 0.338246 -191.343 
v 5.4706 0.338246 -191.343 
v 5.49633 0.348905 -191.343 
v 5.53272 0.312513 -191.343 
v 5.52206 0.286784 -191.343 
v 5.4706 0.286784 -191.343 
v 5.49633 0.276125 -191.343 

vn 0 1 0 
vn -0.708661 0.708661 0 
vn -0.708661 0.708661 0 
vn -1 0 0 
vn -1 0 0 
vn -0.708661 -0.708661 0 
vn -0.708661 -0.708661 0 
vn 0 -1 0 
vn -0.708661 0.708661 0 
vn -0.708661 0.708661 0 
vn -1 0 0 
vn -1 0 0 
vn 0.708661 -0.708661 0 
vn -0.708661 -0.708661 0 
vn -0.708661 -0.708661 0 
vn 0.708661 0.708661 0 
vn 0 1 0 
vn 0 1 0 
vn -0.708661 0.708661 0 
vn 0.708661 0.708661 0 
vn -0.708661 0.708661 0 
vn 1 0 0 
vn -1 0 0 
vn 1 0 0 
vn -1 0 0 
vn 0.708661 0.708661 0 
vn 0 1 0 
vn 0 1 0 
vn -0.708661 0.708661 0 
vn 0.708661 0.708661 0 
vn -0.708661 0.708661 0 
vn 0 0 -1 
vn 0 0 -1 
vn 0 0 -1 
vn 0 0 -1 
vn 0 0 -1 
vn 0 0 -1 
vn 0 0 -1 
vn 0 0 -1 
vn 0 0 -1 
vn 0 0 -1 
vn 0 0 -1 
vn 0 0 -1 
vn 0 0 -1 
vn 0 0 -1 
vn 0 0 -1 
vn 0 0 -1 
vn 0.708661 0.708661 0 
vn 0 1 0 
vn 0.708661 0.708661 0 
vn 1 0 0 
vn 1 0 0 
vn -1 0 0 
vn 0.708661 -0.708661 0 
vn 0.708661 -0.708661 0 
vn 0 -1 0 
vn 0.708661 0.708661 0 
vn 0.708661 0.708661 0 
vn -0.708661 0.708661 0 
vn 1 0 0 
vn 1 0 0 
vn 0.708661 -0.708661 0 
vn -0.708661 -0.708661 0 
vn 0.708661 -0.708661 0 
vn 1 0 0 
vn -1 0 0 
vn 1 0 0 
vn -1 0 0 
vn 0.708661 -0.708661 0 
vn -0.708661 -0.708661 0 
vn 0.708661 -0.708661 0 
vn -0.708661 -0.708661 0 
vn 0 -1 0 
vn 0 -1 0 
vn 0.708661 -0.708661 0 
vn -0.708661 -0.708661 0 
vn 0.708661 -0.708661 0 
vn -0.708661 -0.708661 0 
vn 0 -1 0 
vn 0 -1 0 
vn 0 0 1 
vn 0 0 1 
vn 0 0 1 
vn 0 0 1 
vn 0 0 1 
vn 0 0 1 
vn 0 0 1 
vn 0 0 1 
vn 0 0 1 
vn 0 0 1 
vn 0 0 1 
vn 0 0 1 
vn 0 0 1 
vn 0 0 1 
vn 0 0 1 
vn 0 0 1 

vt 1.30447 1.89906 
vt 1.30447 1.89772 
vt 1.33747 1.89772 
vt 1.30447 1.89451 
vt 1.33747 1.89451 
vt 1.30447 1.89129 
vt 1.33747 1.89129 
vt 1.30447 1.88996 
vt 1.30447 1.58408 
vt 1.33747 1.58408 
vt 1.30447 1.58087 
vt 1.33747 1.58087 
vt 1.33747 1.57765 
vt 1.30447 1.57765 
vt 1.33747 1.57765 
vt 1.30107 1.72119 
vt 1.29786 1.75419 
vt 1.29786 1.72119 
vt 1.29464 1.75419 
vt 1.30107 1.75419 
vt 1.29464 1.72119 
vt 1.30241 1.72119 
vt 1.29331 1.75419 
vt 1.30241 1.75419 
vt 1.29331 1.72119 
vt 1.3473 1.72119 
vt 1.34409 1.75419 
vt 1.34409 1.72119 
vt 1.34087 1.75419 
vt 1.3473 1.75419 
vt 1.34087 1.72119 
vt 1.34087 1.89129 
vt 1.34087 1.89772 
vt 1.33954 1.89451 
vt 1.3473 1.89129 
vt 1.34409 1.88996 
vt 1.3473 1.89772 
vt 1.34409 1.89906 
vt 1.34863 1.89451 
vt 1.30107 1.57765 
vt 1.29331 1.58087 
vt 1.29464 1.57765 
vt 1.29786 1.57632 
vt 1.30241 1.58087 
vt 1.29464 1.58408 
vt 1.30107 1.58408 
vt 1.29786 1.58542 
vt 1.30447 1.89772 
vt 1.33747 1.89906 
vt 1.33747 1.89772 
vt 1.30447 1.89451 
vt 1.33747 1.89451 
vt 1.30447 1.89451 
vt 1.30447 1.89129 
vt 1.33747 1.89129 
vt 1.33747 1.88996 
vt 1.30447 1.58408 
vt 1.33747 1.58408 
vt 1.30447 1.58408 
vt 1.30447 1.58087 
vt 1.33747 1.58087 
vt 1.30447 1.57765 
vt 1.33747 1.57765 
vt 1.33747 1.57765 
vt 1.33954 1.72119 
vt 1.34863 1.75419 
vt 1.33954 1.75419 
vt 1.34863 1.72119 
vt 1.34087 1.72119 
vt 1.3473 1.75419 
vt 1.34087 1.75419 
vt 1.3473 1.72119 
vt 1.34409 1.72119 
vt 1.34409 1.75419 
vt 1.29464 1.72119 
vt 1.30107 1.75419 
vt 1.29464 1.75419 
vt 1.30107 1.72119 
vt 1.29786 1.72119 
vt 1.29786 1.75419 
vt 1.29464 1.89129 
vt 1.30107 1.89772 
vt 1.29464 1.89772 
vt 1.29786 1.89906 
vt 1.29331 1.89451 
vt 1.30107 1.89129 
vt 1.30241 1.89451 
vt 1.29786 1.88996 
vt 1.33954 1.58087 
vt 1.3473 1.58408 
vt 1.34087 1.58408 
vt 1.34409 1.58542 
vt 1.34863 1.58087 
vt 1.3473 1.57765 
vt 1.34087 1.57765 
vt 1.34409 1.57632 

usemtl Meshpart2Mtl

f 323/323/323 322/322/322 321/321/321 
f 322/322/322 323/323/323 324/324/324 
f 325/325/325 324/324/324 323/323/323 
f 324/324/324 325/325/325 326/326/326 
f 330/330/330 329/329/329 328/328/328 
f 329/329/329 330/330/330 331/331/331 
f 333/333/333 331/331/331 330/330/330 
f 331/331/331 333/333/333 334/334/334 
f 335/335/335 336/336/336 337/337/337 
f 338/338/338 337/337/337 336/336/336 
f 336/336/336 335/335/335 339/339/339 
f 337/337/337 338/338/338 340/340/340 
f 345/345/345 346/346/346 347/347/347 
f 348/348/348 347/347/347 346/346/346 
f 346/346/346 345/345/345 349/349/349 
f 347/347/347 348/348/348 350/350/350 
f 351/351/351 352/352/352 353/353/353 
f 352/352/352 351/351/351 354/354/354 
f 354/354/354 351/351/351 355/355/355 
f 354/354/354 356/356/356 352/352/352 
f 352/352/352 356/356/356 357/357/357 
f 356/356/356 354/354/354 358/358/358 
f 359/359/359 360/360/360 361/361/361 
f 359/359/359 361/361/361 362/362/362 
f 363/363/363 360/360/360 359/359/359 
f 360/360/360 363/363/363 364/364/364 
f 365/365/365 364/364/364 363/363/363 
f 364/364/364 365/365/365 366/366/366 
f 370/370/370 369/369/369 367/367/367 
f 369/369/369 370/370/370 371/371/371 
f 373/373/373 371/371/371 370/370/370 
f 371/371/371 373/373/373 374/374/374 
f 379/379/379 377/377/377 376/376/376 
f 377/377/377 379/379/379 380/380/380 
f 381/381/381 380/380/380 379/379/379 
f 380/380/380 381/381/381 383/383/383 
f 392/392/392 390/390/390 388/388/388 
f 393/393/393 391/391/391 389/389/389 
f 390/390/390 392/392/392 393/393/393 
f 391/391/391 393/393/393 392/392/392 
f 398/398/398 396/396/396 394/394/394 
f 399/399/399 397/397/397 395/395/395 
f 396/396/396 398/398/398 399/399/399 
f 397/397/397 399/399/399 398/398/398 
f 400/400/400 401/401/401 402/402/402 
f 402/402/402 401/401/401 403/403/403 
f 400/400/400 402/402/402 404/404/404 
f 400/400/400 405/405/405 401/401/401 
f 401/401/401 405/405/405 406/406/406 
f 405/405/405 400/400/400 407/407/407 
f 408/408/408 409/409/409 410/410/410 
f 410/410/410 409/409/409 411/411/411 
f 408/408/408 412/412/412 409/409/409 
f 412/412/412 408/408/408 413/413/413 
f 413/413/413 408/408/408 414/414/414 
f 413/413/413 414/414/414 415/415/415 

g Meshpart3

v 5.18828 2.44298 -191.6 
v 5.12727 2.96976 -191.6 
v 5.04793 2.17949 -191.6 
v 5.15883 1.67528 -191.6 
v 5.22782 0.645872 -191.6 
v 5.28752 0.299725 -191.6 
v 5.09757 2.25688 -191.6 
v 5.09757 2.25688 -191.507 
v 5.06294 2.27122 -191.507 
v 5.11192 2.22225 -191.507 
v 5.11192 2.22225 -191.6 
v 5.10434 2.20395 -191.6 
v 5.10379 2.20263 -191.507 
v 5.09757 2.18762 -191.6 
v 5.09757 2.18762 -191.507 
v 5.06294 2.17327 -191.507 
v 5.07983 2.02794 -191.443 
v 5.07983 2.02794 -191.35 
v 5.09417 2.06257 -191.443 
v 5.09417 2.06257 -191.35 
v 5.07983 2.0972 -191.443 
v 5.07983 2.0972 -191.35 
v 5.18828 2.44298 -191.443 
v 5.12727 2.96976 -191.443 
v 5.04793 2.17949 -191.443 
v 5.19908 1.34542 -191.443 
v 5.22782 0.645872 -191.443 
v 5.28752 0.299725 -191.443 
v 5.36214 0.567281 -191.6 
v 5.36214 0.567284 -191.507 
v 5.32751 0.581626 -191.507 
v 5.37648 0.532651 -191.507 
v 5.37648 0.532651 -191.6 
v 5.36214 0.49802 -191.507 
v 5.36214 0.49802 -191.6 
v 5.32751 0.483675 -191.507 
v 5.32751 0.483675 -191.6 
v 5.29708 0.715132 -191.6 
v 5.29708 0.715136 -191.507 
v 5.30824 0.6882 -191.507 
v 5.30824 0.6882 -191.6 
v 5.31143 0.680505 -191.507 
v 5.31143 0.680502 -191.6 
v 5.29708 0.645872 -191.507 
v 5.29708 0.645872 -191.6 
v 5.01997 2.92531 -191.443 
v 5.01997 2.92531 -191.35 
v 4.97552 2.81801 -191.35 
v 4.97552 2.81801 -191.443 
v 5.01997 2.7107 -191.443 
v 5.01997 2.7107 -191.35 
v 5.04451 2.6158 -191.443 
v 5.04451 2.6158 -191.35 
v 5.03665 2.41946 -191.443 
v 5.03665 2.41946 -191.35 
v 4.99837 2.28104 -191.35 
v 4.99837 2.28104 -191.443 
v 4.96008 2.22214 -191.35 
v 4.96008 2.22214 -191.443 
v 4.93161 1.86774 -191.443 
v 4.93161 1.86774 -191.35 
v 4.93456 1.57617 -191.443 
v 4.93456 1.57617 -191.35 
v 4.97164 1.24337 -191.443 
v 4.97164 1.24337 -191.35 
v 5.01709 1.00419 -191.443 
v 5.01709 1.00419 -191.35 
v 5.07447 0.811601 -191.443 
v 5.07447 0.811601 -191.35 
v 5.1898 0.504247 -191.443 
v 5.1898 0.504247 -191.35 
v 5.28752 0.299725 -191.443 
v 5.28752 0.299725 -191.35 
v 5.39017 0.158027 -191.35 
v 5.36024 0.188941 -191.443 
v 5.39017 0.158027 -191.443 
v 5.36024 0.188941 -191.35 
v 5.36214 0.567284 -191.443 
v 5.36214 0.567281 -191.35 
v 5.37648 0.532651 -191.443 
v 5.37648 0.532651 -191.35 
v 5.36214 0.49802 -191.35 
v 5.36214 0.49802 -191.443 
v 5.32751 0.483675 -191.443 
v 5.01997 2.92531 -191.6 
v 5.01997 2.92531 -191.507 
v 4.97552 2.81801 -191.6 
v 4.97552 2.81801 -191.507 
v 5.01997 2.7107 -191.6 
v 5.01997 2.7107 -191.507 
v 5.04451 2.6158 -191.6 
v 5.04451 2.6158 -191.507 
v 5.03665 2.41946 -191.6 
v 5.03665 2.41946 -191.507 
v 4.99837 2.28104 -191.6 
v 4.99837 2.28104 -191.507 
v 4.96008 2.22214 -191.6 
v 4.96008 2.22214 -191.507 
v 4.93161 1.86774 -191.6 
v 4.93161 1.86774 -191.507 
v 4.93456 1.57617 -191.6 
v 4.93456 1.57617 -191.507 
v 4.97164 1.24337 -191.6 
v 4.97164 1.24337 -191.507 
v 5.01709 1.00419 -191.6 
v 5.01709 1.00419 -191.507 
v 5.07447 0.811601 -191.6 
v 5.07447 0.811601 -191.507 
v 5.1898 0.504247 -191.6 
v 5.1898 0.504247 -191.507 
v 5.28752 0.299725 -191.6 
v 5.28752 0.299725 -191.507 
v 5.39017 0.158027 -191.507 
v 5.36024 0.188941 -191.6 
v 5.39017 0.158027 -191.6 
v 5.36024 0.188941 -191.507 
v 5.29708 0.715136 -191.443 
v 5.29708 0.715132 -191.35 
v 5.30824 0.6882 -191.443 
v 5.30824 0.6882 -191.35 
v 5.31143 0.680505 -191.443 
v 5.31143 0.680502 -191.35 
v 5.29708 0.645872 -191.443 
v 5.29708 0.645872 -191.35 
v 5.26245 0.631527 -191.443 
v 5.07983 2.02794 -191.6 
v 5.07983 2.02794 -191.507 
v 5.09417 2.06257 -191.6 
v 5.09417 2.06257 -191.507 
v 5.07983 2.0972 -191.6 
v 5.07983 2.0972 -191.507 
v 5.09757 2.25688 -191.443 
v 5.09757 2.25688 -191.35 
v 5.06294 2.27122 -191.35 
v 5.11192 2.22225 -191.35 
v 5.11192 2.22225 -191.443 
v 5.10434 2.20395 -191.443 
v 5.10379 2.20263 -191.35 
v 5.09757 2.18762 -191.443 
v 5.09757 2.18762 -191.35 
v 5.22782 0.645872 -191.6 
v 5.48182 0.492316 -191.6 
v 5.11192 2.22225 -191.6 
v 5.09757 2.18762 -191.6 
v 5.09757 2.18762 -191.507 
v 5.02831 2.18762 -191.507 
v 5.06294 2.17327 -191.507 
v 5.02831 2.18762 -191.6 
v 5.06294 2.17327 -191.6 
v 5.03728 2.1839 -191.507 
v 5.04793 2.17949 -191.6 
v 5.01057 2.02794 -191.35 
v 5.01057 2.02794 -191.443 
v 5.0452 2.01359 -191.443 
v 5.0452 2.01359 -191.35 
v 5.07983 2.02794 -191.443 
v 5.07983 2.02794 -191.35 
v 5.22782 0.645872 -191.443 
v 5.48182 0.492316 -191.443 
v 5.37648 0.532651 -191.6 
v 5.36214 0.49802 -191.507 
v 5.36214 0.49802 -191.6 
v 5.32751 0.483675 -191.507 
v 5.32751 0.483675 -191.6 
v 5.29288 0.49802 -191.507 
v 5.29288 0.49802 -191.6 
v 5.29708 0.645872 -191.507 
v 5.29708 0.645872 -191.6 
v 5.22782 0.645872 -191.507 
v 5.28226 0.639735 -191.507 
v 5.22782 0.645872 -191.6 
v 5.28207 0.639656 -191.6 
v 5.26245 0.631527 -191.6 
v 5.26245 0.631527 -191.507 
v 5.23457 2.92531 -191.443 
v 5.23457 2.92531 -191.35 
v 5.12727 2.96976 -191.443 
v 5.12727 2.96976 -191.35 
v 5.01997 2.92531 -191.443 
v 5.01997 2.92531 -191.35 
v 5.53976 0.403691 -191.35 
v 5.53976 0.403691 -191.443 
v 5.56533 0.378126 -191.35 
v 5.56533 0.378126 -191.443 
v 5.59374 0.367329 -191.35 
v 5.59374 0.367329 -191.443 
v 5.37648 0.532651 -191.443 
v 5.37648 0.532651 -191.35 
v 5.36214 0.49802 -191.35 
v 5.36214 0.49802 -191.443 
v 5.32751 0.483675 -191.35 
v 5.27853 0.532651 -191.443 
v 5.32751 0.483675 -191.443 
v 5.29288 0.49802 -191.35 
v 5.29288 0.49802 -191.443 
v 5.27902 2.81801 -191.6 
v 5.27902 2.81801 -191.507 
v 5.23457 2.92531 -191.507 
v 5.23457 2.92531 -191.6 
v 5.12727 2.96976 -191.6 
v 5.12727 2.96976 -191.507 
v 5.01997 2.92531 -191.6 
v 5.01997 2.92531 -191.507 
v 4.97552 2.81801 -191.507 
v 5.53976 0.403691 -191.507 
v 5.53976 0.403691 -191.6 
v 5.56533 0.378126 -191.507 
v 5.56533 0.378126 -191.6 
v 5.59374 0.367329 -191.507 
v 5.59374 0.367329 -191.6 
v 5.22782 0.715132 -191.35 
v 5.31143 0.680502 -191.35 
v 5.29708 0.645872 -191.443 
v 5.29708 0.645872 -191.35 
v 5.22782 0.645872 -191.443 
v 5.28226 0.639735 -191.35 
v 5.22782 0.645872 -191.35 
v 5.28207 0.639656 -191.443 
v 5.26245 0.631527 -191.443 
v 5.26245 0.631527 -191.35 
v 5.01057 2.02794 -191.507 
v 5.01057 2.02794 -191.6 
v 5.0452 2.01359 -191.6 
v 5.0452 2.01359 -191.507 
v 5.07983 2.02794 -191.6 
v 5.07983 2.02794 -191.507 
v 5.09757 2.18762 -191.443 
v 5.09757 2.18762 -191.35 
v 5.02831 2.18762 -191.35 
v 5.06294 2.17327 -191.35 
v 5.02831 2.18762 -191.443 
v 5.06294 2.17327 -191.443 
v 5.03728 2.1839 -191.35 
v 5.04793 2.17949 -191.443 
v 5.18828 2.44298 -191.6 
v 5.09757 2.25688 -191.6 
v 5.03665 2.41946 -191.6 
v 5.06294 2.27122 -191.6 
v 4.99837 2.28104 -191.6 
v 5.02831 2.25688 -191.6 
v 5.01397 2.22225 -191.6 
v 5.04451 2.6158 -191.6 
v 4.96008 2.22214 -191.6 
v 5.20628 2.66304 -191.6 
v 5.01997 2.7107 -191.6 
v 5.15687 2.17792 -191.6 
v 5.02831 2.18762 -191.6 
v 5.11192 2.22225 -191.6 
v 5.21985 2.7107 -191.6 
v 5.10434 2.20395 -191.6 
v 5.09757 2.18762 -191.6 
v 4.97552 2.81801 -191.6 
v 5.01997 2.92531 -191.6 
v 5.12727 2.96976 -191.6 
v 5.23457 2.92531 -191.6 
v 5.27902 2.81801 -191.6 
v 5.07983 2.0972 -191.6 
v 5.06294 2.17327 -191.6 
v 5.09417 2.06257 -191.6 
v 5.06021 2.10533 -191.6 
v 5.0452 2.11154 -191.6 
v 5.04793 2.17949 -191.6 
v 5.01057 2.0972 -191.6 
v 4.99622 2.06257 -191.6 
v 5.14705 1.90991 -191.6 
v 5.07983 2.02794 -191.6 
v 5.0452 2.01359 -191.6 
v 4.93161 1.86774 -191.6 
v 5.01057 2.02794 -191.6 
v 5.15883 1.67528 -191.6 
v 4.93456 1.57617 -191.6 
v 5.19908 1.34542 -191.6 
v 4.97164 1.24337 -191.6 
v 5.27271 1.02931 -191.6 
v 5.01709 1.00419 -191.6 
v 5.07447 0.811601 -191.6 
v 5.26245 0.729477 -191.6 
v 5.22782 0.715132 -191.6 
v 5.21348 0.680502 -191.6 
v 5.36696 0.754435 -191.6 
v 5.1898 0.504247 -191.6 
v 5.29708 0.715132 -191.6 
v 5.30824 0.6882 -191.6 
v 5.22782 0.645872 -191.6 
v 5.31143 0.680502 -191.6 
v 5.27853 0.532651 -191.6 
v 5.26245 0.631527 -191.6 
v 5.29288 0.49802 -191.6 
v 5.29288 0.567281 -191.6 
v 5.28207 0.639656 -191.6 
v 5.30672 0.573014 -191.6 
v 5.29708 0.645872 -191.6 
v 5.32751 0.581626 -191.6 
v 5.36214 0.567281 -191.6 
v 5.48182 0.492316 -191.6 
v 5.37648 0.532651 -191.6 
v 5.36214 0.49802 -191.6 
v 5.53976 0.403691 -191.6 
v 5.28752 0.299725 -191.6 
v 5.32751 0.483675 -191.6 
v 5.36024 0.188941 -191.6 
v 5.58862 0.296883 -191.6 
v 5.56533 0.378126 -191.6 
v 5.43505 0.156644 -191.6 
v 5.39017 0.158027 -191.6 
v 5.59998 0.341764 -191.6 
v 5.59374 0.367329 -191.6 
v 5.18828 2.44298 -191.443 
v 5.09757 2.25688 -191.443 
v 5.03665 2.41946 -191.443 
v 5.06294 2.27122 -191.443 
v 4.99837 2.28104 -191.443 
v 5.02831 2.25688 -191.443 
v 5.01397 2.22225 -191.443 
v 5.04451 2.6158 -191.443 
v 4.96008 2.22214 -191.443 
v 5.20628 2.66304 -191.443 
v 5.01997 2.7107 -191.443 
v 5.15687 2.17792 -191.443 
v 5.02831 2.18762 -191.443 
v 5.11192 2.22225 -191.443 
v 5.21985 2.7107 -191.443 
v 5.10434 2.20395 -191.443 
v 5.09757 2.18762 -191.443 
v 4.97552 2.81801 -191.443 
v 5.01997 2.92531 -191.443 
v 5.12727 2.96976 -191.443 
v 5.23457 2.92531 -191.443 
v 5.27902 2.81801 -191.443 
v 5.07983 2.0972 -191.443 
v 5.06294 2.17327 -191.443 
v 5.09417 2.06257 -191.443 
v 5.06021 2.10533 -191.443 
v 5.0452 2.11154 -191.443 
v 5.04793 2.17949 -191.443 
v 5.01057 2.0972 -191.443 
v 4.99622 2.06257 -191.443 
v 5.14705 1.90991 -191.443 
v 5.07983 2.02794 -191.443 
v 5.0452 2.01359 -191.443 
v 4.93161 1.86774 -191.443 
v 5.01057 2.02794 -191.443 
v 5.15883 1.67528 -191.443 
v 4.93456 1.57617 -191.443 
v 5.19908 1.34542 -191.443 
v 4.97164 1.24337 -191.443 
v 5.27271 1.02931 -191.443 
v 5.01709 1.00419 -191.443 
v 5.07447 0.811601 -191.443 
v 5.26245 0.729477 -191.443 
v 5.22782 0.715136 -191.443 
v 5.21348 0.680505 -191.443 
v 5.36696 0.754435 -191.443 
v 5.1898 0.504247 -191.443 
v 5.29708 0.715136 -191.443 
v 5.30824 0.6882 -191.443 
v 5.22782 0.645872 -191.443 
v 5.31143 0.680505 -191.443 
v 5.27853 0.532651 -191.443 
v 5.26245 0.631527 -191.443 
v 5.29288 0.49802 -191.443 
v 5.29288 0.567284 -191.443 
v 5.28207 0.639656 -191.443 
v 5.30672 0.573014 -191.443 
v 5.29708 0.645872 -191.443 
v 5.32751 0.581626 -191.443 
v 5.36214 0.567284 -191.443 
v 5.48182 0.492316 -191.443 
v 5.37648 0.532651 -191.443 
v 5.36214 0.49802 -191.443 
v 5.53976 0.403691 -191.443 
v 5.28752 0.299725 -191.443 
v 5.32751 0.483675 -191.443 
v 5.36024 0.188941 -191.443 
v 5.58862 0.296883 -191.443 
v 5.56533 0.378126 -191.443 
v 5.43505 0.156644 -191.443 
v 5.39017 0.158027 -191.443 
v 5.59998 0.341764 -191.443 
v 5.59374 0.367329 -191.443 
v 5.18828 2.44298 -191.6 
v 5.12727 2.96976 -191.6 
v 5.04793 2.17949 -191.6 
v 4.97164 1.24337 -191.6 
v 5.48182 0.492316 -191.6 
v 5.43505 0.156644 -191.6 
v 5.06294 2.27122 -191.507 
v 5.02831 2.25688 -191.507 
v 5.02831 2.25688 -191.6 
v 5.01397 2.22225 -191.507 
v 5.01397 2.22225 -191.6 
v 5.02831 2.18762 -191.507 
v 5.06294 2.17327 -191.507 
v 5.02831 2.18762 -191.6 
v 5.0452 2.11154 -191.35 
v 5.0452 2.11154 -191.443 
v 5.01057 2.0972 -191.35 
v 5.01057 2.0972 -191.443 
v 4.99622 2.06257 -191.35 
v 4.99622 2.06257 -191.443 
v 5.01057 2.02794 -191.35 
v 5.01057 2.02794 -191.443 
v 5.07983 2.02794 -191.443 
v 5.07983 2.02794 -191.35 
v 5.18828 2.44298 -191.443 
v 5.12727 2.96976 -191.443 
v 5.04793 2.17949 -191.443 
v 4.93456 1.57617 -191.443 
v 5.48182 0.492316 -191.443 
v 5.58862 0.296883 -191.443 
v 5.32751 0.581626 -191.507 
v 5.32751 0.581626 -191.6 
v 5.29288 0.567281 -191.6 
v 5.32751 0.483675 -191.507 
v 5.29288 0.567284 -191.507 
v 5.27853 0.532651 -191.507 
v 5.29288 0.49802 -191.507 
v 5.27853 0.532651 -191.6 
v 5.29288 0.49802 -191.6 
v 5.22782 0.715136 -191.507 
v 5.22782 0.715132 -191.6 
v 5.21348 0.680505 -191.507 
v 5.21348 0.680502 -191.6 
v 5.22782 0.645872 -191.507 
v 5.22782 0.645872 -191.6 
v 5.26245 0.631527 -191.507 
v 5.21985 2.7107 -191.35 
v 5.27902 2.81801 -191.443 
v 5.27902 2.81801 -191.35 
v 5.23457 2.92531 -191.443 
v 5.21985 2.7107 -191.443 
v 5.23457 2.92531 -191.35 
v 5.20628 2.66304 -191.35 
v 5.20628 2.66304 -191.443 
v 5.18828 2.44298 -191.35 
v 5.18828 2.44298 -191.443 
v 5.15687 2.17792 -191.35 
v 5.15687 2.17792 -191.443 
v 5.14705 1.90991 -191.35 
v 5.14705 1.90991 -191.443 
v 5.15883 1.67528 -191.35 
v 5.15883 1.67528 -191.443 
v 5.19908 1.34542 -191.35 
v 5.19908 1.34542 -191.443 
v 5.27271 1.02931 -191.35 
v 5.27271 1.02931 -191.443 
v 5.36696 0.754435 -191.35 
v 5.36696 0.754435 -191.443 
v 5.48182 0.492316 -191.35 
v 5.48182 0.492316 -191.443 
v 5.53976 0.403691 -191.35 
v 5.53976 0.403691 -191.443 
v 5.59374 0.367329 -191.35 
v 5.59374 0.367329 -191.443 
v 5.59998 0.341764 -191.35 
v 5.59998 0.341764 -191.443 
v 5.58862 0.296883 -191.35 
v 5.58862 0.296883 -191.443 
v 5.32751 0.581626 -191.35 
v 5.29288 0.567284 -191.443 
v 5.29288 0.567281 -191.35 
v 5.27853 0.532651 -191.443 
v 5.32751 0.483675 -191.443 
v 5.27853 0.532651 -191.35 
v 5.29288 0.49802 -191.35 
v 5.29288 0.49802 -191.443 
v 5.21985 2.7107 -191.507 
v 5.27902 2.81801 -191.6 
v 5.27902 2.81801 -191.507 
v 5.23457 2.92531 -191.507 
v 5.21985 2.7107 -191.6 
v 5.23457 2.92531 -191.6 
v 5.20628 2.66304 -191.507 
v 5.20628 2.66304 -191.6 
v 5.18828 2.44298 -191.507 
v 5.18828 2.44298 -191.6 
v 5.15687 2.17792 -191.507 
v 5.15687 2.17792 -191.6 
v 5.14705 1.90991 -191.507 
v 5.14705 1.90991 -191.6 
v 5.15883 1.67528 -191.507 
v 5.15883 1.67528 -191.6 
v 5.19908 1.34542 -191.507 
v 5.19908 1.34542 -191.6 
v 5.27271 1.02931 -191.507 
v 5.27271 1.02931 -191.6 
v 5.36696 0.754435 -191.507 
v 5.36696 0.754435 -191.6 
v 5.48182 0.492316 -191.507 
v 5.48182 0.492316 -191.6 
v 5.53976 0.403691 -191.507 
v 5.53976 0.403691 -191.6 
v 5.59374 0.367329 -191.507 
v 5.59374 0.367329 -191.6 
v 5.59998 0.341764 -191.507 
v 5.59998 0.341764 -191.6 
v 5.58862 0.296883 -191.507 
v 5.58862 0.296883 -191.6 
v 5.22782 0.715132 -191.35 
v 5.22782 0.715136 -191.443 
v 5.21348 0.680505 -191.443 
v 5.21348 0.680502 -191.35 
v 5.22782 0.645872 -191.443 
v 5.22782 0.645872 -191.35 
v 5.26245 0.631527 -191.443 
v 5.0452 2.11154 -191.6 
v 5.01057 2.0972 -191.507 
v 5.01057 2.0972 -191.6 
v 4.99622 2.06257 -191.507 
v 4.99622 2.06257 -191.6 
v 5.01057 2.02794 -191.507 
v 5.01057 2.02794 -191.6 
v 5.07983 2.02794 -191.6 
v 5.07983 2.02794 -191.507 
v 5.02831 2.25688 -191.35 
v 5.02831 2.25688 -191.443 
v 5.01397 2.22225 -191.35 
v 5.01397 2.22225 -191.443 
v 5.02831 2.18762 -191.35 
v 5.06294 2.17327 -191.35 
v 5.02831 2.18762 -191.443 
v 5.22782 0.645872 -191.6 
v 5.48182 0.492316 -191.6 
v 5.28752 0.299725 -191.6 
v 5.43505 0.156644 -191.6 
v 5.09757 2.25688 -191.6 
v 5.09757 2.25688 -191.507 
v 5.06294 2.27122 -191.507 
v 5.06294 2.27122 -191.6 
v 5.11192 2.22225 -191.6 
v 5.02831 2.25688 -191.507 
v 5.02831 2.25688 -191.6 
v 5.0452 2.11154 -191.35 
v 5.06021 2.10533 -191.443 
v 5.07047 2.10108 -191.35 
v 5.07983 2.0972 -191.443 
v 5.07983 2.0972 -191.35 
v 5.0452 2.11154 -191.443 
v 5.01057 2.0972 -191.35 
v 5.01057 2.0972 -191.443 
v 5.22782 0.645872 -191.443 
v 5.48182 0.492316 -191.443 
v 5.28752 0.299725 -191.443 
v 5.58862 0.296883 -191.443 
v 5.36214 0.567281 -191.6 
v 5.36214 0.567284 -191.507 
v 5.32751 0.581626 -191.507 
v 5.37648 0.532651 -191.507 
v 5.32751 0.581626 -191.6 
v 5.37648 0.532651 -191.6 
v 5.30672 0.573014 -191.507 
v 5.30672 0.573014 -191.6 
v 5.29288 0.567281 -191.6 
v 5.29288 0.567284 -191.507 
v 5.29288 0.49802 -191.6 
v 5.29708 0.715132 -191.6 
v 5.29708 0.715136 -191.507 
v 5.26245 0.729477 -191.507 
v 5.26245 0.729477 -191.6 
v 5.22782 0.715136 -191.507 
v 5.22782 0.715132 -191.6 
v 5.29708 0.645872 -191.507 
v 5.29708 0.645872 -191.6 
v 5.22782 0.645872 -191.507 
v 5.58862 0.296883 -191.35 
v 5.58862 0.296883 -191.443 
v 5.43505 0.156644 -191.35 
v 5.43505 0.156644 -191.443 
v 5.28752 0.299725 -191.35 
v 5.39017 0.158027 -191.35 
v 5.39017 0.158027 -191.443 
v 5.36214 0.567284 -191.443 
v 5.36214 0.567281 -191.35 
v 5.32751 0.581626 -191.35 
v 5.32751 0.581626 -191.443 
v 5.37648 0.532651 -191.443 
v 5.30672 0.573014 -191.35 
v 5.37648 0.532651 -191.35 
v 5.30672 0.573014 -191.443 
v 5.29288 0.567284 -191.443 
v 5.29288 0.567281 -191.35 
v 5.27853 0.532651 -191.443 
v 5.29288 0.49802 -191.35 
v 5.58862 0.296883 -191.507 
v 5.58862 0.296883 -191.6 
v 5.43505 0.156644 -191.507 
v 5.43505 0.156644 -191.6 
v 5.28752 0.299725 -191.507 
v 5.39017 0.158027 -191.507 
v 5.39017 0.158027 -191.6 
v 5.29708 0.715136 -191.443 
v 5.29708 0.715132 -191.35 
v 5.26245 0.729477 -191.35 
v 5.26245 0.729477 -191.443 
v 5.22782 0.715132 -191.35 
v 5.22782 0.715136 -191.443 
v 5.31143 0.680502 -191.35 
v 5.26245 0.631527 -191.443 
v 5.0452 2.11154 -191.507 
v 5.06021 2.10533 -191.6 
v 5.07047 2.10108 -191.507 
v 5.07983 2.0972 -191.6 
v 5.07983 2.0972 -191.507 
v 5.0452 2.11154 -191.6 
v 5.01057 2.0972 -191.507 
v 5.01057 2.0972 -191.6 
v 5.09757 2.25688 -191.443 
v 5.09757 2.25688 -191.35 
v 5.06294 2.27122 -191.35 
v 5.06294 2.27122 -191.443 
v 5.11192 2.22225 -191.443 
v 5.02831 2.25688 -191.35 
v 5.02831 2.25688 -191.443 
v 4.99837 2.28104 -191.35 
v 5.01397 2.22225 -191.35 
v 5.02831 2.25688 -191.35 
v 5.06294 2.27122 -191.35 
v 5.03665 2.41946 -191.35 
v 4.96008 2.22214 -191.35 
v 5.09757 2.25688 -191.35 
v 5.02831 2.18762 -191.35 
v 5.18828 2.44298 -191.35 
v 5.04451 2.6158 -191.35 
v 5.20628 2.66304 -191.35 
v 5.01997 2.7107 -191.35 
v 5.15687 2.17792 -191.35 
v 5.21985 2.7107 -191.35 
v 5.11192 2.22225 -191.35 
v 4.97552 2.81801 -191.35 
v 5.01997 2.92531 -191.35 
v 5.12727 2.96976 -191.35 
v 5.23457 2.92531 -191.35 
v 5.27902 2.81801 -191.35 
v 5.10379 2.20263 -191.35 
v 5.09757 2.18762 -191.35 
v 5.07983 2.0972 -191.35 
v 5.06294 2.17327 -191.35 
v 5.09417 2.06257 -191.35 
v 5.07047 2.10108 -191.35 
v 5.0452 2.11154 -191.35 
v 5.03728 2.1839 -191.35 
v 5.01057 2.0972 -191.35 
v 4.99622 2.06257 -191.35 
v 5.14705 1.90991 -191.35 
v 5.07983 2.02794 -191.35 
v 5.0452 2.01359 -191.35 
v 4.93161 1.86774 -191.35 
v 5.01057 2.02794 -191.35 
v 5.15883 1.67528 -191.35 
v 4.93456 1.57617 -191.35 
v 5.19908 1.34542 -191.35 
v 4.97164 1.24337 -191.35 
v 5.27271 1.02931 -191.35 
v 5.01709 1.00419 -191.35 
v 5.07447 0.811601 -191.35 
v 5.26245 0.729477 -191.35 
v 5.22782 0.715132 -191.35 
v 5.21348 0.680502 -191.35 
v 5.36696 0.754435 -191.35 
v 5.1898 0.504247 -191.35 
v 5.29708 0.715132 -191.35 
v 5.30824 0.6882 -191.35 
v 5.22782 0.645872 -191.35 
v 5.31143 0.680502 -191.35 
v 5.27853 0.532651 -191.35 
v 5.26245 0.631527 -191.35 
v 5.29288 0.49802 -191.35 
v 5.29288 0.567281 -191.35 
v 5.28226 0.639735 -191.35 
v 5.30672 0.573014 -191.35 
v 5.29708 0.645872 -191.35 
v 5.32751 0.581626 -191.35 
v 5.36214 0.567281 -191.35 
v 5.48182 0.492316 -191.35 
v 5.37648 0.532651 -191.35 
v 5.36214 0.49802 -191.35 
v 5.53976 0.403691 -191.35 
v 5.28752 0.299725 -191.35 
v 5.32751 0.483675 -191.35 
v 5.36024 0.188941 -191.35 
v 5.58862 0.296883 -191.35 
v 5.56533 0.378126 -191.35 
v 5.43505 0.156644 -191.35 
v 5.39017 0.158027 -191.35 
v 5.59998 0.341764 -191.35 
v 5.59374 0.367329 -191.35 
v 5.04793 2.17949 -191.6 
v 5.15883 1.67528 -191.6 
v 4.97164 1.24337 -191.6 
v 5.22782 0.645872 -191.6 
v 4.93456 1.57617 -191.443 
v 5.19908 1.34542 -191.443 
v 5.22782 0.645872 -191.443 
v 5.48182 0.492316 -191.443 
v 5.37648 0.532651 -191.443 
v 5.28752 0.299725 -191.443 
v 5.58862 0.296883 -191.443 
v 4.99837 2.28104 -191.507 
v 5.01397 2.22225 -191.507 
v 5.02831 2.25688 -191.507 
v 5.06294 2.27122 -191.507 
v 5.03665 2.41946 -191.507 
v 4.96008 2.22214 -191.507 
v 5.09757 2.25688 -191.507 
v 5.02831 2.18762 -191.507 
v 5.18828 2.44298 -191.507 
v 5.04451 2.6158 -191.507 
v 5.20628 2.66304 -191.507 
v 5.01997 2.7107 -191.507 
v 5.15687 2.17792 -191.507 
v 5.21985 2.7107 -191.507 
v 5.11192 2.22225 -191.507 
v 4.97552 2.81801 -191.507 
v 5.01997 2.92531 -191.507 
v 5.12727 2.96976 -191.507 
v 5.23457 2.92531 -191.507 
v 5.27902 2.81801 -191.507 
v 5.10379 2.20263 -191.507 
v 5.09757 2.18762 -191.507 
v 5.07983 2.0972 -191.507 
v 5.06294 2.17327 -191.507 
v 5.09417 2.06257 -191.507 
v 5.07047 2.10108 -191.507 
v 5.0452 2.11154 -191.507 
v 5.03728 2.1839 -191.507 
v 5.01057 2.0972 -191.507 
v 4.99622 2.06257 -191.507 
v 5.14705 1.90991 -191.507 
v 5.07983 2.02794 -191.507 
v 5.0452 2.01359 -191.507 
v 4.93161 1.86774 -191.507 
v 5.01057 2.02794 -191.507 
v 5.15883 1.67528 -191.507 
v 4.93456 1.57617 -191.507 
v 5.19908 1.34542 -191.507 
v 4.97164 1.24337 -191.507 
v 5.27271 1.02931 -191.507 
v 5.01709 1.00419 -191.507 
v 5.07447 0.811601 -191.507 
v 5.26245 0.729477 -191.507 
v 5.22782 0.715136 -191.507 
v 5.21348 0.680505 -191.507 
v 5.36696 0.754435 -191.507 
v 5.1898 0.504247 -191.507 
v 5.29708 0.715136 -191.507 
v 5.30824 0.6882 -191.507 
v 5.22782 0.645872 -191.507 
v 5.31143 0.680505 -191.507 
v 5.27853 0.532651 -191.507 
v 5.26245 0.631527 -191.507 
v 5.29288 0.49802 -191.507 
v 5.29288 0.567284 -191.507 
v 5.28226 0.639735 -191.507 
v 5.30672 0.573014 -191.507 
v 5.29708 0.645872 -191.507 
v 5.32751 0.581626 -191.507 
v 5.36214 0.567284 -191.507 
v 5.48182 0.492316 -191.507 
v 5.37648 0.532651 -191.507 
v 5.36214 0.49802 -191.507 
v 5.53976 0.403691 -191.507 
v 5.28752 0.299725 -191.507 
v 5.32751 0.483675 -191.507 
v 5.36024 0.188941 -191.507 
v 5.58862 0.296883 -191.507 
v 5.56533 0.378126 -191.507 
v 5.43505 0.156644 -191.507 
v 5.39017 0.158027 -191.507 
v 5.59998 0.341764 -191.507 
v 5.59374 0.367329 -191.507 

vn 0 0 -1 
vn 0 0 -1 
vn 0 0 -1 
vn 0 0 -1 
vn 0 0 -1 
vn 0 0 -1 
vn -0.708661 -0.708661 0 
vn -0.708661 -0.708661 0 
vn 0 -1 0 
vn -1 0 0 
vn -1 0 0 
vn -0.92126 0.385827 0 
vn -0.92126 0.385827 0 
vn -0.708661 0.708661 0 
vn -0.708661 0.708661 0 
vn 0 1 0 
vn -0.708661 0.708661 0 
vn -0.708661 0.708661 0 
vn -1 0 0 
vn -1 0 0 
vn -0.92126 -0.385827 0 
vn -0.92126 -0.385827 0 
vn 0 0 -1 
vn 0 0 -1 
vn 0 0 -1 
vn 0 0 -1 
vn 0 0 -1 
vn 0 0 -1 
vn -0.708661 -0.708661 0 
vn -0.708661 -0.708661 0 
vn 0 -1 0 
vn -1 0 0 
vn -1 0 0 
vn -0.708661 0.708661 0 
vn -0.708661 0.708661 0 
vn 0 1 0 
vn 0 1 0 
vn -0.708661 -0.708661 0 
vn -0.708661 -0.708661 0 
vn -0.92126 -0.385827 0 
vn -0.92126 -0.385827 0 
vn -1 0 0 
vn -1 0 0 
vn -0.708661 0.708661 0 
vn -0.708661 0.708661 0 
vn -0.708661 0.708661 0 
vn -0.708661 0.708661 0 
vn -1 0 0 
vn -1 0 0 
vn -0.944882 -0.314961 0 
vn -0.944882 -0.314961 0 
vn -0.992126 -0.102362 0 
vn -0.992126 -0.102362 0 
vn -0.984252 0.15748 0 
vn -0.984252 0.15748 0 
vn -0.913386 0.409449 0 
vn -0.913386 0.409449 0 
vn -0.944882 0.322835 0 
vn -0.944882 0.322835 0 
vn -1 0.0314961 0 
vn -1 0.0314961 0 
vn -1 -0.0629921 0 
vn -1 -0.0629921 0 
vn -0.992126 -0.149606 0 
vn -0.992126 -0.149606 0 
vn -0.968504 -0.23622 0 
vn -0.968504 -0.23622 0 
vn -0.944882 -0.314961 0 
vn -0.944882 -0.314961 0 
vn -0.92126 -0.393701 0 
vn -0.92126 -0.393701 0 
vn -0.874016 -0.488189 0 
vn -0.874016 -0.488189 0 
vn -0.401575 -0.913386 0 
vn -0.779528 -0.622047 0 
vn -0.401575 -0.913386 0 
vn -0.779528 -0.622047 0 
vn -0.708661 -0.708661 0 
vn -0.708661 -0.708661 0 
vn -1 0 0 
vn -1 0 0 
vn -0.708661 0.708661 0 
vn -0.708661 0.708661 0 
vn 0 1 0 
vn -0.708661 0.708661 0 
vn -0.708661 0.708661 0 
vn -1 0 0 
vn -1 0 0 
vn -0.944882 -0.314961 0 
vn -0.944882 -0.314961 0 
vn -0.992126 -0.102362 0 
vn -0.992126 -0.102362 0 
vn -0.984252 0.15748 0 
vn -0.984252 0.15748 0 
vn -0.913386 0.409449 0 
vn -0.913386 0.409449 0 
vn -0.944882 0.322835 0 
vn -0.944882 0.322835 0 
vn -1 0.0314961 0 
vn -1 0.0314961 0 
vn -1 -0.0629921 0 
vn -1 -0.0629921 0 
vn -0.992126 -0.149606 0 
vn -0.992126 -0.149606 0 
vn -0.968504 -0.23622 0 
vn -0.968504 -0.23622 0 
vn -0.944882 -0.314961 0 
vn -0.944882 -0.314961 0 
vn -0.92126 -0.393701 0 
vn -0.92126 -0.393701 0 
vn -0.874016 -0.488189 0 
vn -0.874016 -0.488189 0 
vn -0.401575 -0.913386 0 
vn -0.779528 -0.622047 0 
vn -0.401575 -0.913386 0 
vn -0.779528 -0.622047 0 
vn -0.708661 -0.708661 0 
vn -0.708661 -0.708661 0 
vn -0.92126 -0.385827 0 
vn -0.92126 -0.385827 0 
vn -1 0 0 
vn -1 0 0 
vn -0.708661 0.708661 0 
vn -0.708661 0.708661 0 
vn 0 1 0 
vn -0.708661 0.708661 0 
vn -0.708661 0.708661 0 
vn -1 0 0 
vn -1 0 0 
vn -0.92126 -0.385827 0 
vn -0.92126 -0.385827 0 
vn -0.708661 -0.708661 0 
vn -0.708661 -0.708661 0 
vn 0 -1 0 
vn -1 0 0 
vn -1 0 0 
vn -0.92126 0.385827 0 
vn -0.92126 0.385827 0 
vn -0.708661 0.708661 0 
vn -0.708661 0.708661 0 
vn 0 0 -1 
vn 0 0 -1 
vn -1 0 0 
vn -0.708661 0.708661 0 
vn -0.708661 0.708661 0 
vn 0.708661 0.708661 0 
vn 0 1 0 
vn 0.708661 0.708661 0 
vn 0 1 0 
vn 0.385827 0.92126 0 
vn 0.385827 0.92126 0 
vn 0.708661 0.708661 0 
vn 0.708661 0.708661 0 
vn 0 1 0 
vn 0 1 0 
vn -0.708661 0.708661 0 
vn -0.708661 0.708661 0 
vn 0 0 -1 
vn 0 0 -1 
vn -1 0 0 
vn -0.708661 0.708661 0 
vn -0.708661 0.708661 0 
vn 0 1 0 
vn 0 1 0 
vn 0.708661 0.708661 0 
vn 0.708661 0.708661 0 
vn -0.708661 0.708661 0 
vn -0.708661 0.708661 0 
vn 0.708661 0.708661 0 
vn -0.385827 0.92126 0 
vn 0.708661 0.708661 0 
vn -0.385827 0.92126 0 
vn 0 1 0 
vn 0 1 0 
vn 0.708661 0.708661 0 
vn 0.708661 0.708661 0 
vn 0 1 0 
vn 0 1 0 
vn -0.708661 0.708661 0 
vn -0.708661 0.708661 0 
vn 0.779528 0.629921 0 
vn 0.779528 0.629921 0 
vn 0.543307 0.84252 0 
vn 0.543307 0.84252 0 
vn 0.748031 0.661417 0 
vn 0.748031 0.661417 0 
vn -1 0 0 
vn -1 0 0 
vn -0.708661 0.708661 0 
vn -0.708661 0.708661 0 
vn 0 1 0 
vn 1 0 0 
vn 0 1 0 
vn 0.708661 0.708661 0 
vn 0.708661 0.708661 0 
vn 1 -0.0551181 0 
vn 1 -0.0551181 0 
vn 0.708661 0.708661 0 
vn 0.708661 0.708661 0 
vn 0 1 0 
vn 0 1 0 
vn -0.708661 0.708661 0 
vn -0.708661 0.708661 0 
vn -1 0 0 
vn 0.779528 0.629921 0 
vn 0.779528 0.629921 0 
vn 0.543307 0.84252 0 
vn 0.543307 0.84252 0 
vn 0.748031 0.661417 0 
vn 0.748031 0.661417 0 
vn 0.708661 -0.708661 0 
vn -1 0 0 
vn -0.708661 0.708661 0 
vn -0.708661 0.708661 0 
vn 0.708661 0.708661 0 
vn -0.385827 0.92126 0 
vn 0.708661 0.708661 0 
vn -0.385827 0.92126 0 
vn 0 1 0 
vn 0 1 0 
vn 0.708661 0.708661 0 
vn 0.708661 0.708661 0 
vn 0 1 0 
vn 0 1 0 
vn -0.708661 0.708661 0 
vn -0.708661 0.708661 0 
vn -0.708661 0.708661 0 
vn -0.708661 0.708661 0 
vn 0.708661 0.708661 0 
vn 0 1 0 
vn 0.708661 0.708661 0 
vn 0 1 0 
vn 0.385827 0.92126 0 
vn 0.385827 0.92126 0 
vn 0 0 -1 
vn 0 0 -1 
vn 0 0 -1 
vn 0 0 -1 
vn 0 0 -1 
vn 0 0 -1 
vn 0 0 -1 
vn 0 0 -1 
vn 0 0 -1 
vn 0 0 -1 
vn 0 0 -1 
vn 0 0 -1 
vn 0 0 -1 
vn 0 0 -1 
vn 0 0 -1 
vn 0 0 -1 
vn 0 0 -1 
vn 0 0 -1 
vn 0 0 -1 
vn 0 0 -1 
vn 0 0 -1 
vn 0 0 -1 
vn 0 0 -1 
vn 0 0 -1 
vn 0 0 -1 
vn 0 0 -1 
vn 0 0 -1 
vn 0 0 -1 
vn 0 0 -1 
vn 0 0 -1 
vn 0 0 -1 
vn 0 0 -1 
vn 0 0 -1 
vn 0 0 -1 
vn 0 0 -1 
vn 0 0 -1 
vn 0 0 -1 
vn 0 0 -1 
vn 0 0 -1 
vn 0 0 -1 
vn 0 0 -1 
vn 0 0 -1 
vn 0 0 -1 
vn 0 0 -1 
vn 0 0 -1 
vn 0 0 -1 
vn 0 0 -1 
vn 0 0 -1 
vn 0 0 -1 
vn 0 0 -1 
vn 0 0 -1 
vn 0 0 -1 
vn 0 0 -1 
vn 0 0 -1 
vn 0 0 -1 
vn 0 0 -1 
vn 0 0 -1 
vn 0 0 -1 
vn 0 0 -1 
vn 0 0 -1 
vn 0 0 -1 
vn 0 0 -1 
vn 0 0 -1 
vn 0 0 -1 
vn 0 0 -1 
vn 0 0 -1 
vn 0 0 -1 
vn 0 0 -1 
vn 0 0 -1 
vn 0 0 -1 
vn 0 0 -1 
vn 0 0 -1 
vn 0 0 -1 
vn 0 0 -1 
vn 0 0 -1 
vn 0 0 -1 
vn 0 0 -1 
vn 0 0 -1 
vn 0 0 -1 
vn 0 0 -1 
vn 0 0 -1 
vn 0 0 -1 
vn 0 0 -1 
vn 0 0 -1 
vn 0 0 -1 
vn 0 0 -1 
vn 0 0 -1 
vn 0 0 -1 
vn 0 0 -1 
vn 0 0 -1 
vn 0 0 -1 
vn 0 0 -1 
vn 0 0 -1 
vn 0 0 -1 
vn 0 0 -1 
vn 0 0 -1 
vn 0 0 -1 
vn 0 0 -1 
vn 0 0 -1 
vn 0 0 -1 
vn 0 0 -1 
vn 0 0 -1 
vn 0 0 -1 
vn 0 0 -1 
vn 0 0 -1 
vn 0 0 -1 
vn 0 0 -1 
vn 0 0 -1 
vn 0 0 -1 
vn 0 0 -1 
vn 0 0 -1 
vn 0 0 -1 
vn 0 0 -1 
vn 0 0 -1 
vn 0 0 -1 
vn 0 0 -1 
vn 0 0 -1 
vn 0 0 -1 
vn 0 0 -1 
vn 0 0 -1 
vn 0 0 -1 
vn 0 0 -1 
vn 0 0 -1 
vn 0 0 -1 
vn 0 0 -1 
vn 0 0 -1 
vn 0 0 -1 
vn 0 0 -1 
vn 0 0 -1 
vn 0 0 -1 
vn 0 0 -1 
vn 0 0 -1 
vn 0 0 -1 
vn 0 0 -1 
vn 0 0 -1 
vn 0 0 -1 
vn 0 0 -1 
vn 0 0 -1 
vn 0 0 -1 
vn 0 0 -1 
vn 0 0 -1 
vn 0 0 -1 
vn 0 0 -1 
vn 0 0 -1 
vn 0 0 -1 
vn 0 0 -1 
vn 0 0 -1 
vn 0 0 -1 
vn 0 0 -1 
vn 0 0 -1 
vn 0 0 -1 
vn 0 0 -1 
vn 0 -1 0 
vn 0.708661 -0.708661 0 
vn 0.708661 -0.708661 0 
vn 1 0 0 
vn 1 0 0 
vn 0.708661 0.708661 0 
vn 0 1 0 
vn 0.708661 0.708661 0 
vn 0 -1 0 
vn 0 -1 0 
vn 0.708661 -0.708661 0 
vn 0.708661 -0.708661 0 
vn 1 0 0 
vn 1 0 0 
vn 0.708661 0.708661 0 
vn 0.708661 0.708661 0 
vn -0.708661 0.708661 0 
vn -0.708661 0.708661 0 
vn 0 0 -1 
vn 0 0 -1 
vn 0 0 -1 
vn 0 0 -1 
vn 0 0 -1 
vn 0 0 -1 
vn 0 -1 0 
vn 0 -1 0 
vn 0.708661 -0.708661 0 
vn 0 1 0 
vn 0.708661 -0.708661 0 
vn 1 0 0 
vn 0.708661 0.708661 0 
vn 1 0 0 
vn 0.708661 0.708661 0 
vn 0.708661 -0.708661 0 
vn 0.708661 -0.708661 0 
vn 1 0 0 
vn 1 0 0 
vn 0.708661 0.708661 0 
vn 0.708661 0.708661 0 
vn 0 1 0 
vn 0.92126 -0.377953 0 
vn 1 -0.0551181 0 
vn 1 -0.0551181 0 
vn 0.708661 0.708661 0 
vn 0.92126 -0.377953 0 
vn 0.708661 0.708661 0 
vn 0.984252 -0.181102 0 
vn 0.984252 -0.181102 0 
vn 0.992126 -0.102362 0 
vn 0.992126 -0.102362 0 
vn 1 -0.0787402 0 
vn 1 -0.0787402 0 
vn 1 0.00787402 0 
vn 1 0.00787402 0 
vn 1 0.0866142 0 
vn 1 0.0866142 0 
vn 0.984252 0.173228 0 
vn 0.984252 0.173228 0 
vn 0.96063 0.275591 0 
vn 0.96063 0.275591 0 
vn 0.929134 0.362205 0 
vn 0.929134 0.362205 0 
vn 0.88189 0.472441 0 
vn 0.88189 0.472441 0 
vn 0.779528 0.629921 0 
vn 0.779528 0.629921 0 
vn 0.748031 0.661417 0 
vn 0.748031 0.661417 0 
vn 1 -0.00787402 0 
vn 1 -0.00787402 0 
vn 0.858268 -0.511811 0 
vn 0.858268 -0.511811 0 
vn 0 -1 0 
vn 0.708661 -0.708661 0 
vn 0.708661 -0.708661 0 
vn 1 0 0 
vn 0 1 0 
vn 1 0 0 
vn 0.708661 0.708661 0 
vn 0.708661 0.708661 0 
vn 0.92126 -0.377953 0 
vn 1 -0.0551181 0 
vn 1 -0.0551181 0 
vn 0.708661 0.708661 0 
vn 0.92126 -0.377953 0 
vn 0.708661 0.708661 0 
vn 0.984252 -0.181102 0 
vn 0.984252 -0.181102 0 
vn 0.992126 -0.102362 0 
vn 0.992126 -0.102362 0 
vn 1 -0.0787402 0 
vn 1 -0.0787402 0 
vn 1 0.00787402 0 
vn 1 0.00787402 0 
vn 1 0.0866142 0 
vn 1 0.0866142 0 
vn 0.984252 0.173228 0 
vn 0.984252 0.173228 0 
vn 0.96063 0.275591 0 
vn 0.96063 0.275591 0 
vn 0.929134 0.362205 0 
vn 0.929134 0.362205 0 
vn 0.88189 0.472441 0 
vn 0.88189 0.472441 0 
vn 0.779528 0.629921 0 
vn 0.779528 0.629921 0 
vn 0.748031 0.661417 0 
vn 0.748031 0.661417 0 
vn 1 -0.00787402 0 
vn 1 -0.00787402 0 
vn 0.858268 -0.511811 0 
vn 0.858268 -0.511811 0 
vn 0.708661 -0.708661 0 
vn 0.708661 -0.708661 0 
vn 1 0 0 
vn 1 0 0 
vn 0.708661 0.708661 0 
vn 0.708661 0.708661 0 
vn 0 1 0 
vn 0 -1 0 
vn 0.708661 -0.708661 0 
vn 0.708661 -0.708661 0 
vn 1 0 0 
vn 1 0 0 
vn 0.708661 0.708661 0 
vn 0.708661 0.708661 0 
vn -0.708661 0.708661 0 
vn -0.708661 0.708661 0 
vn 0.708661 -0.708661 0 
vn 0.708661 -0.708661 0 
vn 1 0 0 
vn 1 0 0 
vn 0.708661 0.708661 0 
vn 0 1 0 
vn 0.708661 0.708661 0 
vn 0 0 -1 
vn 0 0 -1 
vn 0 0 -1 
vn 0 0 -1 
vn -0.708661 -0.708661 0 
vn -0.708661 -0.708661 0 
vn 0 -1 0 
vn 0 -1 0 
vn -1 0 0 
vn 0.708661 -0.708661 0 
vn 0.708661 -0.708661 0 
vn 0 -1 0 
vn -0.385827 -0.92126 0 
vn -0.385827 -0.92126 0 
vn -0.385827 -0.92126 0 
vn -0.385827 -0.92126 0 
vn 0 -1 0 
vn 0.708661 -0.708661 0 
vn 0.708661 -0.708661 0 
vn 0 0 -1 
vn 0 0 -1 
vn 0 0 -1 
vn 0 0 -1 
vn -0.708661 -0.708661 0 
vn -0.708661 -0.708661 0 
vn 0 -1 0 
vn -1 0 0 
vn 0 -1 0 
vn -1 0 0 
vn 0.385827 -0.92126 0 
vn 0.385827 -0.92126 0 
vn 0.708661 -0.708661 0 
vn 0.708661 -0.708661 0 
vn 0.708661 0.708661 0 
vn -0.708661 -0.708661 0 
vn -0.708661 -0.708661 0 
vn 0 -1 0 
vn 0 -1 0 
vn 0.708661 -0.708661 0 
vn 0.708661 -0.708661 0 
vn -0.708661 0.708661 0 
vn -0.708661 0.708661 0 
vn 0.708661 0.708661 0 
vn 0.858268 -0.511811 0 
vn 0.858268 -0.511811 0 
vn 0.346457 -0.937008 0 
vn 0.346457 -0.937008 0 
vn -0.874016 -0.488189 0 
vn -0.401575 -0.913386 0 
vn -0.401575 -0.913386 0 
vn -0.708661 -0.708661 0 
vn -0.708661 -0.708661 0 
vn 0 -1 0 
vn 0 -1 0 
vn -1 0 0 
vn 0.385827 -0.92126 0 
vn -1 0 0 
vn 0.385827 -0.92126 0 
vn 0.708661 -0.708661 0 
vn 0.708661 -0.708661 0 
vn 1 0 0 
vn 0.708661 0.708661 0 
vn 0.858268 -0.511811 0 
vn 0.858268 -0.511811 0 
vn 0.346457 -0.937008 0 
vn 0.346457 -0.937008 0 
vn -0.874016 -0.488189 0 
vn -0.401575 -0.913386 0 
vn -0.401575 -0.913386 0 
vn -0.708661 -0.708661 0 
vn -0.708661 -0.708661 0 
vn 0 -1 0 
vn 0 -1 0 
vn 0.708661 -0.708661 0 
vn 0.708661 -0.708661 0 
vn -1 0 0 
vn 0 1 0 
vn 0 -1 0 
vn -0.385827 -0.92126 0 
vn -0.385827 -0.92126 0 
vn -0.385827 -0.92126 0 
vn -0.385827 -0.92126 0 
vn 0 -1 0 
vn 0.708661 -0.708661 0 
vn 0.708661 -0.708661 0 
vn -0.708661 -0.708661 0 
vn -0.708661 -0.708661 0 
vn 0 -1 0 
vn 0 -1 0 
vn -1 0 0 
vn 0.708661 -0.708661 0 
vn 0.708661 -0.708661 0 
vn 0 0 1 
vn 0 0 1 
vn 0 0 1 
vn 0 0 1 
vn 0 0 1 
vn 0 0 1 
vn 0 0 1 
vn 0 0 1 
vn 0 0 1 
vn 0 0 1 
vn 0 0 1 
vn 0 0 1 
vn 0 0 1 
vn 0 0 1 
vn 0 0 1 
vn 0 0 1 
vn 0 0 1 
vn 0 0 1 
vn 0 0 1 
vn 0 0 1 
vn 0 0 1 
vn 0 0 1 
vn 0 0 1 
vn 0 0 1 
vn 0 0 1 
vn 0 0 1 
vn 0 0 1 
vn 0 0 1 
vn 0 0 1 
vn 0 0 1 
vn 0 0 1 
vn 0 0 1 
vn 0 0 1 
vn 0 0 1 
vn 0 0 1 
vn 0 0 1 
vn 0 0 1 
vn 0 0 1 
vn 0 0 1 
vn 0 0 1 
vn 0 0 1 
vn 0 0 1 
vn 0 0 1 
vn 0 0 1 
vn 0 0 1 
vn 0 0 1 
vn 0 0 1 
vn 0 0 1 
vn 0 0 1 
vn 0 0 1 
vn 0 0 1 
vn 0 0 1 
vn 0 0 1 
vn 0 0 1 
vn 0 0 1 
vn 0 0 1 
vn 0 0 1 
vn 0 0 1 
vn 0 0 1 
vn 0 0 1 
vn 0 0 1 
vn 0 0 1 
vn 0 0 1 
vn 0 0 1 
vn 0 0 1 
vn 0 0 1 
vn 0 0 1 
vn 0 0 1 
vn 0 0 1 
vn 0 0 1 
vn 0 0 1 
vn 0 0 1 
vn 0 0 1 
vn 0 0 -1 
vn 0 0 -1 
vn 0 0 -1 
vn 0 0 -1 
vn 0 0 -1 
vn 0 0 -1 
vn 0 0 -1 
vn 0 0 -1 
vn 0 0 -1 
vn 0 0 -1 
vn 0 0 -1 
vn 0 0 1 
vn 0 0 1 
vn 0 0 1 
vn 0 0 1 
vn 0 0 1 
vn 0 0 1 
vn 0 0 1 
vn 0 0 1 
vn 0 0 1 
vn 0 0 1 
vn 0 0 1 
vn 0 0 1 
vn 0 0 1 
vn 0 0 1 
vn 0 0 1 
vn 0 0 1 
vn 0 0 1 
vn 0 0 1 
vn 0 0 1 
vn 0 0 1 
vn 0 0 1 
vn 0 0 1 
vn 0 0 1 
vn 0 0 1 
vn 0 0 1 
vn 0 0 1 
vn 0 0 1 
vn 0 0 1 
vn 0 0 1 
vn 0 0 1 
vn 0 0 1 
vn 0 0 1 
vn 0 0 1 
vn 0 0 1 
vn 0 0 1 
vn 0 0 1 
vn 0 0 1 
vn 0 0 1 
vn 0 0 1 
vn 0 0 1 
vn 0 0 1 
vn 0 0 1 
vn 0 0 1 
vn 0 0 1 
vn 0 0 1 
vn 0 0 1 
vn 0 0 1 
vn 0 0 1 
vn 0 0 1 
vn 0 0 1 
vn 0 0 1 
vn 0 0 1 
vn 0 0 1 
vn 0 0 1 
vn 0 0 1 
vn 0 0 1 
vn 0 0 1 
vn 0 0 1 
vn 0 0 1 
vn 0 0 1 
vn 0 0 1 
vn 0 0 1 
vn 0 0 1 
vn 0 0 1 
vn 0 0 1 
vn 0 0 1 
vn 0 0 1 
vn 0 0 1 
vn 0 0 1 
vn 0 0 1 
vn 0 0 1 
vn 0 0 1 
vn 0 0 1 

vt -1.70035 0.21185 
vt -1.70035 0.277697 
vt -1.70035 0.178914 
vt -1.70035 0.115887 
vt -1.70035 -0.0127887 
vt -1.70035 -0.056057 
vt -1.70035 0.188587 
vt -1.68872 0.188587 
vt -1.68872 0.19038 
vt -1.68872 0.184259 
vt -1.70035 0.184259 
vt -1.70035 0.181971 
vt -1.68872 0.181806 
vt -1.70035 0.17993 
vt -1.68872 0.17993 
vt -1.68872 0.178137 
vt -1.6807 0.15997 
vt -1.66907 0.15997 
vt -1.6807 0.164299 
vt -1.66907 0.164299 
vt -1.6807 0.168627 
vt -1.66907 0.168627 
vt -1.6807 0.21185 
vt -1.6807 0.277697 
vt -1.6807 0.178914 
vt -1.6807 0.0746553 
vt -1.6807 -0.0127887 
vt -1.6807 -0.056057 
vt -1.70035 -0.0226126 
vt -1.68872 -0.0226122 
vt -1.68872 -0.0208194 
vt -1.68872 -0.0269413 
vt -1.70035 -0.0269413 
vt -1.68872 -0.0312701 
vt -1.70035 -0.0312701 
vt -1.68872 -0.0330632 
vt -1.70035 -0.0330632 
vt -1.70035 -0.00413108 
vt -1.68872 -0.00413072 
vt -1.68872 -0.00749767 
vt -1.70035 -0.00749767 
vt -1.68872 -0.00845945 
vt -1.70035 -0.00845993 
vt -1.68872 -0.0127887 
vt -1.70035 -0.0127887 
vt -1.6807 0.272141 
vt -1.66907 0.272142 
vt -1.66907 0.258728 
vt -1.6807 0.258728 
vt -1.6807 0.245315 
vt -1.66907 0.245315 
vt -1.6807 0.233453 
vt -1.66907 0.233453 
vt -1.6807 0.20891 
vt -1.66907 0.20891 
vt -1.66907 0.191608 
vt -1.6807 0.191607 
vt -1.66907 0.184245 
vt -1.6807 0.184245 
vt -1.6807 0.139945 
vt -1.66907 0.139945 
vt -1.6807 0.103499 
vt -1.66907 0.103499 
vt -1.6807 0.0618986 
vt -1.66907 0.0618986 
vt -1.6807 0.0320013 
vt -1.66907 0.0320013 
vt -1.6807 0.00792742 
vt -1.66907 0.00792742 
vt -1.6807 -0.0304918 
vt -1.66907 -0.0304918 
vt -1.6807 -0.056057 
vt -1.66907 -0.056057 
vt -1.66907 -0.0737692 
vt -1.6807 -0.069905 
vt -1.6807 -0.0737692 
vt -1.66907 -0.069905 
vt -1.6807 -0.0226122 
vt -1.66907 -0.0226126 
vt -1.6807 -0.0269413 
vt -1.66907 -0.0269413 
vt -1.66907 -0.0312701 
vt -1.6807 -0.0312701 
vt -1.6807 -0.0330632 
vt -1.70035 0.272142 
vt -1.68872 0.272141 
vt -1.70035 0.258728 
vt -1.68872 0.258728 
vt -1.70035 0.245315 
vt -1.68872 0.245315 
vt -1.70035 0.233453 
vt -1.68872 0.233453 
vt -1.70035 0.20891 
vt -1.68872 0.20891 
vt -1.70035 0.191608 
vt -1.68872 0.191607 
vt -1.70035 0.184245 
vt -1.68872 0.184245 
vt -1.70035 0.139945 
vt -1.68872 0.139945 
vt -1.70035 0.103499 
vt -1.68872 0.103499 
vt -1.70035 0.0618986 
vt -1.68872 0.0618986 
vt -1.70035 0.0320013 
vt -1.68872 0.0320013 
vt -1.70035 0.00792742 
vt -1.68872 0.00792742 
vt -1.70035 -0.0304918 
vt -1.68872 -0.0304918 
vt -1.70035 -0.056057 
vt -1.68872 -0.056057 
vt -1.68872 -0.0737692 
vt -1.70035 -0.069905 
vt -1.70035 -0.0737692 
vt -1.68872 -0.069905 
vt -1.6807 -0.00413072 
vt -1.66907 -0.00413108 
vt -1.6807 -0.00749767 
vt -1.66907 -0.00749767 
vt -1.6807 -0.00845945 
vt -1.66907 -0.00845993 
vt -1.6807 -0.0127887 
vt -1.66907 -0.0127887 
vt -1.6807 -0.0145818 
vt -1.70035 0.15997 
vt -1.68872 0.15997 
vt -1.70035 0.164299 
vt -1.68872 0.164299 
vt -1.70035 0.168627 
vt -1.68872 0.168627 
vt -1.6807 0.188587 
vt -1.66907 0.188587 
vt -1.66907 0.19038 
vt -1.66907 0.184259 
vt -1.6807 0.184259 
vt -1.6807 0.181971 
vt -1.66907 0.181806 
vt -1.6807 0.17993 
vt -1.66907 0.17993 
vt -1.68946 0.117521 
vt -1.65771 0.117521 
vt -1.70394 0.117521 
vt -1.70574 0.117521 
vt -1.70574 0.105884 
vt -1.7144 0.105884 
vt -1.71007 0.105884 
vt -1.7144 0.117521 
vt -1.71007 0.117521 
vt -1.71327 0.105884 
vt -1.71194 0.117521 
vt -1.71661 0.0862343 
vt -1.71661 0.0978715 
vt -1.71228 0.0978715 
vt -1.71228 0.0862343 
vt -1.70796 0.0978715 
vt -1.70796 0.0862343 
vt -1.68946 0.0978715 
vt -1.65771 0.0978715 
vt -1.67087 0.117521 
vt -1.67267 0.105884 
vt -1.67267 0.117521 
vt -1.677 0.105884 
vt -1.677 0.117521 
vt -1.68132 0.105884 
vt -1.68132 0.117521 
vt -1.6808 0.105884 
vt -1.6808 0.117521 
vt -1.68946 0.105884 
vt -1.68265 0.105884 
vt -1.68946 0.117521 
vt -1.68268 0.117521 
vt -1.68513 0.117521 
vt -1.68513 0.105884 
vt -1.68861 0.0978715 
vt -1.68861 0.0862343 
vt -1.70203 0.0978715 
vt -1.70203 0.0862343 
vt -1.71544 0.0978715 
vt -1.71544 0.0862343 
vt -1.65046 0.0862343 
vt -1.65046 0.0978715 
vt -1.64727 0.0862343 
vt -1.64727 0.0978715 
vt -1.64372 0.0862343 
vt -1.64372 0.0978715 
vt -1.67087 0.0978715 
vt -1.67087 0.0862343 
vt -1.67267 0.0862343 
vt -1.67267 0.0978715 
vt -1.677 0.0862343 
vt -1.68312 0.0978715 
vt -1.677 0.0978715 
vt -1.68132 0.0862343 
vt -1.68132 0.0978715 
vt -1.68306 0.117521 
vt -1.68306 0.105884 
vt -1.68861 0.105884 
vt -1.68861 0.117521 
vt -1.70203 0.117521 
vt -1.70203 0.105884 
vt -1.71544 0.117521 
vt -1.71544 0.105884 
vt -1.72099 0.105884 
vt -1.65046 0.105884 
vt -1.65046 0.117521 
vt -1.64727 0.105884 
vt -1.64727 0.117521 
vt -1.64372 0.105884 
vt -1.64372 0.117521 
vt -1.68946 0.0862343 
vt -1.67901 0.0862343 
vt -1.6808 0.0978715 
vt -1.6808 0.0862343 
vt -1.68946 0.0978715 
vt -1.68265 0.0862343 
vt -1.68946 0.0862343 
vt -1.68268 0.0978715 
vt -1.68513 0.0978715 
vt -1.68513 0.0862343 
vt -1.71661 0.105884 
vt -1.71661 0.117521 
vt -1.71228 0.117521 
vt -1.71228 0.105884 
vt -1.70796 0.117521 
vt -1.70796 0.105884 
vt -1.70574 0.0978715 
vt -1.70574 0.0862343 
vt -1.7144 0.0862343 
vt -1.71007 0.0862343 
vt -1.7144 0.0978715 
vt -1.71007 0.0978715 
vt -1.71327 0.0862343 
vt -1.71194 0.0978715 
vt -1.67502 0.21185 
vt -1.66368 0.188587 
vt -1.65607 0.20891 
vt -1.65935 0.19038 
vt -1.65128 0.191608 
vt -1.65502 0.188587 
vt -1.65323 0.184259 
vt -1.65705 0.233453 
vt -1.64649 0.184245 
vt -1.67727 0.239358 
vt -1.65398 0.245315 
vt -1.67109 0.178717 
vt -1.65502 0.17993 
vt -1.66547 0.184259 
vt -1.67897 0.245315 
vt -1.66453 0.181971 
vt -1.66368 0.17993 
vt -1.64842 0.258728 
vt -1.65398 0.272142 
vt -1.66739 0.277697 
vt -1.68081 0.272142 
vt -1.68636 0.258728 
vt -1.66146 0.168627 
vt -1.65935 0.178137 
vt -1.66326 0.164299 
vt -1.65901 0.169643 
vt -1.65713 0.17042 
vt -1.65748 0.178914 
vt -1.65281 0.168627 
vt -1.65101 0.164299 
vt -1.66987 0.145216 
vt -1.66146 0.15997 
vt -1.65713 0.158177 
vt -1.64294 0.139945 
vt -1.65281 0.15997 
vt -1.67134 0.115887 
vt -1.6433 0.103499 
vt -1.67637 0.0746553 
vt -1.64794 0.0618986 
vt -1.68557 0.0351416 
vt -1.65362 0.0320013 
vt -1.66079 0.00792742 
vt -1.68429 -0.00233805 
vt -1.67996 -0.00413108 
vt -1.67817 -0.00845993 
vt -1.69735 0.000781655 
vt -1.67521 -0.0304918 
vt -1.68862 -0.00413108 
vt -1.69001 -0.00749767 
vt -1.67996 -0.0127887 
vt -1.69041 -0.00845993 
vt -1.6863 -0.0269413 
vt -1.68429 -0.0145818 
vt -1.68809 -0.0312701 
vt -1.68809 -0.0226126 
vt -1.68674 -0.0135657 
vt -1.68982 -0.0218959 
vt -1.68862 -0.0127887 
vt -1.69242 -0.0208194 
vt -1.69675 -0.0226126 
vt -1.71171 -0.0319831 
vt -1.69855 -0.0269413 
vt -1.69675 -0.0312701 
vt -1.71896 -0.0430613 
vt -1.68742 -0.056057 
vt -1.69242 -0.0330632 
vt -1.69651 -0.069905 
vt -1.72506 -0.0564123 
vt -1.72215 -0.0462569 
vt -1.70587 -0.0739422 
vt -1.70026 -0.0737692 
vt -1.72648 -0.0508021 
vt -1.7257 -0.0476065 
vt -1.67502 0.21185 
vt -1.66368 0.188587 
vt -1.65607 0.20891 
vt -1.65935 0.19038 
vt -1.65128 0.191607 
vt -1.65502 0.188587 
vt -1.65323 0.184259 
vt -1.65705 0.233453 
vt -1.64649 0.184245 
vt -1.67727 0.239358 
vt -1.65398 0.245315 
vt -1.67109 0.178717 
vt -1.65502 0.17993 
vt -1.66547 0.184259 
vt -1.67897 0.245315 
vt -1.66453 0.181971 
vt -1.66368 0.17993 
vt -1.64842 0.258728 
vt -1.65398 0.272141 
vt -1.66739 0.277697 
vt -1.68081 0.272141 
vt -1.68636 0.258728 
vt -1.66146 0.168627 
vt -1.65935 0.178137 
vt -1.66326 0.164299 
vt -1.65901 0.169643 
vt -1.65713 0.17042 
vt -1.65748 0.178914 
vt -1.65281 0.168627 
vt -1.65101 0.164299 
vt -1.66987 0.145216 
vt -1.66146 0.15997 
vt -1.65713 0.158177 
vt -1.64294 0.139945 
vt -1.65281 0.15997 
vt -1.67134 0.115887 
vt -1.6433 0.103499 
vt -1.67637 0.0746553 
vt -1.64794 0.0618986 
vt -1.68557 0.0351416 
vt -1.65362 0.0320013 
vt -1.66079 0.00792742 
vt -1.68429 -0.00233805 
vt -1.67996 -0.00413072 
vt -1.67817 -0.00845945 
vt -1.69735 0.000781655 
vt -1.67521 -0.0304918 
vt -1.68862 -0.00413072 
vt -1.69001 -0.00749767 
vt -1.67996 -0.0127887 
vt -1.69041 -0.00845945 
vt -1.6863 -0.0269413 
vt -1.68429 -0.0145818 
vt -1.68809 -0.0312701 
vt -1.68809 -0.0226122 
vt -1.68674 -0.0135657 
vt -1.68982 -0.0218959 
vt -1.68862 -0.0127887 
vt -1.69242 -0.0208194 
vt -1.69675 -0.0226122 
vt -1.71171 -0.0319831 
vt -1.69855 -0.0269413 
vt -1.69675 -0.0312701 
vt -1.71896 -0.0430613 
vt -1.68742 -0.056057 
vt -1.69242 -0.0330632 
vt -1.69651 -0.069905 
vt -1.72506 -0.0564123 
vt -1.72215 -0.0462569 
vt -1.70587 -0.0739422 
vt -1.70026 -0.0737692 
vt -1.72648 -0.0508021 
vt -1.7257 -0.0476065 
vt -1.66907 0.21185 
vt -1.66907 0.277697 
vt -1.66907 0.178914 
vt -1.66907 0.0618986 
vt -1.66907 -0.0319831 
vt -1.66907 -0.0739422 
vt -1.6807 0.19038 
vt -1.6807 0.188587 
vt -1.66907 0.188587 
vt -1.6807 0.184259 
vt -1.66907 0.184259 
vt -1.6807 0.17993 
vt -1.6807 0.178137 
vt -1.66907 0.17993 
vt -1.70035 0.17042 
vt -1.68872 0.17042 
vt -1.70035 0.168627 
vt -1.68872 0.168627 
vt -1.70035 0.164299 
vt -1.68872 0.164299 
vt -1.70035 0.15997 
vt -1.68872 0.15997 
vt -1.68872 0.15997 
vt -1.70035 0.15997 
vt -1.68872 0.21185 
vt -1.68872 0.277697 
vt -1.68872 0.178914 
vt -1.68872 0.103499 
vt -1.68872 -0.0319831 
vt -1.68872 -0.0564123 
vt -1.6807 -0.0208194 
vt -1.66907 -0.0208194 
vt -1.66907 -0.0226126 
vt -1.6807 -0.0330632 
vt -1.6807 -0.0226122 
vt -1.6807 -0.0269413 
vt -1.6807 -0.0312701 
vt -1.66907 -0.0269413 
vt -1.66907 -0.0312701 
vt -1.6807 -0.00413072 
vt -1.66907 -0.00413108 
vt -1.6807 -0.00845945 
vt -1.66907 -0.00845993 
vt -1.6807 -0.0127887 
vt -1.66907 -0.0127887 
vt -1.6807 -0.0145818 
vt -1.70035 0.245315 
vt -1.68872 0.258728 
vt -1.70035 0.258728 
vt -1.68872 0.272141 
vt -1.68872 0.245315 
vt -1.70035 0.272142 
vt -1.70035 0.239358 
vt -1.68872 0.239358 
vt -1.70035 0.21185 
vt -1.68872 0.21185 
vt -1.70035 0.178717 
vt -1.68872 0.178717 
vt -1.70035 0.145216 
vt -1.68872 0.145216 
vt -1.70035 0.115887 
vt -1.68872 0.115887 
vt -1.70035 0.0746553 
vt -1.68872 0.0746553 
vt -1.70035 0.0351416 
vt -1.68872 0.0351416 
vt -1.70035 0.000781655 
vt -1.68872 0.000781655 
vt -1.70035 -0.0319831 
vt -1.68872 -0.0319831 
vt -1.70035 -0.0430613 
vt -1.68872 -0.0430613 
vt -1.70035 -0.0476065 
vt -1.68872 -0.0476065 
vt -1.70035 -0.0508021 
vt -1.68872 -0.0508021 
vt -1.70035 -0.0564123 
vt -1.68872 -0.0564123 
vt -1.70035 -0.0208194 
vt -1.68872 -0.0226122 
vt -1.70035 -0.0226126 
vt -1.68872 -0.0269413 
vt -1.68872 -0.0330632 
vt -1.70035 -0.0269413 
vt -1.70035 -0.0312701 
vt -1.68872 -0.0312701 
vt -1.6807 0.245315 
vt -1.66907 0.258728 
vt -1.6807 0.258728 
vt -1.6807 0.272141 
vt -1.66907 0.245315 
vt -1.66907 0.272142 
vt -1.6807 0.239358 
vt -1.66907 0.239358 
vt -1.6807 0.21185 
vt -1.66907 0.21185 
vt -1.6807 0.178717 
vt -1.66907 0.178717 
vt -1.6807 0.145216 
vt -1.66907 0.145216 
vt -1.6807 0.115887 
vt -1.66907 0.115887 
vt -1.6807 0.0746553 
vt -1.66907 0.0746553 
vt -1.6807 0.0351416 
vt -1.66907 0.0351416 
vt -1.6807 0.000781655 
vt -1.66907 0.000781655 
vt -1.6807 -0.0319831 
vt -1.66907 -0.0319831 
vt -1.6807 -0.0430613 
vt -1.66907 -0.0430613 
vt -1.6807 -0.0476065 
vt -1.66907 -0.0476065 
vt -1.6807 -0.0508021 
vt -1.66907 -0.0508021 
vt -1.6807 -0.0564123 
vt -1.66907 -0.0564123 
vt -1.70035 -0.00413108 
vt -1.68872 -0.00413072 
vt -1.68872 -0.00845945 
vt -1.70035 -0.00845993 
vt -1.68872 -0.0127887 
vt -1.70035 -0.0127887 
vt -1.68872 -0.0145818 
vt -1.66907 0.17042 
vt -1.6807 0.168627 
vt -1.66907 0.168627 
vt -1.6807 0.164299 
vt -1.66907 0.164299 
vt -1.6807 0.15997 
vt -1.66907 0.15997 
vt -1.66907 0.15997 
vt -1.6807 0.15997 
vt -1.70035 0.188587 
vt -1.68872 0.188587 
vt -1.70035 0.184259 
vt -1.68872 0.184259 
vt -1.70035 0.17993 
vt -1.70035 0.178137 
vt -1.68872 0.17993 
vt -1.67996 0.117521 
vt -1.71171 0.117521 
vt -1.68742 0.117521 
vt -1.70587 0.117521 
vt -1.66368 0.117521 
vt -1.66368 0.105884 
vt -1.65935 0.105884 
vt -1.65935 0.117521 
vt -1.66547 0.117521 
vt -1.65502 0.105884 
vt -1.65502 0.117521 
vt -1.65713 0.0862343 
vt -1.65901 0.0978715 
vt -1.66029 0.0862343 
vt -1.66146 0.0978715 
vt -1.66146 0.0862343 
vt -1.65713 0.0978715 
vt -1.65281 0.0862343 
vt -1.65281 0.0978715 
vt -1.67996 0.0978715 
vt -1.71171 0.0978715 
vt -1.68742 0.0978715 
vt -1.72506 0.0978715 
vt -1.69675 0.117521 
vt -1.69675 0.105884 
vt -1.69242 0.105884 
vt -1.69855 0.105884 
vt -1.69242 0.117521 
vt -1.69855 0.117521 
vt -1.68982 0.105884 
vt -1.68982 0.117521 
vt -1.68809 0.117521 
vt -1.68809 0.105884 
vt -1.68809 0.117521 
vt -1.68862 0.117521 
vt -1.68862 0.105884 
vt -1.68429 0.105884 
vt -1.68429 0.117521 
vt -1.67996 0.105884 
vt -1.67996 0.117521 
vt -1.68862 0.105884 
vt -1.68862 0.117521 
vt -1.67996 0.105884 
vt -1.72506 0.0862343 
vt -1.72506 0.0978715 
vt -1.70587 0.0862343 
vt -1.70587 0.0978715 
vt -1.68742 0.0862343 
vt -1.70026 0.0862343 
vt -1.70026 0.0978715 
vt -1.69675 0.0978715 
vt -1.69675 0.0862343 
vt -1.69242 0.0862343 
vt -1.69242 0.0978715 
vt -1.69855 0.0978715 
vt -1.68982 0.0862343 
vt -1.69855 0.0862343 
vt -1.68982 0.0978715 
vt -1.68809 0.0978715 
vt -1.68809 0.0862343 
vt -1.6863 0.0978715 
vt -1.68809 0.0862343 
vt -1.72506 0.105884 
vt -1.72506 0.117521 
vt -1.70587 0.105884 
vt -1.70587 0.117521 
vt -1.68742 0.105884 
vt -1.70026 0.105884 
vt -1.70026 0.117521 
vt -1.68862 0.0978715 
vt -1.68862 0.0862343 
vt -1.68429 0.0862343 
vt -1.68429 0.0978715 
vt -1.67996 0.0862343 
vt -1.67996 0.0978715 
vt -1.69041 0.0862343 
vt -1.68429 0.0978715 
vt -1.65713 0.105884 
vt -1.65901 0.117521 
vt -1.66029 0.105884 
vt -1.66146 0.117521 
vt -1.66146 0.105884 
vt -1.65713 0.117521 
vt -1.65281 0.105884 
vt -1.65281 0.117521 
vt -1.66368 0.0978715 
vt -1.66368 0.0862343 
vt -1.65935 0.0862343 
vt -1.65935 0.0978715 
vt -1.66547 0.0978715 
vt -1.65502 0.0862343 
vt -1.65502 0.0978715 
vt -1.71814 0.191608 
vt -1.71619 0.184259 
vt -1.7144 0.188587 
vt -1.71007 0.19038 
vt -1.71335 0.20891 
vt -1.72292 0.184245 
vt -1.70574 0.188587 
vt -1.7144 0.17993 
vt -1.6944 0.21185 
vt -1.71237 0.233453 
vt -1.69215 0.239358 
vt -1.71544 0.245315 
vt -1.69833 0.178717 
vt -1.69045 0.245315 
vt -1.70394 0.184259 
vt -1.72099 0.258728 
vt -1.71544 0.272142 
vt -1.70203 0.277697 
vt -1.68861 0.272142 
vt -1.68306 0.258728 
vt -1.70496 0.181806 
vt -1.70574 0.17993 
vt -1.70796 0.168627 
vt -1.71007 0.178137 
vt -1.70616 0.164299 
vt -1.70913 0.169112 
vt -1.71228 0.17042 
vt -1.71327 0.179465 
vt -1.71661 0.168627 
vt -1.71841 0.164299 
vt -1.69955 0.145216 
vt -1.70796 0.15997 
vt -1.71228 0.158177 
vt -1.72648 0.139945 
vt -1.71661 0.15997 
vt -1.69808 0.115887 
vt -1.72611 0.103499 
vt -1.69305 0.0746553 
vt -1.72148 0.0618986 
vt -1.68385 0.0351416 
vt -1.7158 0.0320013 
vt -1.70863 0.00792742 
vt -1.68513 -0.00233805 
vt -1.68946 -0.00413108 
vt -1.69125 -0.00845993 
vt -1.67206 0.000781655 
vt -1.69421 -0.0304918 
vt -1.6808 -0.00413108 
vt -1.6794 -0.00749767 
vt -1.68946 -0.0127887 
vt -1.67901 -0.00845993 
vt -1.68312 -0.0269413 
vt -1.68513 -0.0145818 
vt -1.68132 -0.0312701 
vt -1.68132 -0.0226126 
vt -1.68265 -0.0135559 
vt -1.67959 -0.0218959 
vt -1.6808 -0.0127887 
vt -1.677 -0.0208194 
vt -1.67267 -0.0226126 
vt -1.65771 -0.0319831 
vt -1.67087 -0.0269413 
vt -1.67267 -0.0312701 
vt -1.65046 -0.0430613 
vt -1.68199 -0.056057 
vt -1.677 -0.0330632 
vt -1.6729 -0.069905 
vt -1.64436 -0.0564123 
vt -1.64727 -0.0462569 
vt -1.66355 -0.0739422 
vt -1.66916 -0.0737692 
vt -1.64294 -0.0508021 
vt -1.64372 -0.0476065 
vt -1.71194 0.178914 
vt -1.69808 0.115887 
vt -1.72148 0.0618986 
vt -1.68946 -0.0127887 
vt -1.72611 0.103499 
vt -1.69305 0.0746553 
vt -1.68946 -0.0127887 
vt -1.65771 -0.0319831 
vt -1.67087 -0.0269413 
vt -1.68199 -0.056057 
vt -1.64436 -0.0564123 
vt -1.71814 0.191607 
vt -1.71619 0.184259 
vt -1.7144 0.188587 
vt -1.71007 0.19038 
vt -1.71335 0.20891 
vt -1.72292 0.184245 
vt -1.70574 0.188587 
vt -1.7144 0.17993 
vt -1.6944 0.21185 
vt -1.71237 0.233453 
vt -1.69215 0.239358 
vt -1.71544 0.245315 
vt -1.69833 0.178717 
vt -1.69045 0.245315 
vt -1.70394 0.184259 
vt -1.72099 0.258728 
vt -1.71544 0.272141 
vt -1.70203 0.277697 
vt -1.68861 0.272141 
vt -1.68306 0.258728 
vt -1.70496 0.181806 
vt -1.70574 0.17993 
vt -1.70796 0.168627 
vt -1.71007 0.178137 
vt -1.70616 0.164299 
vt -1.70913 0.169112 
vt -1.71228 0.17042 
vt -1.71327 0.179465 
vt -1.71661 0.168627 
vt -1.71841 0.164299 
vt -1.69955 0.145216 
vt -1.70796 0.15997 
vt -1.71228 0.158177 
vt -1.72648 0.139945 
vt -1.71661 0.15997 
vt -1.69808 0.115887 
vt -1.72611 0.103499 
vt -1.69305 0.0746553 
vt -1.72148 0.0618986 
vt -1.68385 0.0351416 
vt -1.7158 0.0320013 
vt -1.70863 0.00792742 
vt -1.68513 -0.00233805 
vt -1.68946 -0.00413072 
vt -1.69125 -0.00845945 
vt -1.67206 0.000781655 
vt -1.69421 -0.0304918 
vt -1.6808 -0.00413072 
vt -1.6794 -0.00749767 
vt -1.68946 -0.0127887 
vt -1.67901 -0.00845945 
vt -1.68312 -0.0269413 
vt -1.68513 -0.0145818 
vt -1.68132 -0.0312701 
vt -1.68132 -0.0226122 
vt -1.68265 -0.0135559 
vt -1.67959 -0.0218959 
vt -1.6808 -0.0127887 
vt -1.677 -0.0208194 
vt -1.67267 -0.0226122 
vt -1.65771 -0.0319831 
vt -1.67087 -0.0269413 
vt -1.67267 -0.0312701 
vt -1.65046 -0.0430613 
vt -1.68199 -0.056057 
vt -1.677 -0.0330632 
vt -1.6729 -0.069905 
vt -1.64436 -0.0564123 
vt -1.64727 -0.0462569 
vt -1.66355 -0.0739422 
vt -1.66916 -0.0737692 
vt -1.64294 -0.0508021 
vt -1.64372 -0.0476065 

usemtl Meshpart3Mtl

f 423/423/423 422/422/422 425/425/425 
f 425/425/425 422/422/422 426/426/426 
f 425/425/425 426/426/426 427/427/427 
f 425/425/425 427/427/427 428/428/428 
f 429/429/429 428/428/428 427/427/427 
f 428/428/428 429/429/429 430/430/430 
f 433/433/433 434/434/434 432/432/432 
f 435/435/435 434/434/434 433/433/433 
f 435/435/435 436/436/436 434/434/434 
f 437/437/437 436/436/436 435/435/435 
f 445/445/445 444/444/444 447/447/447 
f 447/447/447 444/444/444 448/448/448 
f 447/447/447 448/448/448 449/449/449 
f 449/449/449 448/448/448 450/450/450 
f 453/453/453 455/455/455 454/454/454 
f 455/455/455 453/453/453 456/456/456 
f 456/456/456 457/457/457 455/455/455 
f 457/457/457 456/456/456 458/458/458 
f 457/457/457 458/458/458 459/459/459 
f 459/459/459 458/458/458 460/460/460 
f 461/461/461 463/463/463 462/462/462 
f 463/463/463 461/461/461 464/464/464 
f 465/465/465 463/463/463 464/464/464 
f 463/463/463 465/465/465 466/466/466 
f 466/466/466 465/465/465 467/467/467 
f 468/468/468 466/466/466 467/467/467 
f 467/467/467 469/469/469 468/468/468 
f 470/470/470 468/468/468 469/469/469 
f 469/469/469 471/471/471 470/470/470 
f 471/471/471 469/469/469 472/472/472 
f 472/472/472 473/473/473 471/471/471 
f 473/473/473 472/472/472 474/474/474 
f 474/474/474 475/475/475 473/473/473 
f 476/476/476 473/473/473 475/475/475 
f 475/475/475 477/477/477 476/476/476 
f 478/478/478 476/476/476 477/477/477 
f 477/477/477 479/479/479 478/478/478 
f 480/480/480 478/478/478 479/479/479 
f 479/479/479 481/481/481 480/480/480 
f 482/482/482 480/480/480 481/481/481 
f 481/481/481 483/483/483 482/482/482 
f 484/484/484 482/482/482 483/483/483 
f 483/483/483 485/485/485 484/484/484 
f 486/486/486 484/484/484 485/485/485 
f 485/485/485 487/487/487 486/486/486 
f 488/488/488 486/486/486 487/487/487 
f 488/488/488 487/487/487 490/490/490 
f 492/492/492 488/488/488 490/490/490 
f 491/491/491 489/489/489 492/492/492 
f 492/492/492 490/490/490 491/491/491 
f 495/495/495 494/494/494 493/493/493 
f 494/494/494 495/495/495 496/496/496 
f 496/496/496 495/495/495 497/497/497 
f 497/497/497 495/495/495 498/498/498 
f 502/502/502 501/501/501 500/500/500 
f 501/501/501 502/502/502 503/503/503 
f 504/504/504 503/503/503 502/502/502 
f 503/503/503 504/504/504 505/505/505 
f 505/505/505 504/504/504 506/506/506 
f 507/507/507 505/505/505 506/506/506 
f 506/506/506 508/508/508 507/507/507 
f 509/509/509 507/507/507 508/508/508 
f 509/509/509 508/508/508 510/510/510 
f 511/511/511 509/509/509 510/510/510 
f 511/511/511 510/510/510 512/512/512 
f 513/513/513 511/511/511 512/512/512 
f 512/512/512 514/514/514 513/513/513 
f 515/515/515 513/513/513 514/514/514 
f 514/514/514 516/516/516 515/515/515 
f 517/517/517 515/515/515 516/516/516 
f 516/516/516 518/518/518 517/517/517 
f 519/519/519 517/517/517 518/518/518 
f 518/518/518 520/520/520 519/519/519 
f 521/521/521 519/519/519 520/520/520 
f 520/520/520 522/522/522 521/521/521 
f 523/523/523 521/521/521 522/522/522 
f 522/522/522 524/524/524 523/523/523 
f 525/525/525 523/523/523 524/524/524 
f 524/524/524 526/526/526 525/525/525 
f 527/527/527 525/525/525 526/526/526 
f 527/527/527 526/526/526 529/529/529 
f 531/531/531 527/527/527 529/529/529 
f 530/530/530 528/528/528 531/531/531 
f 531/531/531 529/529/529 530/530/530 
f 533/533/533 532/532/532 534/534/534 
f 533/533/533 534/534/534 535/535/535 
f 536/536/536 535/535/535 534/534/534 
f 535/535/535 536/536/536 537/537/537 
f 538/538/538 537/537/537 536/536/536 
f 537/537/537 538/538/538 539/539/539 
f 542/542/542 543/543/543 541/541/541 
f 544/544/544 543/543/543 542/542/542 
f 544/544/544 545/545/545 543/543/543 
f 546/546/546 545/545/545 544/544/544 
f 548/548/548 547/547/547 550/550/550 
f 550/550/550 547/547/547 551/551/551 
f 550/550/550 551/551/551 552/552/552 
f 550/550/550 552/552/552 553/553/553 
f 554/554/554 553/553/553 552/552/552 
f 553/553/553 554/554/554 555/555/555 
f 560/560/560 559/559/559 562/562/562 
f 562/562/562 559/559/559 564/564/564 
f 565/565/565 563/563/563 561/561/561 
f 562/562/562 564/564/564 566/566/566 
f 563/563/563 565/565/565 566/566/566 
f 562/562/562 566/566/566 565/565/565 
f 567/567/567 569/569/569 568/568/568 
f 570/570/570 569/569/569 567/567/567 
f 570/570/570 571/571/571 569/569/569 
f 572/572/572 571/571/571 570/570/570 
f 576/576/576 577/577/577 578/578/578 
f 578/578/578 577/577/577 579/579/579 
f 578/578/578 579/579/579 580/580/580 
f 580/580/580 579/579/579 581/581/581 
f 583/583/583 585/585/585 582/582/582 
f 585/585/585 583/583/583 587/587/587 
f 584/584/584 588/588/588 586/586/586 
f 587/587/587 589/589/589 585/585/585 
f 589/589/589 588/588/588 584/584/584 
f 589/589/589 587/587/587 588/588/588 
f 592/592/592 591/591/591 590/590/590 
f 591/591/591 592/592/592 593/593/593 
f 594/594/594 593/593/593 592/592/592 
f 593/593/593 594/594/594 595/595/595 
f 597/597/597 596/596/596 598/598/598 
f 598/598/598 599/599/599 597/597/597 
f 599/599/599 598/598/598 600/600/600 
f 600/600/600 601/601/601 599/599/599 
f 604/604/604 605/605/605 606/606/606 
f 606/606/606 605/605/605 608/608/608 
f 606/606/606 608/608/608 609/609/609 
f 609/609/609 608/608/608 610/610/610 
f 615/615/615 613/613/613 614/614/614 
f 613/613/613 615/615/615 616/616/616 
f 617/617/617 616/616/616 615/615/615 
f 616/616/616 617/617/617 618/618/618 
f 621/621/621 620/620/620 622/622/622 
f 622/622/622 623/623/623 621/621/621 
f 623/623/623 622/622/622 624/624/624 
f 624/624/624 625/625/625 623/623/623 
f 628/628/628 631/631/631 629/629/629 
f 631/631/631 628/628/628 633/633/633 
f 632/632/632 634/634/634 630/630/630 
f 633/633/633 635/635/635 631/631/631 
f 635/635/635 634/634/634 632/632/632 
f 635/635/635 633/633/633 634/634/634 
f 636/636/636 638/638/638 637/637/637 
f 639/639/639 638/638/638 636/636/636 
f 639/639/639 640/640/640 638/638/638 
f 641/641/641 640/640/640 639/639/639 
f 643/643/643 642/642/642 645/645/645 
f 645/645/645 642/642/642 647/647/647 
f 648/648/648 646/646/646 644/644/644 
f 645/645/645 647/647/647 649/649/649 
f 646/646/646 648/648/648 649/649/649 
f 645/645/645 649/649/649 648/648/648 
f 650/650/650 651/651/651 652/652/652 
f 652/652/652 651/651/651 653/653/653 
f 654/654/654 652/652/652 653/653/653 
f 653/653/653 655/655/655 654/654/654 
f 656/656/656 654/654/654 655/655/655 
f 657/657/657 650/650/650 652/652/652 
f 654/654/654 656/656/656 658/658/658 
f 650/650/650 657/657/657 659/659/659 
f 660/660/660 659/659/659 657/657/657 
f 661/661/661 651/651/651 650/650/650 
f 662/662/662 658/658/658 656/656/656 
f 651/651/651 661/661/661 663/663/663 
f 659/659/659 660/660/660 664/664/664 
f 665/665/665 663/663/663 661/661/661 
f 661/661/661 666/666/666 665/665/665 
f 667/667/667 664/664/664 660/660/660 
f 668/668/668 664/664/664 667/667/667 
f 669/669/669 664/664/664 668/668/668 
f 664/664/664 669/669/669 670/670/670 
f 664/664/664 670/670/670 671/671/671 
f 661/661/661 672/672/672 666/666/666 
f 672/672/672 673/673/673 666/666/666 
f 672/672/672 661/661/661 674/674/674 
f 673/673/673 672/672/672 675/675/675 
f 676/676/676 673/673/673 675/675/675 
f 673/673/673 676/676/676 677/677/677 
f 676/676/676 662/662/662 677/677/677 
f 678/678/678 662/662/662 676/676/676 
f 662/662/662 678/678/678 658/658/658 
f 658/658/658 678/678/678 679/679/679 
f 674/674/674 661/661/661 680/680/680 
f 680/680/680 681/681/681 674/674/674 
f 680/680/680 682/682/682 681/681/681 
f 683/683/683 658/658/658 679/679/679 
f 682/682/682 680/680/680 683/683/683 
f 683/683/683 679/679/679 684/684/684 
f 683/683/683 684/684/684 682/682/682 
f 685/685/685 683/683/683 680/680/680 
f 683/683/683 685/685/685 686/686/686 
f 687/687/687 686/686/686 685/685/685 
f 686/686/686 687/687/687 688/688/688 
f 689/689/689 688/688/688 687/687/687 
f 688/688/688 689/689/689 690/690/690 
f 689/689/689 691/691/691 690/690/690 
f 691/691/691 689/689/689 692/692/692 
f 691/691/691 692/692/692 693/693/693 
f 691/691/691 693/693/693 694/694/694 
f 692/692/692 689/689/689 695/695/695 
f 696/696/696 691/691/691 694/694/694 
f 692/692/692 695/695/695 697/697/697 
f 695/695/695 698/698/698 697/697/697 
f 696/696/696 694/694/694 699/699/699 
f 695/695/695 700/700/700 698/698/698 
f 699/699/699 701/701/701 696/696/696 
f 701/701/701 699/699/699 702/702/702 
f 696/696/696 701/701/701 703/703/703 
f 701/701/701 702/702/702 704/704/704 
f 705/705/705 704/704/704 702/702/702 
f 704/704/704 705/705/705 706/706/706 
f 706/706/706 705/705/705 707/707/707 
f 706/706/706 707/707/707 708/708/708 
f 700/700/700 708/708/708 707/707/707 
f 708/708/708 700/700/700 709/709/709 
f 700/700/700 695/695/695 709/709/709 
f 710/710/710 709/709/709 695/695/695 
f 709/709/709 710/710/710 711/711/711 
f 710/710/710 712/712/712 711/711/711 
f 713/713/713 712/712/712 710/710/710 
f 712/712/712 713/713/713 714/714/714 
f 712/712/712 714/714/714 715/715/715 
f 714/714/714 703/703/703 715/715/715 
f 703/703/703 714/714/714 696/696/696 
f 713/713/713 716/716/716 714/714/714 
f 713/713/713 717/717/717 716/716/716 
f 717/717/717 713/713/713 718/718/718 
f 716/716/716 717/717/717 719/719/719 
f 716/716/716 719/719/719 720/720/720 
f 717/717/717 718/718/718 721/721/721 
f 721/721/721 718/718/718 722/722/722 
f 723/723/723 724/724/724 725/725/725 
f 725/725/725 724/724/724 726/726/726 
f 727/727/727 725/725/725 726/726/726 
f 726/726/726 728/728/728 727/727/727 
f 729/729/729 727/727/727 728/728/728 
f 730/730/730 723/723/723 725/725/725 
f 727/727/727 729/729/729 731/731/731 
f 723/723/723 730/730/730 732/732/732 
f 733/733/733 732/732/732 730/730/730 
f 734/734/734 724/724/724 723/723/723 
f 735/735/735 731/731/731 729/729/729 
f 724/724/724 734/734/734 736/736/736 
f 732/732/732 733/733/733 737/737/737 
f 738/738/738 736/736/736 734/734/734 
f 734/734/734 739/739/739 738/738/738 
f 740/740/740 737/737/737 733/733/733 
f 741/741/741 737/737/737 740/740/740 
f 742/742/742 737/737/737 741/741/741 
f 737/737/737 742/742/742 743/743/743 
f 737/737/737 743/743/743 744/744/744 
f 734/734/734 745/745/745 739/739/739 
f 745/745/745 746/746/746 739/739/739 
f 745/745/745 734/734/734 747/747/747 
f 746/746/746 745/745/745 748/748/748 
f 749/749/749 746/746/746 748/748/748 
f 746/746/746 749/749/749 750/750/750 
f 749/749/749 735/735/735 750/750/750 
f 751/751/751 735/735/735 749/749/749 
f 735/735/735 751/751/751 731/731/731 
f 731/731/731 751/751/751 752/752/752 
f 747/747/747 734/734/734 753/753/753 
f 753/753/753 754/754/754 747/747/747 
f 753/753/753 755/755/755 754/754/754 
f 756/756/756 731/731/731 752/752/752 
f 755/755/755 753/753/753 756/756/756 
f 756/756/756 752/752/752 757/757/757 
f 756/756/756 757/757/757 755/755/755 
f 758/758/758 756/756/756 753/753/753 
f 756/756/756 758/758/758 759/759/759 
f 760/760/760 759/759/759 758/758/758 
f 759/759/759 760/760/760 761/761/761 
f 762/762/762 761/761/761 760/760/760 
f 761/761/761 762/762/762 763/763/763 
f 762/762/762 764/764/764 763/763/763 
f 764/764/764 762/762/762 765/765/765 
f 764/764/764 765/765/765 766/766/766 
f 764/764/764 766/766/766 767/767/767 
f 765/765/765 762/762/762 768/768/768 
f 769/769/769 764/764/764 767/767/767 
f 765/765/765 768/768/768 770/770/770 
f 768/768/768 771/771/771 770/770/770 
f 769/769/769 767/767/767 772/772/772 
f 768/768/768 773/773/773 771/771/771 
f 772/772/772 774/774/774 769/769/769 
f 774/774/774 772/772/772 775/775/775 
f 769/769/769 774/774/774 776/776/776 
f 774/774/774 775/775/775 777/777/777 
f 778/778/778 777/777/777 775/775/775 
f 777/777/777 778/778/778 779/779/779 
f 779/779/779 778/778/778 780/780/780 
f 779/779/779 780/780/780 781/781/781 
f 773/773/773 781/781/781 780/780/780 
f 781/781/781 773/773/773 782/782/782 
f 773/773/773 768/768/768 782/782/782 
f 783/783/783 782/782/782 768/768/768 
f 782/782/782 783/783/783 784/784/784 
f 783/783/783 785/785/785 784/784/784 
f 786/786/786 785/785/785 783/783/783 
f 785/785/785 786/786/786 787/787/787 
f 785/785/785 787/787/787 788/788/788 
f 787/787/787 776/776/776 788/788/788 
f 776/776/776 787/787/787 769/769/769 
f 786/786/786 789/789/789 787/787/787 
f 786/786/786 790/790/790 789/789/789 
f 790/790/790 786/786/786 791/791/791 
f 789/789/789 790/790/790 792/792/792 
f 789/789/789 792/792/792 793/793/793 
f 790/790/790 791/791/791 794/794/794 
f 794/794/794 791/791/791 795/795/795 
f 804/804/804 803/803/803 805/805/805 
f 805/805/805 806/806/806 804/804/804 
f 806/806/806 805/805/805 807/807/807 
f 807/807/807 809/809/809 806/806/806 
f 813/813/813 812/812/812 814/814/814 
f 814/814/814 815/815/815 813/813/813 
f 815/815/815 814/814/814 816/816/816 
f 816/816/816 817/817/817 815/815/815 
f 828/828/828 830/830/830 831/831/831 
f 831/831/831 833/833/833 828/828/828 
f 833/833/833 831/831/831 832/832/832 
f 832/832/832 834/834/834 833/833/833 
f 836/836/836 835/835/835 837/837/837 
f 837/837/837 838/838/838 836/836/836 
f 838/838/838 837/837/837 839/839/839 
f 839/839/839 840/840/840 838/838/838 
f 842/842/842 843/843/843 844/844/844 
f 845/845/845 844/844/844 843/843/843 
f 843/843/843 842/842/842 846/846/846 
f 844/844/844 845/845/845 847/847/847 
f 848/848/848 846/846/846 842/842/842 
f 846/846/846 848/848/848 849/849/849 
f 848/848/848 850/850/850 849/849/849 
f 851/851/851 849/849/849 850/850/850 
f 850/850/850 852/852/852 851/851/851 
f 853/853/853 851/851/851 852/852/852 
f 852/852/852 854/854/854 853/853/853 
f 855/855/855 853/853/853 854/854/854 
f 854/854/854 856/856/856 855/855/855 
f 857/857/857 855/855/855 856/856/856 
f 856/856/856 858/858/858 857/857/857 
f 859/859/859 857/857/857 858/858/858 
f 858/858/858 860/860/860 859/859/859 
f 861/861/861 859/859/859 860/860/860 
f 860/860/860 862/862/862 861/861/861 
f 863/863/863 861/861/861 862/862/862 
f 862/862/862 864/864/864 863/863/863 
f 865/865/865 863/863/863 864/864/864 
f 864/864/864 866/866/866 865/865/865 
f 866/866/866 867/867/867 865/865/865 
f 869/869/869 868/868/868 870/870/870 
f 870/870/870 871/871/871 869/869/869 
f 871/871/871 870/870/870 872/872/872 
f 872/872/872 873/873/873 871/871/871 
f 876/876/876 877/877/877 875/875/875 
f 877/877/877 876/876/876 879/879/879 
f 877/877/877 879/879/879 880/880/880 
f 880/880/880 881/881/881 877/877/877 
f 882/882/882 883/883/883 884/884/884 
f 883/883/883 885/885/885 884/884/884 
f 883/883/883 882/882/882 886/886/886 
f 885/885/885 883/883/883 887/887/887 
f 888/888/888 886/886/886 882/882/882 
f 886/886/886 888/888/888 889/889/889 
f 888/888/888 890/890/890 889/889/889 
f 891/891/891 889/889/889 890/890/890 
f 890/890/890 892/892/892 891/891/891 
f 893/893/893 891/891/891 892/892/892 
f 892/892/892 894/894/894 893/893/893 
f 895/895/895 893/893/893 894/894/894 
f 894/894/894 896/896/896 895/895/895 
f 897/897/897 895/895/895 896/896/896 
f 896/896/896 898/898/898 897/897/897 
f 899/899/899 897/897/897 898/898/898 
f 898/898/898 900/900/900 899/899/899 
f 901/901/901 899/899/899 900/900/900 
f 900/900/900 902/902/902 901/901/901 
f 903/903/903 901/901/901 902/902/902 
f 902/902/902 904/904/904 903/903/903 
f 905/905/905 903/903/903 904/904/904 
f 904/904/904 906/906/906 905/905/905 
f 906/906/906 907/907/907 905/905/905 
f 909/909/909 908/908/908 910/910/910 
f 910/910/910 911/911/911 909/909/909 
f 911/911/911 910/910/910 912/912/912 
f 912/912/912 913/913/913 911/911/911 
f 914/914/914 916/916/916 915/915/915 
f 916/916/916 914/914/914 917/917/917 
f 917/917/917 918/918/918 916/916/916 
f 918/918/918 917/917/917 919/919/919 
f 923/923/923 922/922/922 924/924/924 
f 924/924/924 925/925/925 923/923/923 
f 925/925/925 924/924/924 926/926/926 
f 926/926/926 927/927/927 925/925/925 
f 931/931/931 930/930/930 932/932/932 
f 932/932/932 933/933/933 931/931/931 
f 933/933/933 932/932/932 934/934/934 
f 934/934/934 936/936/936 933/933/933 
f 941/941/941 942/942/942 943/943/943 
f 943/943/943 944/944/944 941/941/941 
f 944/944/944 943/943/943 946/946/946 
f 946/946/946 947/947/947 944/944/944 
f 948/948/948 949/949/949 950/950/950 
f 950/950/950 949/949/949 951/951/951 
f 951/951/951 952/952/952 950/950/950 
f 949/949/949 948/948/948 953/953/953 
f 953/953/953 948/948/948 954/954/954 
f 954/954/954 955/955/955 953/953/953 
f 960/960/960 961/961/961 962/962/962 
f 962/962/962 964/964/964 960/960/960 
f 964/964/964 962/962/962 966/966/966 
f 966/966/966 967/967/967 964/964/964 
f 966/966/966 968/968/968 967/967/967 
f 969/969/969 968/968/968 966/966/966 
f 971/971/971 972/972/972 973/973/973 
f 973/973/973 974/974/974 971/971/971 
f 974/974/974 973/973/973 975/975/975 
f 975/975/975 976/976/976 974/974/974 
f 980/980/980 982/982/982 981/981/981 
f 982/982/982 983/983/983 981/981/981 
f 983/983/983 982/982/982 985/985/985 
f 985/985/985 986/986/986 983/983/983 
f 987/987/987 988/988/988 989/989/989 
f 989/989/989 990/990/990 987/987/987 
f 990/990/990 989/989/989 992/992/992 
f 992/992/992 994/994/994 990/990/990 
f 992/992/992 995/995/995 994/994/994 
f 996/996/996 995/995/995 992/992/992 
f 999/999/999 1001/1001/1001 1000/1000/1000 
f 1001/1001/1001 1002/1002/1002 1000/1000/1000 
f 1002/1002/1002 1001/1001/1001 1004/1004/1004 
f 1004/1004/1004 1005/1005/1005 1002/1002/1002 
f 1006/1006/1006 1007/1007/1007 1008/1008/1008 
f 1008/1008/1008 1009/1009/1009 1006/1006/1006 
f 1009/1009/1009 1008/1008/1008 1010/1010/1010 
f 1010/1010/1010 1011/1011/1011 1009/1009/1009 
f 1014/1014/1014 1015/1015/1015 1016/1016/1016 
f 1016/1016/1016 1015/1015/1015 1017/1017/1017 
f 1017/1017/1017 1018/1018/1018 1016/1016/1016 
f 1015/1015/1015 1014/1014/1014 1019/1019/1019 
f 1019/1019/1019 1014/1014/1014 1020/1020/1020 
f 1020/1020/1020 1021/1021/1021 1019/1019/1019 
f 1022/1022/1022 1023/1023/1023 1024/1024/1024 
f 1024/1024/1024 1025/1025/1025 1022/1022/1022 
f 1025/1025/1025 1024/1024/1024 1027/1027/1027 
f 1027/1027/1027 1028/1028/1028 1025/1025/1025 
f 1029/1029/1029 1030/1030/1030 1031/1031/1031 
f 1031/1031/1031 1032/1032/1032 1029/1029/1029 
f 1033/1033/1033 1029/1029/1029 1032/1032/1032 
f 1030/1030/1030 1029/1029/1029 1034/1034/1034 
f 1035/1035/1035 1033/1033/1033 1032/1032/1032 
f 1034/1034/1034 1036/1036/1036 1030/1030/1030 
f 1037/1037/1037 1033/1033/1033 1035/1035/1035 
f 1033/1033/1033 1037/1037/1037 1038/1038/1038 
f 1038/1038/1038 1037/1037/1037 1039/1039/1039 
f 1039/1039/1039 1040/1040/1040 1038/1038/1038 
f 1037/1037/1037 1035/1035/1035 1041/1041/1041 
f 1040/1040/1040 1039/1039/1039 1042/1042/1042 
f 1041/1041/1041 1035/1035/1035 1043/1043/1043 
f 1042/1042/1042 1044/1044/1044 1040/1040/1040 
f 1044/1044/1044 1042/1042/1042 1045/1045/1045 
f 1045/1045/1045 1042/1042/1042 1046/1046/1046 
f 1046/1046/1046 1042/1042/1042 1047/1047/1047 
f 1047/1047/1047 1042/1042/1042 1048/1048/1048 
f 1043/1043/1043 1049/1049/1049 1041/1041/1041 
f 1050/1050/1050 1041/1041/1041 1049/1049/1049 
f 1050/1050/1050 1051/1051/1051 1041/1041/1041 
f 1052/1052/1052 1051/1051/1051 1050/1050/1050 
f 1053/1053/1053 1041/1041/1041 1051/1051/1051 
f 1051/1051/1051 1052/1052/1052 1054/1054/1054 
f 1054/1054/1054 1052/1052/1052 1055/1055/1055 
f 1056/1056/1056 1055/1055/1055 1052/1052/1052 
f 1036/1036/1036 1055/1055/1055 1056/1056/1056 
f 1055/1055/1055 1036/1036/1036 1057/1057/1057 
f 1034/1034/1034 1057/1057/1057 1036/1036/1036 
f 1058/1058/1058 1057/1057/1057 1034/1034/1034 
f 1041/1041/1041 1053/1053/1053 1059/1059/1059 
f 1059/1059/1059 1053/1053/1053 1060/1060/1060 
f 1061/1061/1061 1059/1059/1059 1060/1060/1060 
f 1034/1034/1034 1062/1062/1062 1058/1058/1058 
f 1059/1059/1059 1061/1061/1061 1062/1062/1062 
f 1062/1062/1062 1063/1063/1063 1058/1058/1058 
f 1062/1062/1062 1061/1061/1061 1063/1063/1063 
f 1059/1059/1059 1062/1062/1062 1064/1064/1064 
f 1065/1065/1065 1064/1064/1064 1062/1062/1062 
f 1064/1064/1064 1065/1065/1065 1066/1066/1066 
f 1067/1067/1067 1066/1066/1066 1065/1065/1065 
f 1066/1066/1066 1067/1067/1067 1068/1068/1068 
f 1069/1069/1069 1068/1068/1068 1067/1067/1067 
f 1070/1070/1070 1068/1068/1068 1069/1069/1069 
f 1070/1070/1070 1071/1071/1071 1068/1068/1068 
f 1071/1071/1071 1070/1070/1070 1072/1072/1072 
f 1072/1072/1072 1070/1070/1070 1073/1073/1073 
f 1071/1071/1071 1074/1074/1074 1068/1068/1068 
f 1075/1075/1075 1073/1073/1073 1070/1070/1070 
f 1074/1074/1074 1071/1071/1071 1076/1076/1076 
f 1077/1077/1077 1074/1074/1074 1076/1076/1076 
f 1073/1073/1073 1075/1075/1075 1078/1078/1078 
f 1079/1079/1079 1074/1074/1074 1077/1077/1077 
f 1080/1080/1080 1078/1078/1078 1075/1075/1075 
f 1078/1078/1078 1080/1080/1080 1081/1081/1081 
f 1075/1075/1075 1082/1082/1082 1080/1080/1080 
f 1081/1081/1081 1080/1080/1080 1083/1083/1083 
f 1081/1081/1081 1083/1083/1083 1084/1084/1084 
f 1084/1084/1084 1083/1083/1083 1085/1085/1085 
f 1085/1085/1085 1086/1086/1086 1084/1084/1084 
f 1086/1086/1086 1085/1085/1085 1087/1087/1087 
f 1087/1087/1087 1079/1079/1079 1086/1086/1086 
f 1088/1088/1088 1079/1079/1079 1087/1087/1087 
f 1079/1079/1079 1088/1088/1088 1074/1074/1074 
f 1088/1088/1088 1089/1089/1089 1074/1074/1074 
f 1089/1089/1089 1088/1088/1088 1090/1090/1090 
f 1091/1091/1091 1089/1089/1089 1090/1090/1090 
f 1089/1089/1089 1091/1091/1091 1092/1092/1092 
f 1093/1093/1093 1092/1092/1092 1091/1091/1091 
f 1093/1093/1093 1091/1091/1091 1094/1094/1094 
f 1082/1082/1082 1093/1093/1093 1094/1094/1094 
f 1093/1093/1093 1082/1082/1082 1075/1075/1075 
f 1095/1095/1095 1092/1092/1092 1093/1093/1093 
f 1096/1096/1096 1092/1092/1092 1095/1095/1095 
f 1092/1092/1092 1096/1096/1096 1097/1097/1097 
f 1096/1096/1096 1095/1095/1095 1098/1098/1098 
f 1098/1098/1098 1095/1095/1095 1099/1099/1099 
f 1100/1100/1100 1097/1097/1097 1096/1096/1096 
f 1097/1097/1097 1100/1100/1100 1101/1101/1101 
f 1113/1113/1113 1114/1114/1114 1115/1115/1115 
f 1115/1115/1115 1116/1116/1116 1113/1113/1113 
f 1117/1117/1117 1113/1113/1113 1116/1116/1116 
f 1114/1114/1114 1113/1113/1113 1118/1118/1118 
f 1119/1119/1119 1117/1117/1117 1116/1116/1116 
f 1118/1118/1118 1120/1120/1120 1114/1114/1114 
f 1121/1121/1121 1117/1117/1117 1119/1119/1119 
f 1117/1117/1117 1121/1121/1121 1122/1122/1122 
f 1122/1122/1122 1121/1121/1121 1123/1123/1123 
f 1123/1123/1123 1124/1124/1124 1122/1122/1122 
f 1121/1121/1121 1119/1119/1119 1125/1125/1125 
f 1124/1124/1124 1123/1123/1123 1126/1126/1126 
f 1125/1125/1125 1119/1119/1119 1127/1127/1127 
f 1126/1126/1126 1128/1128/1128 1124/1124/1124 
f 1128/1128/1128 1126/1126/1126 1129/1129/1129 
f 1129/1129/1129 1126/1126/1126 1130/1130/1130 
f 1130/1130/1130 1126/1126/1126 1131/1131/1131 
f 1131/1131/1131 1126/1126/1126 1132/1132/1132 
f 1127/1127/1127 1133/1133/1133 1125/1125/1125 
f 1134/1134/1134 1125/1125/1125 1133/1133/1133 
f 1134/1134/1134 1135/1135/1135 1125/1125/1125 
f 1136/1136/1136 1135/1135/1135 1134/1134/1134 
f 1137/1137/1137 1125/1125/1125 1135/1135/1135 
f 1135/1135/1135 1136/1136/1136 1138/1138/1138 
f 1138/1138/1138 1136/1136/1136 1139/1139/1139 
f 1140/1140/1140 1139/1139/1139 1136/1136/1136 
f 1120/1120/1120 1139/1139/1139 1140/1140/1140 
f 1139/1139/1139 1120/1120/1120 1141/1141/1141 
f 1118/1118/1118 1141/1141/1141 1120/1120/1120 
f 1142/1142/1142 1141/1141/1141 1118/1118/1118 
f 1125/1125/1125 1137/1137/1137 1143/1143/1143 
f 1143/1143/1143 1137/1137/1137 1144/1144/1144 
f 1145/1145/1145 1143/1143/1143 1144/1144/1144 
f 1118/1118/1118 1146/1146/1146 1142/1142/1142 
f 1143/1143/1143 1145/1145/1145 1146/1146/1146 
f 1146/1146/1146 1147/1147/1147 1142/1142/1142 
f 1146/1146/1146 1145/1145/1145 1147/1147/1147 
f 1143/1143/1143 1146/1146/1146 1148/1148/1148 
f 1149/1149/1149 1148/1148/1148 1146/1146/1146 
f 1148/1148/1148 1149/1149/1149 1150/1150/1150 
f 1151/1151/1151 1150/1150/1150 1149/1149/1149 
f 1150/1150/1150 1151/1151/1151 1152/1152/1152 
f 1153/1153/1153 1152/1152/1152 1151/1151/1151 
f 1154/1154/1154 1152/1152/1152 1153/1153/1153 
f 1154/1154/1154 1155/1155/1155 1152/1152/1152 
f 1155/1155/1155 1154/1154/1154 1156/1156/1156 
f 1156/1156/1156 1154/1154/1154 1157/1157/1157 
f 1155/1155/1155 1158/1158/1158 1152/1152/1152 
f 1159/1159/1159 1157/1157/1157 1154/1154/1154 
f 1158/1158/1158 1155/1155/1155 1160/1160/1160 
f 1161/1161/1161 1158/1158/1158 1160/1160/1160 
f 1157/1157/1157 1159/1159/1159 1162/1162/1162 
f 1163/1163/1163 1158/1158/1158 1161/1161/1161 
f 1164/1164/1164 1162/1162/1162 1159/1159/1159 
f 1162/1162/1162 1164/1164/1164 1165/1165/1165 
f 1159/1159/1159 1166/1166/1166 1164/1164/1164 
f 1165/1165/1165 1164/1164/1164 1167/1167/1167 
f 1165/1165/1165 1167/1167/1167 1168/1168/1168 
f 1168/1168/1168 1167/1167/1167 1169/1169/1169 
f 1169/1169/1169 1170/1170/1170 1168/1168/1168 
f 1170/1170/1170 1169/1169/1169 1171/1171/1171 
f 1171/1171/1171 1163/1163/1163 1170/1170/1170 
f 1172/1172/1172 1163/1163/1163 1171/1171/1171 
f 1163/1163/1163 1172/1172/1172 1158/1158/1158 
f 1172/1172/1172 1173/1173/1173 1158/1158/1158 
f 1173/1173/1173 1172/1172/1172 1174/1174/1174 
f 1175/1175/1175 1173/1173/1173 1174/1174/1174 
f 1173/1173/1173 1175/1175/1175 1176/1176/1176 
f 1177/1177/1177 1176/1176/1176 1175/1175/1175 
f 1177/1177/1177 1175/1175/1175 1178/1178/1178 
f 1166/1166/1166 1177/1177/1177 1178/1178/1178 
f 1177/1177/1177 1166/1166/1166 1159/1159/1159 
f 1179/1179/1179 1176/1176/1176 1177/1177/1177 
f 1180/1180/1180 1176/1176/1176 1179/1179/1179 
f 1176/1176/1176 1180/1180/1180 1181/1181/1181 
f 1180/1180/1180 1179/1179/1179 1182/1182/1182 
f 1182/1182/1182 1179/1179/1179 1183/1183/1183 
f 1184/1184/1184 1181/1181/1181 1180/1180/1180 
f 1181/1181/1181 1184/1184/1184 1185/1185/1185 

g Meshpart4

v 4.86306 2.70138 -191.343 
v 4.83733 2.69072 -191.607 
v 4.83733 2.69072 -191.343 
v 4.82667 2.66499 -191.607 
v 4.82667 2.66499 -191.343 
v 4.88879 2.63926 -191.343 
v 4.83733 2.63926 -191.607 
v 4.83733 2.63926 -191.343 
v 5.23287 0.192257 -191.607 
v 5.23287 0.192257 -191.343 
v 5.20714 0.181599 -191.607 
v 5.20714 0.181599 -191.343 
v 5.19649 0.155869 -191.607 
v 5.19649 0.155869 -191.343 
v 5.20714 0.13014 -191.607 
v 5.20714 0.13014 -191.343 
v 4.88879 2.69072 -191.343 
v 4.86306 2.70138 -191.607 
v 4.86306 2.70138 -191.343 
v 4.83733 2.69072 -191.607 
v 4.88879 2.69072 -191.607 
v 4.83733 2.69072 -191.343 
v 4.82667 2.66499 -191.607 
v 4.82667 2.66499 -191.343 
v 5.25861 0.181599 -191.343 
v 5.23287 0.192257 -191.607 
v 5.23287 0.192257 -191.343 
v 5.20714 0.181599 -191.607 
v 5.25861 0.181599 -191.607 
v 5.20714 0.181599 -191.343 
v 4.89945 2.66499 -191.607 
v 4.83733 2.69072 -191.607 
v 4.86306 2.70138 -191.607 
v 4.88879 2.69072 -191.607 
v 4.86306 2.6286 -191.607 
v 4.88879 2.63926 -191.607 
v 4.82667 2.66499 -191.607 
v 4.83733 2.63926 -191.607 
v 5.26926 0.155869 -191.607 
v 5.23287 0.119481 -191.607 
v 5.20714 0.13014 -191.607 
v 5.25861 0.13014 -191.607 
v 5.20714 0.181599 -191.607 
v 5.19649 0.155869 -191.607 
v 5.23287 0.192257 -191.607 
v 5.25861 0.181599 -191.607 
v 4.88879 2.69072 -191.343 
v 4.86306 2.70138 -191.607 
v 4.86306 2.70138 -191.343 
v 4.88879 2.69072 -191.607 
v 4.89945 2.66499 -191.343 
v 4.82667 2.66499 -191.607 
v 4.89945 2.66499 -191.607 
v 4.88879 2.63926 -191.343 
v 4.88879 2.63926 -191.607 
v 5.25861 0.181599 -191.343 
v 5.23287 0.192257 -191.607 
v 5.25861 0.181599 -191.607 
v 5.26926 0.155869 -191.343 
v 5.26926 0.155869 -191.607 
v 5.25861 0.13014 -191.343 
v 5.25861 0.13014 -191.607 
v 4.82667 2.66499 -191.607 
v 4.82667 2.66499 -191.343 
v 4.88879 2.63926 -191.343 
v 4.83733 2.63926 -191.607 
v 4.88879 2.63926 -191.607 
v 4.83733 2.63926 -191.343 
v 4.86306 2.6286 -191.343 
v 4.86306 2.6286 -191.607 
v 5.19649 0.155869 -191.607 
v 5.19649 0.155869 -191.343 
v 5.25861 0.13014 -191.343 
v 5.20714 0.13014 -191.607 
v 5.25861 0.13014 -191.607 
v 5.20714 0.13014 -191.343 
v 5.23287 0.119481 -191.343 
v 5.23287 0.119481 -191.607 
v 4.86306 2.6286 -191.343 
v 4.83733 2.69072 -191.343 
v 4.82667 2.66499 -191.343 
v 4.83733 2.63926 -191.343 
v 4.89945 2.66499 -191.343 
v 4.88879 2.63926 -191.343 
v 4.86306 2.70138 -191.343 
v 4.88879 2.69072 -191.343 
v 5.20714 0.181599 -191.343 
v 5.26926 0.155869 -191.343 
v 5.23287 0.192257 -191.343 
v 5.25861 0.181599 -191.343 
v 5.20714 0.13014 -191.343 
v 5.19649 0.155869 -191.343 
v 5.23287 0.119481 -191.343 
v 5.25861 0.13014 -191.343 

vn 0 1 0 
vn -0.708661 0.708661 0 
vn -0.708661 0.708661 0 
vn -1 0 0 
vn -1 0 0 
vn 0.708661 -0.708661 0 
vn -0.708661 -0.708661 0 
vn -0.708661 -0.708661 0 
vn 0 1 0 
vn 0 1 0 
vn -0.708661 0.708661 0 
vn -0.708661 0.708661 0 
vn -1 0 0 
vn -1 0 0 
vn -0.708661 -0.708661 0 
vn -0.708661 -0.708661 0 
vn 0.708661 0.708661 0 
vn 0 1 0 
vn 0 1 0 
vn -0.708661 0.708661 0 
vn 0.708661 0.708661 0 
vn -0.708661 0.708661 0 
vn -1 0 0 
vn -1 0 0 
vn 0.708661 0.708661 0 
vn 0 1 0 
vn 0 1 0 
vn -0.708661 0.708661 0 
vn 0.708661 0.708661 0 
vn -0.708661 0.708661 0 
vn 0 0 -1 
vn 0 0 -1 
vn 0 0 -1 
vn 0 0 -1 
vn 0 0 -1 
vn 0 0 -1 
vn 0 0 -1 
vn 0 0 -1 
vn 0 0 -1 
vn 0 0 -1 
vn 0 0 -1 
vn 0 0 -1 
vn 0 0 -1 
vn 0 0 -1 
vn 0 0 -1 
vn 0 0 -1 
vn 0.708661 0.708661 0 
vn 0 1 0 
vn 0 1 0 
vn 0.708661 0.708661 0 
vn 1 0 0 
vn -1 0 0 
vn 1 0 0 
vn 0.708661 -0.708661 0 
vn 0.708661 -0.708661 0 
vn 0.708661 0.708661 0 
vn 0 1 0 
vn 0.708661 0.708661 0 
vn 1 0 0 
vn 1 0 0 
vn 0.708661 -0.708661 0 
vn 0.708661 -0.708661 0 
vn -1 0 0 
vn -1 0 0 
vn 0.708661 -0.708661 0 
vn -0.708661 -0.708661 0 
vn 0.708661 -0.708661 0 
vn -0.708661 -0.708661 0 
vn 0 -1 0 
vn 0 -1 0 
vn -1 0 0 
vn -1 0 0 
vn 0.708661 -0.708661 0 
vn -0.708661 -0.708661 0 
vn 0.708661 -0.708661 0 
vn -0.708661 -0.708661 0 
vn 0 -1 0 
vn 0 -1 0 
vn 0 0 1 
vn 0 0 1 
vn 0 0 1 
vn 0 0 1 
vn 0 0 1 
vn 0 0 1 
vn 0 0 1 
vn 0 0 1 
vn 0 0 1 
vn 0 0 1 
vn 0 0 1 
vn 0 0 1 
vn 0 0 1 
vn 0 0 1 
vn 0 0 1 
vn 0 0 1 

vt 1.16105 0.671544 
vt 1.12805 0.670211 
vt 1.16105 0.670211 
vt 1.12805 0.666995 
vt 1.16105 0.666995 
vt 1.16105 0.663779 
vt 1.12805 0.663779 
vt 1.16105 0.663779 
vt 1.12805 0.357904 
vt 1.16105 0.357904 
vt 1.12805 0.356571 
vt 1.16105 0.356571 
vt 1.12805 0.353355 
vt 1.16105 0.353355 
vt 1.12805 0.350139 
vt 1.16105 0.350139 
vt 1.12466 0.493673 
vt 1.12144 0.526677 
vt 1.12144 0.493673 
vt 1.11822 0.526677 
vt 1.12466 0.526677 
vt 1.11822 0.493673 
vt 1.11689 0.526677 
vt 1.11689 0.493673 
vt 1.17088 0.493673 
vt 1.16767 0.526677 
vt 1.16767 0.493673 
vt 1.16445 0.526677 
vt 1.17088 0.526677 
vt 1.16445 0.493673 
vt 1.16312 0.666995 
vt 1.17088 0.670211 
vt 1.16767 0.671544 
vt 1.16445 0.670211 
vt 1.16767 0.662447 
vt 1.16445 0.663779 
vt 1.17221 0.666995 
vt 1.17088 0.663779 
vt 1.11689 0.353355 
vt 1.12144 0.348807 
vt 1.12466 0.350139 
vt 1.11822 0.350139 
vt 1.12466 0.356571 
vt 1.12599 0.353355 
vt 1.12144 0.357904 
vt 1.11822 0.356571 
vt 1.12805 0.670211 
vt 1.16105 0.671544 
vt 1.12805 0.671544 
vt 1.16105 0.670211 
vt 1.12805 0.666995 
vt 1.16105 0.666995 
vt 1.16105 0.666995 
vt 1.12805 0.663779 
vt 1.16105 0.663779 
vt 1.12805 0.356571 
vt 1.16105 0.357904 
vt 1.16105 0.356571 
vt 1.12805 0.353355 
vt 1.16105 0.353355 
vt 1.12805 0.350139 
vt 1.16105 0.350139 
vt 1.17221 0.526677 
vt 1.17221 0.493673 
vt 1.16445 0.493673 
vt 1.17088 0.526677 
vt 1.16445 0.526677 
vt 1.17088 0.493673 
vt 1.16767 0.493673 
vt 1.16767 0.526677 
vt 1.12599 0.526677 
vt 1.12599 0.493673 
vt 1.11822 0.493673 
vt 1.12466 0.526677 
vt 1.11822 0.526677 
vt 1.12466 0.493673 
vt 1.12144 0.493673 
vt 1.12144 0.526677 
vt 1.12144 0.662447 
vt 1.11822 0.670211 
vt 1.11689 0.666995 
vt 1.11822 0.663779 
vt 1.12599 0.666995 
vt 1.12466 0.663779 
vt 1.12144 0.671544 
vt 1.12466 0.670211 
vt 1.16445 0.356571 
vt 1.17221 0.353355 
vt 1.16767 0.357904 
vt 1.17088 0.356571 
vt 1.16445 0.350139 
vt 1.16312 0.353355 
vt 1.16767 0.348807 
vt 1.17088 0.350139 

usemtl Meshpart2Mtl

f 1189/1189/1189 1188/1188/1188 1187/1187/1187 
f 1188/1188/1188 1189/1189/1189 1190/1190/1190 
f 1192/1192/1192 1190/1190/1190 1189/1189/1189 
f 1190/1190/1190 1192/1192/1192 1193/1193/1193 
f 1198/1198/1198 1197/1197/1197 1196/1196/1196 
f 1197/1197/1197 1198/1198/1198 1199/1199/1199 
f 1200/1200/1200 1199/1199/1199 1198/1198/1198 
f 1199/1199/1199 1200/1200/1200 1201/1201/1201 
f 1202/1202/1202 1203/1203/1203 1204/1204/1204 
f 1205/1205/1205 1204/1204/1204 1203/1203/1203 
f 1203/1203/1203 1202/1202/1202 1206/1206/1206 
f 1204/1204/1204 1205/1205/1205 1207/1207/1207 
f 1210/1210/1210 1211/1211/1211 1212/1212/1212 
f 1213/1213/1213 1212/1212/1212 1211/1211/1211 
f 1211/1211/1211 1210/1210/1210 1214/1214/1214 
f 1212/1212/1212 1213/1213/1213 1215/1215/1215 
f 1216/1216/1216 1217/1217/1217 1218/1218/1218 
f 1216/1216/1216 1218/1218/1218 1219/1219/1219 
f 1217/1217/1217 1216/1216/1216 1220/1220/1220 
f 1220/1220/1220 1216/1216/1216 1221/1221/1221 
f 1217/1217/1217 1220/1220/1220 1222/1222/1222 
f 1222/1222/1222 1220/1220/1220 1223/1223/1223 
f 1224/1224/1224 1225/1225/1225 1226/1226/1226 
f 1225/1225/1225 1224/1224/1224 1227/1227/1227 
f 1228/1228/1228 1224/1224/1224 1226/1226/1226 
f 1228/1228/1228 1226/1226/1226 1229/1229/1229 
f 1224/1224/1224 1228/1228/1228 1230/1230/1230 
f 1224/1224/1224 1230/1230/1230 1231/1231/1231 
f 1236/1236/1236 1235/1235/1235 1232/1232/1232 
f 1235/1235/1235 1236/1236/1236 1238/1238/1238 
f 1239/1239/1239 1238/1238/1238 1236/1236/1236 
f 1238/1238/1238 1239/1239/1239 1240/1240/1240 
f 1244/1244/1244 1243/1243/1243 1241/1241/1241 
f 1243/1243/1243 1244/1244/1244 1245/1245/1245 
f 1246/1246/1246 1245/1245/1245 1244/1244/1244 
f 1245/1245/1245 1246/1246/1246 1247/1247/1247 
f 1254/1254/1254 1252/1252/1252 1250/1250/1250 
f 1255/1255/1255 1253/1253/1253 1251/1251/1251 
f 1252/1252/1252 1254/1254/1254 1255/1255/1255 
f 1253/1253/1253 1255/1255/1255 1254/1254/1254 
f 1262/1262/1262 1260/1260/1260 1258/1258/1258 
f 1263/1263/1263 1261/1261/1261 1259/1259/1259 
f 1260/1260/1260 1262/1262/1262 1263/1263/1263 
f 1261/1261/1261 1263/1263/1263 1262/1262/1262 
f 1264/1264/1264 1265/1265/1265 1266/1266/1266 
f 1264/1264/1264 1266/1266/1266 1267/1267/1267 
f 1268/1268/1268 1265/1265/1265 1264/1264/1264 
f 1268/1268/1268 1264/1264/1264 1269/1269/1269 
f 1265/1265/1265 1268/1268/1268 1270/1270/1270 
f 1270/1270/1270 1268/1268/1268 1271/1271/1271 
f 1272/1272/1272 1273/1273/1273 1274/1274/1274 
f 1274/1274/1274 1273/1273/1273 1275/1275/1275 
f 1273/1273/1273 1272/1272/1272 1276/1276/1276 
f 1276/1276/1276 1272/1272/1272 1277/1277/1277 
f 1273/1273/1273 1276/1276/1276 1278/1278/1278 
f 1273/1273/1273 1278/1278/1278 1279/1279/1279 

g Meshpart5

v 4.72313 1.80987 -191.451 
v 4.81758 1.80987 -191.451 
v 4.72313 1.80987 -191.337 
v 4.70357 1.75339 -191.451 
v 4.70357 1.75339 -191.337 
v 4.71089 1.47065 -191.451 
v 4.71089 1.47065 -191.337 
v 4.72747 1.20559 -191.451 
v 4.72747 1.20559 -191.337 
v 4.79059 0.858062 -191.451 
v 4.79059 0.858062 -191.337 
v 4.85039 0.654848 -191.451 
v 4.85039 0.654848 -191.337 
v 4.9021 0.593979 -191.451 
v 4.9021 0.593979 -191.337 
v 4.72313 1.80987 -191.613 
v 4.81758 1.80987 -191.613 
v 4.72313 1.80987 -191.499 
v 4.70357 1.75339 -191.613 
v 4.70357 1.75339 -191.499 
v 4.71089 1.47065 -191.613 
v 4.71089 1.47065 -191.499 
v 4.72747 1.20559 -191.613 
v 4.72747 1.20559 -191.499 
v 4.79059 0.858062 -191.613 
v 4.79059 0.858062 -191.499 
v 4.85039 0.654848 -191.613 
v 4.85039 0.654848 -191.499 
v 4.9021 0.593979 -191.613 
v 4.9021 0.593979 -191.499 
v 4.81623 2.28456 -191.337 
v 4.82654 2.42173 -191.337 
v 4.81623 2.28456 -191.451 
v 4.82654 2.42173 -191.451 
v 4.78923 2.16789 -191.451 
v 4.81826 2.52944 -191.451 
v 4.78923 2.16789 -191.337 
v 4.81826 2.52944 -191.337 
v 4.79225 2.15254 -191.337 
v 4.81194 2.56455 -191.451 
v 4.79225 2.15254 -191.451 
v 4.81194 2.56455 -191.337 
v 4.8065 2.13638 -191.337 
v 4.82614 2.58428 -191.451 
v 4.8065 2.13638 -191.451 
v 4.82614 2.58428 -191.337 
v 4.85883 2.14981 -191.451 
v 4.90663 2.5468 -191.451 
v 4.81623 2.28456 -191.499 
v 4.82654 2.42173 -191.499 
v 4.81623 2.28456 -191.613 
v 4.82654 2.42173 -191.613 
v 4.78923 2.16789 -191.613 
v 4.81826 2.52944 -191.613 
v 4.78923 2.16789 -191.499 
v 4.81826 2.52944 -191.499 
v 4.79225 2.15254 -191.499 
v 4.81194 2.56455 -191.613 
v 4.79225 2.15254 -191.613 
v 4.81194 2.56455 -191.499 
v 4.8065 2.13638 -191.499 
v 4.82614 2.58428 -191.613 
v 4.8065 2.13638 -191.613 
v 4.82614 2.58428 -191.499 
v 4.81758 1.80987 -191.337 
v 4.77035 1.83326 -191.451 
v 4.77035 1.83326 -191.337 
v 4.72313 1.80987 -191.451 
v 4.81758 1.80987 -191.451 
v 4.72313 1.80987 -191.337 
v 4.70357 1.75339 -191.451 
v 4.81758 1.80987 -191.499 
v 4.77035 1.83326 -191.613 
v 4.77035 1.83326 -191.499 
v 4.72313 1.80987 -191.613 
v 4.81758 1.80987 -191.613 
v 4.72313 1.80987 -191.499 
v 4.70357 1.75339 -191.613 
v 4.82614 2.58428 -191.451 
v 4.82614 2.58428 -191.337 
v 4.86244 2.58664 -191.451 
v 4.86244 2.58664 -191.337 
v 4.8944 2.57086 -191.451 
v 4.8944 2.57086 -191.337 
v 4.90663 2.5468 -191.451 
v 4.90663 2.5468 -191.337 
v 4.82614 2.58428 -191.613 
v 4.82614 2.58428 -191.499 
v 4.86244 2.58664 -191.613 
v 4.86244 2.58664 -191.499 
v 4.8944 2.57086 -191.613 
v 4.8944 2.57086 -191.499 
v 4.82654 2.42173 -191.613 
v 4.90347 2.32981 -191.613 
v 4.81623 2.28456 -191.613 
v 4.87033 2.18186 -191.613 
v 4.91097 2.45921 -191.613 
v 4.78923 2.16789 -191.613 
v 4.85883 2.14981 -191.613 
v 4.83116 2.13364 -191.613 
v 4.79225 2.15254 -191.613 
v 4.8065 2.13638 -191.613 
v 4.81826 2.52944 -191.613 
v 4.90663 2.5468 -191.613 
v 4.8944 2.57086 -191.613 
v 4.86244 2.58664 -191.613 
v 4.81194 2.56455 -191.613 
v 4.82614 2.58428 -191.613 
v 4.71089 1.47065 -191.613 
v 4.84775 1.39604 -191.613 
v 4.72747 1.20559 -191.613 
v 4.86536 1.25565 -191.613 
v 4.83713 1.75339 -191.613 
v 4.92848 0.949362 -191.613 
v 4.70357 1.75339 -191.613 
v 4.79059 0.858062 -191.613 
v 4.72313 1.80987 -191.613 
v 4.81758 1.80987 -191.613 
v 4.77035 1.83326 -191.613 
v 5.01947 0.662701 -191.613 
v 4.85039 0.654848 -191.613 
v 4.9021 0.593979 -191.613 
v 4.96365 0.587109 -191.613 
v 5.01372 0.620488 -191.613 
v 4.72313 1.80987 -191.337 
v 5.01372 0.620488 -191.337 
v 4.9021 0.593979 -191.451 
v 4.72313 1.80987 -191.499 
v 5.01372 0.620488 -191.499 
v 4.9021 0.593979 -191.613 
v 4.82654 2.42173 -191.451 
v 4.90347 2.32981 -191.451 
v 4.81623 2.28456 -191.451 
v 4.87033 2.18186 -191.451 
v 4.91097 2.45921 -191.451 
v 4.78923 2.16789 -191.451 
v 4.85883 2.14981 -191.451 
v 4.83116 2.13364 -191.451 
v 4.79225 2.15254 -191.451 
v 4.8065 2.13638 -191.451 
v 4.81826 2.52944 -191.451 
v 4.90663 2.5468 -191.451 
v 4.8944 2.57086 -191.451 
v 4.86244 2.58664 -191.451 
v 4.81194 2.56455 -191.451 
v 4.82614 2.58428 -191.451 
v 4.71089 1.47065 -191.451 
v 4.84775 1.39604 -191.451 
v 4.72747 1.20559 -191.451 
v 4.86536 1.25565 -191.451 
v 4.83713 1.75339 -191.451 
v 4.92848 0.949362 -191.451 
v 4.70357 1.75339 -191.451 
v 4.79059 0.858062 -191.451 
v 4.72313 1.80987 -191.451 
v 4.81758 1.80987 -191.451 
v 4.77035 1.83326 -191.451 
v 5.01947 0.662701 -191.451 
v 4.85039 0.654848 -191.451 
v 4.9021 0.593979 -191.451 
v 4.96365 0.587109 -191.451 
v 5.01372 0.620488 -191.451 
v 4.81758 1.80987 -191.337 
v 4.81758 1.80987 -191.451 
v 4.72313 1.80987 -191.337 
v 4.83713 1.75339 -191.337 
v 4.70357 1.75339 -191.451 
v 4.83713 1.75339 -191.451 
v 4.84775 1.39604 -191.337 
v 4.84775 1.39604 -191.451 
v 4.86536 1.25565 -191.451 
v 4.86536 1.25565 -191.337 
v 4.92848 0.949362 -191.337 
v 4.92848 0.949362 -191.451 
v 5.01947 0.662701 -191.337 
v 5.01947 0.662701 -191.451 
v 4.85039 0.654848 -191.337 
v 5.01372 0.620488 -191.337 
v 4.9021 0.593979 -191.451 
v 5.01372 0.620488 -191.451 
v 4.81758 1.80987 -191.499 
v 4.81758 1.80987 -191.613 
v 4.72313 1.80987 -191.499 
v 4.83713 1.75339 -191.499 
v 4.70357 1.75339 -191.613 
v 4.83713 1.75339 -191.613 
v 4.84775 1.39604 -191.499 
v 4.84775 1.39604 -191.613 
v 4.86536 1.25565 -191.613 
v 4.86536 1.25565 -191.499 
v 4.92848 0.949362 -191.499 
v 4.92848 0.949362 -191.613 
v 5.01947 0.662701 -191.499 
v 5.01947 0.662701 -191.613 
v 4.85039 0.654848 -191.499 
v 5.01372 0.620488 -191.499 
v 4.9021 0.593979 -191.613 
v 5.01372 0.620488 -191.613 
v 4.8065 2.13638 -191.337 
v 4.85883 2.14981 -191.337 
v 4.8944 2.57086 -191.451 
v 4.85883 2.14981 -191.451 
v 4.8944 2.57086 -191.337 
v 4.87033 2.18186 -191.337 
v 4.90663 2.5468 -191.451 
v 4.87033 2.18186 -191.451 
v 4.90663 2.5468 -191.337 
v 4.90347 2.32981 -191.337 
v 4.91097 2.45921 -191.451 
v 4.90347 2.32981 -191.451 
v 4.91097 2.45921 -191.337 
v 4.8065 2.13638 -191.499 
v 4.85883 2.14981 -191.499 
v 4.8944 2.57086 -191.613 
v 4.85883 2.14981 -191.613 
v 4.8944 2.57086 -191.499 
v 4.87033 2.18186 -191.499 
v 4.90663 2.5468 -191.613 
v 4.87033 2.18186 -191.613 
v 4.90663 2.5468 -191.499 
v 4.90347 2.32981 -191.499 
v 4.91097 2.45921 -191.613 
v 4.90347 2.32981 -191.613 
v 4.91097 2.45921 -191.499 
v 4.85039 0.654848 -191.337 
v 5.01372 0.620488 -191.337 
v 4.9021 0.593979 -191.451 
v 5.01372 0.620488 -191.451 
v 4.9021 0.593979 -191.337 
v 4.96365 0.587109 -191.337 
v 4.96365 0.587109 -191.451 
v 4.85039 0.654848 -191.499 
v 5.01372 0.620488 -191.499 
v 4.9021 0.593979 -191.613 
v 5.01372 0.620488 -191.613 
v 4.9021 0.593979 -191.499 
v 4.96365 0.587109 -191.499 
v 4.96365 0.587109 -191.613 
v 4.78923 2.16789 -191.451 
v 4.8065 2.13638 -191.337 
v 4.8065 2.13638 -191.451 
v 4.82614 2.58428 -191.337 
v 4.83116 2.13364 -191.337 
v 4.83116 2.13364 -191.451 
v 4.85883 2.14981 -191.337 
v 4.85883 2.14981 -191.451 
v 4.90663 2.5468 -191.451 
v 4.90663 2.5468 -191.337 
v 4.78923 2.16789 -191.613 
v 4.8065 2.13638 -191.499 
v 4.8065 2.13638 -191.613 
v 4.82614 2.58428 -191.499 
v 4.83116 2.13364 -191.499 
v 4.83116 2.13364 -191.613 
v 4.85883 2.14981 -191.499 
v 4.85883 2.14981 -191.613 
v 4.87033 2.18186 -191.337 
v 4.78923 2.16789 -191.337 
v 4.85883 2.14981 -191.337 
v 4.83116 2.13364 -191.337 
v 4.79225 2.15254 -191.337 
v 4.8065 2.13638 -191.337 
v 4.81623 2.28456 -191.337 
v 4.90347 2.32981 -191.337 
v 4.82654 2.42173 -191.337 
v 4.91097 2.45921 -191.337 
v 4.81826 2.52944 -191.337 
v 4.90663 2.5468 -191.337 
v 4.8944 2.57086 -191.337 
v 4.86244 2.58664 -191.337 
v 4.81194 2.56455 -191.337 
v 4.82614 2.58428 -191.337 
v 4.9021 0.593979 -191.337 
v 5.01947 0.662701 -191.337 
v 4.85039 0.654848 -191.337 
v 4.96365 0.587109 -191.337 
v 5.01372 0.620488 -191.337 
v 4.79059 0.858062 -191.337 
v 4.92848 0.949362 -191.337 
v 4.72747 1.20559 -191.337 
v 4.86536 1.25565 -191.337 
v 4.84775 1.39604 -191.337 
v 4.71089 1.47065 -191.337 
v 4.83713 1.75339 -191.337 
v 4.70357 1.75339 -191.337 
v 4.72313 1.80987 -191.337 
v 4.81758 1.80987 -191.337 
v 4.77035 1.83326 -191.337 
v 4.87033 2.18186 -191.499 
v 4.78923 2.16789 -191.499 
v 4.85883 2.14981 -191.499 
v 4.83116 2.13364 -191.499 
v 4.79225 2.15254 -191.499 
v 4.8065 2.13638 -191.499 
v 4.81623 2.28456 -191.499 
v 4.90347 2.32981 -191.499 
v 4.82654 2.42173 -191.499 
v 4.91097 2.45921 -191.499 
v 4.81826 2.52944 -191.499 
v 4.90663 2.5468 -191.499 
v 4.8944 2.57086 -191.499 
v 4.86244 2.58664 -191.499 
v 4.81194 2.56455 -191.499 
v 4.82614 2.58428 -191.499 
v 4.9021 0.593979 -191.499 
v 5.01947 0.662701 -191.499 
v 4.85039 0.654848 -191.499 
v 4.96365 0.587109 -191.499 
v 5.01372 0.620488 -191.499 
v 4.79059 0.858062 -191.499 
v 4.92848 0.949362 -191.499 
v 4.72747 1.20559 -191.499 
v 4.86536 1.25565 -191.499 
v 4.84775 1.39604 -191.499 
v 4.71089 1.47065 -191.499 
v 4.83713 1.75339 -191.499 
v 4.70357 1.75339 -191.499 
v 4.72313 1.80987 -191.499 
v 4.81758 1.80987 -191.499 
v 4.77035 1.83326 -191.499 

vn -0.748031 0.661417 0 
vn 0.748031 0.661417 0 
vn -0.748031 0.661417 0 
vn -0.992126 0.149606 0 
vn -0.992126 0.149606 0 
vn -1 -0.0472441 0 
vn -1 -0.0472441 0 
vn -0.992126 -0.11811 0 
vn -0.992126 -0.11811 0 
vn -0.976378 -0.228346 0 
vn -0.976378 -0.228346 0 
vn -0.88189 -0.472441 0 
vn -0.88189 -0.472441 0 
vn -0.472441 -0.88189 0 
vn -0.472441 -0.88189 0 
vn -0.748031 0.661417 0 
vn 0.748031 0.661417 0 
vn -0.748031 0.661417 0 
vn -0.992126 0.149606 0 
vn -0.992126 0.149606 0 
vn -1 -0.0472441 0 
vn -1 -0.0472441 0 
vn -0.992126 -0.11811 0 
vn -0.992126 -0.11811 0 
vn -0.976378 -0.228346 0 
vn -0.976378 -0.228346 0 
vn -0.88189 -0.472441 0 
vn -0.88189 -0.472441 0 
vn -0.472441 -0.88189 0 
vn -0.472441 -0.88189 0 
vn -0.992126 0.149606 0 
vn -1 0 0 
vn -0.992126 0.149606 0 
vn -1 0 0 
vn -1 0.015748 0 
vn -0.992126 -0.125984 0 
vn -1 0.015748 0 
vn -0.992126 -0.125984 0 
vn -0.897638 -0.440945 0 
vn -0.976378 0.220472 0 
vn -0.897638 -0.440945 0 
vn -0.976378 0.220472 0 
vn -0.464567 -0.889764 0 
vn -0.480315 0.874016 0 
vn -0.464567 -0.889764 0 
vn -0.480315 0.874016 0 
vn 0.771654 -0.637795 0 
vn 0.968504 0.259843 0 
vn -0.992126 0.149606 0 
vn -1 0 0 
vn -0.992126 0.149606 0 
vn -1 0 0 
vn -1 0.015748 0 
vn -0.992126 -0.125984 0 
vn -1 0.015748 0 
vn -0.992126 -0.125984 0 
vn -0.897638 -0.440945 0 
vn -0.976378 0.220472 0 
vn -0.897638 -0.440945 0 
vn -0.976378 0.220472 0 
vn -0.464567 -0.889764 0 
vn -0.480315 0.874016 0 
vn -0.464567 -0.889764 0 
vn -0.480315 0.874016 0 
vn 0.748031 0.661417 0 
vn 0 1 0 
vn 0 1 0 
vn -0.748031 0.661417 0 
vn 0.748031 0.661417 0 
vn -0.748031 0.661417 0 
vn -0.992126 0.149606 0 
vn 0.748031 0.661417 0 
vn 0 1 0 
vn 0 1 0 
vn -0.748031 0.661417 0 
vn 0.748031 0.661417 0 
vn -0.748031 0.661417 0 
vn -0.992126 0.149606 0 
vn -0.480315 0.874016 0 
vn -0.480315 0.874016 0 
vn 0.19685 0.984252 0 
vn 0.19685 0.984252 0 
vn 0.700787 0.708661 0 
vn 0.700787 0.708661 0 
vn 0.968504 0.259843 0 
vn 0.968504 0.259843 0 
vn -0.480315 0.874016 0 
vn -0.480315 0.874016 0 
vn 0.19685 0.984252 0 
vn 0.19685 0.984252 0 
vn 0.700787 0.708661 0 
vn 0.700787 0.708661 0 
vn 0 0 -1 
vn 0 0 -1 
vn 0 0 -1 
vn 0 0 -1 
vn 0 0 -1 
vn 0 0 -1 
vn 0 0 -1 
vn 0 0 -1 
vn 0 0 -1 
vn 0 0 -1 
vn 0 0 -1 
vn 0 0 -1 
vn 0 0 -1 
vn 0 0 -1 
vn 0 0 -1 
vn 0 0 -1 
vn 0 0 -1 
vn 0 0 -1 
vn 0 0 -1 
vn 0 0 -1 
vn 0 0 -1 
vn 0 0 -1 
vn 0 0 -1 
vn 0 0 -1 
vn 0 0 -1 
vn 0 0 -1 
vn 0 0 -1 
vn 0 0 -1 
vn 0 0 -1 
vn 0 0 -1 
vn 0 0 -1 
vn 0 0 -1 
vn -0.748031 0.661417 0 
vn 0.850394 -0.527559 0 
vn -0.472441 -0.88189 0 
vn -0.748031 0.661417 0 
vn 0.850394 -0.527559 0 
vn -0.472441 -0.88189 0 
vn 0 0 -1 
vn 0 0 -1 
vn 0 0 -1 
vn 0 0 -1 
vn 0 0 -1 
vn 0 0 -1 
vn 0 0 -1 
vn 0 0 -1 
vn 0 0 -1 
vn 0 0 -1 
vn 0 0 -1 
vn 0 0 -1 
vn 0 0 -1 
vn 0 0 -1 
vn 0 0 -1 
vn 0 0 -1 
vn 0 0 -1 
vn 0 0 -1 
vn 0 0 -1 
vn 0 0 -1 
vn 0 0 -1 
vn 0 0 -1 
vn 0 0 -1 
vn 0 0 -1 
vn 0 0 -1 
vn 0 0 -1 
vn 0 0 -1 
vn 0 0 -1 
vn 0 0 -1 
vn 0 0 -1 
vn 0 0 -1 
vn 0 0 -1 
vn 0.748031 0.661417 0 
vn 0.748031 0.661417 0 
vn -0.748031 0.661417 0 
vn 0.984252 0.181102 0 
vn -0.992126 0.149606 0 
vn 0.984252 0.181102 0 
vn 1 0.0787402 0 
vn 1 0.0787402 0 
vn 0.984252 0.165354 0 
vn 0.984252 0.165354 0 
vn 0.968504 0.251969 0 
vn 0.968504 0.251969 0 
vn 1 0.0866142 0 
vn 1 0.0866142 0 
vn -0.88189 -0.472441 0 
vn 0.850394 -0.527559 0 
vn -0.472441 -0.88189 0 
vn 0.850394 -0.527559 0 
vn 0.748031 0.661417 0 
vn 0.748031 0.661417 0 
vn -0.748031 0.661417 0 
vn 0.984252 0.181102 0 
vn -0.992126 0.149606 0 
vn 0.984252 0.181102 0 
vn 1 0.0787402 0 
vn 1 0.0787402 0 
vn 0.984252 0.165354 0 
vn 0.984252 0.165354 0 
vn 0.968504 0.251969 0 
vn 0.968504 0.251969 0 
vn 1 0.0866142 0 
vn 1 0.0866142 0 
vn -0.88189 -0.472441 0 
vn 0.850394 -0.527559 0 
vn -0.472441 -0.88189 0 
vn 0.850394 -0.527559 0 
vn -0.464567 -0.889764 0 
vn 0.771654 -0.637795 0 
vn 0.700787 0.708661 0 
vn 0.771654 -0.637795 0 
vn 0.700787 0.708661 0 
vn 0.96063 -0.275591 0 
vn 0.968504 0.259843 0 
vn 0.96063 -0.275591 0 
vn 0.968504 0.259843 0 
vn 0.992126 -0.141732 0 
vn 1 -0.00787402 0 
vn 0.992126 -0.141732 0 
vn 1 -0.00787402 0 
vn -0.464567 -0.889764 0 
vn 0.771654 -0.637795 0 
vn 0.700787 0.708661 0 
vn 0.771654 -0.637795 0 
vn 0.700787 0.708661 0 
vn 0.96063 -0.275591 0 
vn 0.968504 0.259843 0 
vn 0.96063 -0.275591 0 
vn 0.968504 0.259843 0 
vn 0.992126 -0.141732 0 
vn 1 -0.00787402 0 
vn 0.992126 -0.141732 0 
vn 1 -0.00787402 0 
vn -0.88189 -0.472441 0 
vn 0.850394 -0.527559 0 
vn -0.472441 -0.88189 0 
vn 0.850394 -0.527559 0 
vn -0.472441 -0.88189 0 
vn 0.23622 -0.968504 0 
vn 0.23622 -0.968504 0 
vn -0.88189 -0.472441 0 
vn 0.850394 -0.527559 0 
vn -0.472441 -0.88189 0 
vn 0.850394 -0.527559 0 
vn -0.472441 -0.88189 0 
vn 0.23622 -0.968504 0 
vn 0.23622 -0.968504 0 
vn -1 0.015748 0 
vn -0.464567 -0.889764 0 
vn -0.464567 -0.889764 0 
vn -0.480315 0.874016 0 
vn 0.204724 -0.976378 0 
vn 0.204724 -0.976378 0 
vn 0.771654 -0.637795 0 
vn 0.771654 -0.637795 0 
vn 0.968504 0.259843 0 
vn 0.968504 0.259843 0 
vn -1 0.015748 0 
vn -0.464567 -0.889764 0 
vn -0.464567 -0.889764 0 
vn -0.480315 0.874016 0 
vn 0.204724 -0.976378 0 
vn 0.204724 -0.976378 0 
vn 0.771654 -0.637795 0 
vn 0.771654 -0.637795 0 
vn 0 0 1 
vn 0 0 1 
vn 0 0 1 
vn 0 0 1 
vn 0 0 1 
vn 0 0 1 
vn 0 0 1 
vn 0 0 1 
vn 0 0 1 
vn 0 0 1 
vn 0 0 1 
vn 0 0 1 
vn 0 0 1 
vn 0 0 1 
vn 0 0 1 
vn 0 0 1 
vn 0 0 1 
vn 0 0 1 
vn 0 0 1 
vn 0 0 1 
vn 0 0 1 
vn 0 0 1 
vn 0 0 1 
vn 0 0 1 
vn 0 0 1 
vn 0 0 1 
vn 0 0 1 
vn 0 0 1 
vn 0 0 1 
vn 0 0 1 
vn 0 0 1 
vn 0 0 1 
vn 0 0 1 
vn 0 0 1 
vn 0 0 1 
vn 0 0 1 
vn 0 0 1 
vn 0 0 1 
vn 0 0 1 
vn 0 0 1 
vn 0 0 1 
vn 0 0 1 
vn 0 0 1 
vn 0 0 1 
vn 0 0 1 
vn 0 0 1 
vn 0 0 1 
vn 0 0 1 
vn 0 0 1 
vn 0 0 1 
vn 0 0 1 
vn 0 0 1 
vn 0 0 1 
vn 0 0 1 
vn 0 0 1 
vn 0 0 1 
vn 0 0 1 
vn 0 0 1 
vn 0 0 1 
vn 0 0 1 
vn 0 0 1 
vn 0 0 1 
vn 0 0 1 
vn 0 0 1 

vt 0.905044 1.14459 
vt 0.905044 1.14459 
vt 0.919302 1.14459 
vt 0.905044 1.13753 
vt 0.919302 1.13753 
vt 0.905044 1.10218 
vt 0.919302 1.10218 
vt 0.905044 1.06905 
vt 0.919302 1.06905 
vt 0.905044 1.02561 
vt 0.919302 1.02561 
vt 0.905044 1.00021 
vt 0.919302 1.00021 
vt 0.905044 0.992601 
vt 0.919302 0.992601 
vt 0.884766 1.14459 
vt 0.884766 1.14459 
vt 0.899024 1.14459 
vt 0.884766 1.13753 
vt 0.899024 1.13753 
vt 0.884766 1.10218 
vt 0.899024 1.10218 
vt 0.884766 1.06905 
vt 0.899024 1.06905 
vt 0.884766 1.02561 
vt 0.899024 1.02561 
vt 0.884766 1.00021 
vt 0.899024 1.00021 
vt 0.884766 0.992601 
vt 0.899024 0.992601 
vt 0.919302 1.20392 
vt 0.919302 1.22107 
vt 0.905044 1.20392 
vt 0.905044 1.22107 
vt 0.905044 1.18934 
vt 0.905044 1.23453 
vt 0.919302 1.18934 
vt 0.919302 1.23453 
vt 0.919302 1.18742 
vt 0.905044 1.23892 
vt 0.905044 1.18742 
vt 0.919302 1.23892 
vt 0.919302 1.1854 
vt 0.905044 1.24139 
vt 0.905044 1.1854 
vt 0.919302 1.24139 
vt 0.905044 1.18708 
vt 0.905044 1.2367 
vt 0.899024 1.20392 
vt 0.899024 1.22107 
vt 0.884766 1.20392 
vt 0.884766 1.22107 
vt 0.884766 1.18934 
vt 0.884766 1.23453 
vt 0.899024 1.18934 
vt 0.899024 1.23453 
vt 0.899024 1.18742 
vt 0.884766 1.23892 
vt 0.884766 1.18742 
vt 0.899024 1.23892 
vt 0.899024 1.1854 
vt 0.884766 1.24139 
vt 0.884766 1.1854 
vt 0.899024 1.24139 
vt 0.896542 1.09944 
vt 0.890639 1.1137 
vt 0.890639 1.09944 
vt 0.884736 1.1137 
vt 0.896542 1.1137 
vt 0.884736 1.09944 
vt 0.882291 1.1137 
vt 0.896542 1.11972 
vt 0.890639 1.13398 
vt 0.890639 1.11972 
vt 0.884736 1.13398 
vt 0.896542 1.13398 
vt 0.884736 1.11972 
vt 0.882291 1.13398 
vt 0.897613 1.1137 
vt 0.897613 1.09944 
vt 0.90215 1.1137 
vt 0.90215 1.09944 
vt 0.906145 1.1137 
vt 0.906145 1.09944 
vt 0.907673 1.1137 
vt 0.907673 1.09944 
vt 0.897613 1.13398 
vt 0.897613 1.11972 
vt 0.90215 1.13398 
vt 0.90215 1.11972 
vt 0.906145 1.13398 
vt 0.906145 1.11972 
vt 0.906407 1.22107 
vt 0.89679 1.20958 
vt 0.907695 1.20392 
vt 0.900932 1.19109 
vt 0.895853 1.22575 
vt 0.91107 1.18934 
vt 0.902371 1.18708 
vt 0.90583 1.18506 
vt 0.910693 1.18742 
vt 0.908912 1.1854 
vt 0.907442 1.23453 
vt 0.896395 1.2367 
vt 0.897924 1.23971 
vt 0.901918 1.24168 
vt 0.908231 1.23892 
vt 0.906456 1.24139 
vt 0.920863 1.10218 
vt 0.903755 1.09286 
vt 0.91879 1.06905 
vt 0.901554 1.07531 
vt 0.905082 1.13753 
vt 0.893664 1.03702 
vt 0.921778 1.13753 
vt 0.9109 1.02561 
vt 0.919333 1.14459 
vt 0.907527 1.14459 
vt 0.91343 1.14751 
vt 0.882291 1.00119 
vt 0.903425 1.00021 
vt 0.896962 0.992601 
vt 0.889267 0.991742 
vt 0.883009 0.995914 
vt 0.919333 1.14459 
vt 0.883009 0.995914 
vt 0.896962 0.992601 
vt 0.919333 1.14459 
vt 0.883009 0.995914 
vt 0.896962 0.992601 
vt 0.906407 1.22107 
vt 0.89679 1.20958 
vt 0.907695 1.20392 
vt 0.900932 1.19109 
vt 0.895853 1.22575 
vt 0.91107 1.18934 
vt 0.902371 1.18708 
vt 0.90583 1.18506 
vt 0.910693 1.18742 
vt 0.908912 1.1854 
vt 0.907442 1.23453 
vt 0.896395 1.2367 
vt 0.897924 1.23971 
vt 0.901918 1.24168 
vt 0.908231 1.23892 
vt 0.906456 1.24139 
vt 0.920863 1.10218 
vt 0.903755 1.09286 
vt 0.91879 1.06905 
vt 0.901554 1.07531 
vt 0.905082 1.13753 
vt 0.893664 1.03702 
vt 0.921778 1.13753 
vt 0.9109 1.02561 
vt 0.919333 1.14459 
vt 0.907527 1.14459 
vt 0.91343 1.14751 
vt 0.882291 1.00119 
vt 0.903425 1.00021 
vt 0.896962 0.992601 
vt 0.889267 0.991742 
vt 0.883009 0.995914 
vt 0.884766 1.14459 
vt 0.899024 1.14459 
vt 0.884766 1.14459 
vt 0.884766 1.13753 
vt 0.899024 1.13753 
vt 0.899024 1.13753 
vt 0.884766 1.09286 
vt 0.899024 1.09286 
vt 0.899024 1.07531 
vt 0.884766 1.07531 
vt 0.884766 1.03702 
vt 0.899024 1.03702 
vt 0.884766 1.00119 
vt 0.899024 1.00119 
vt 0.884766 1.00021 
vt 0.884766 0.995914 
vt 0.899024 0.992601 
vt 0.899024 0.995914 
vt 0.905044 1.14459 
vt 0.919302 1.14459 
vt 0.905044 1.14459 
vt 0.905044 1.13753 
vt 0.919302 1.13753 
vt 0.919302 1.13753 
vt 0.905044 1.09286 
vt 0.919302 1.09286 
vt 0.919302 1.07531 
vt 0.905044 1.07531 
vt 0.905044 1.03702 
vt 0.919302 1.03702 
vt 0.905044 1.00119 
vt 0.919302 1.00119 
vt 0.905044 1.00021 
vt 0.905044 0.995914 
vt 0.919302 0.992601 
vt 0.919302 0.995914 
vt 0.884766 1.1854 
vt 0.884766 1.18708 
vt 0.899024 1.23971 
vt 0.899024 1.18708 
vt 0.884766 1.23971 
vt 0.884766 1.19109 
vt 0.899024 1.2367 
vt 0.899024 1.19109 
vt 0.884766 1.2367 
vt 0.884766 1.20958 
vt 0.899024 1.22575 
vt 0.899024 1.20958 
vt 0.884766 1.22575 
vt 0.905044 1.1854 
vt 0.905044 1.18708 
vt 0.919302 1.23971 
vt 0.919302 1.18708 
vt 0.905044 1.23971 
vt 0.905044 1.19109 
vt 0.919302 1.2367 
vt 0.919302 1.19109 
vt 0.905044 1.2367 
vt 0.905044 1.20958 
vt 0.919302 1.22575 
vt 0.919302 1.20958 
vt 0.905044 1.22575 
vt 0.903425 1.09944 
vt 0.883009 1.09944 
vt 0.896962 1.1137 
vt 0.883009 1.1137 
vt 0.896962 1.09944 
vt 0.889267 1.09944 
vt 0.889267 1.1137 
vt 0.903425 1.11972 
vt 0.883009 1.11972 
vt 0.896962 1.13398 
vt 0.883009 1.13398 
vt 0.896962 1.11972 
vt 0.889267 1.11972 
vt 0.889267 1.13398 
vt 0.91107 1.1137 
vt 0.908912 1.09944 
vt 0.908912 1.1137 
vt 0.906456 1.09944 
vt 0.90583 1.09944 
vt 0.90583 1.1137 
vt 0.902371 1.09944 
vt 0.902371 1.1137 
vt 0.896395 1.1137 
vt 0.896395 1.09944 
vt 0.91107 1.13398 
vt 0.908912 1.11972 
vt 0.908912 1.13398 
vt 0.906456 1.11972 
vt 0.90583 1.11972 
vt 0.90583 1.13398 
vt 0.902371 1.11972 
vt 0.902371 1.13398 
vt 0.903136 1.19109 
vt 0.892999 1.18934 
vt 0.901698 1.18708 
vt 0.898239 1.18506 
vt 0.893376 1.18742 
vt 0.895157 1.1854 
vt 0.896374 1.20392 
vt 0.907279 1.20958 
vt 0.897662 1.22107 
vt 0.908216 1.22575 
vt 0.896627 1.23453 
vt 0.907673 1.2367 
vt 0.906145 1.23971 
vt 0.90215 1.24168 
vt 0.895838 1.23892 
vt 0.897613 1.24139 
vt 0.907107 0.992601 
vt 0.921778 1.00119 
vt 0.900643 1.00021 
vt 0.914801 0.991742 
vt 0.921059 0.995914 
vt 0.893169 1.02561 
vt 0.910404 1.03702 
vt 0.885279 1.06905 
vt 0.902514 1.07531 
vt 0.900314 1.09286 
vt 0.883205 1.10218 
vt 0.898986 1.13753 
vt 0.882291 1.13753 
vt 0.884736 1.14459 
vt 0.896542 1.14459 
vt 0.890639 1.14751 
vt 0.903136 1.19109 
vt 0.892999 1.18934 
vt 0.901698 1.18708 
vt 0.898239 1.18506 
vt 0.893376 1.18742 
vt 0.895157 1.1854 
vt 0.896374 1.20392 
vt 0.907279 1.20958 
vt 0.897662 1.22107 
vt 0.908216 1.22575 
vt 0.896627 1.23453 
vt 0.907673 1.2367 
vt 0.906145 1.23971 
vt 0.90215 1.24168 
vt 0.895838 1.23892 
vt 0.897613 1.24139 
vt 0.907107 0.992601 
vt 0.921778 1.00119 
vt 0.900643 1.00021 
vt 0.914801 0.991742 
vt 0.921059 0.995914 
vt 0.893169 1.02561 
vt 0.910404 1.03702 
vt 0.885279 1.06905 
vt 0.902514 1.07531 
vt 0.900314 1.09286 
vt 0.883205 1.10218 
vt 0.898986 1.13753 
vt 0.882291 1.13753 
vt 0.884736 1.14459 
vt 0.896542 1.14459 
vt 0.890639 1.14751 

usemtl Meshpart1Mtl

f 1283/1283/1283 1282/1282/1282 1280/1280/1280 
f 1282/1282/1282 1283/1283/1283 1284/1284/1284 
f 1283/1283/1283 1285/1285/1285 1284/1284/1284 
f 1286/1286/1286 1284/1284/1284 1285/1285/1285 
f 1285/1285/1285 1287/1287/1287 1286/1286/1286 
f 1288/1288/1288 1286/1286/1286 1287/1287/1287 
f 1287/1287/1287 1289/1289/1289 1288/1288/1288 
f 1290/1290/1290 1288/1288/1288 1289/1289/1289 
f 1289/1289/1289 1291/1291/1291 1290/1290/1290 
f 1292/1292/1292 1290/1290/1290 1291/1291/1291 
f 1292/1292/1292 1291/1291/1291 1293/1293/1293 
f 1293/1293/1293 1294/1294/1294 1292/1292/1292 
f 1298/1298/1298 1297/1297/1297 1295/1295/1295 
f 1297/1297/1297 1298/1298/1298 1299/1299/1299 
f 1298/1298/1298 1300/1300/1300 1299/1299/1299 
f 1301/1301/1301 1299/1299/1299 1300/1300/1300 
f 1300/1300/1300 1302/1302/1302 1301/1301/1301 
f 1303/1303/1303 1301/1301/1301 1302/1302/1302 
f 1302/1302/1302 1304/1304/1304 1303/1303/1303 
f 1305/1305/1305 1303/1303/1303 1304/1304/1304 
f 1304/1304/1304 1306/1306/1306 1305/1305/1305 
f 1307/1307/1307 1305/1305/1305 1306/1306/1306 
f 1307/1307/1307 1306/1306/1306 1308/1308/1308 
f 1308/1308/1308 1309/1309/1309 1307/1307/1307 
f 1310/1310/1310 1311/1311/1311 1312/1312/1312 
f 1311/1311/1311 1313/1313/1313 1312/1312/1312 
f 1310/1310/1310 1312/1312/1312 1314/1314/1314 
f 1311/1311/1311 1315/1315/1315 1313/1313/1313 
f 1316/1316/1316 1310/1310/1310 1314/1314/1314 
f 1317/1317/1317 1315/1315/1315 1311/1311/1311 
f 1314/1314/1314 1318/1318/1318 1316/1316/1316 
f 1317/1317/1317 1319/1319/1319 1315/1315/1315 
f 1318/1318/1318 1314/1314/1314 1320/1320/1320 
f 1321/1321/1321 1319/1319/1319 1317/1317/1317 
f 1320/1320/1320 1322/1322/1322 1318/1318/1318 
f 1321/1321/1321 1323/1323/1323 1319/1319/1319 
f 1322/1322/1322 1320/1320/1320 1324/1324/1324 
f 1325/1325/1325 1323/1323/1323 1321/1321/1321 
f 1328/1328/1328 1329/1329/1329 1330/1330/1330 
f 1329/1329/1329 1331/1331/1331 1330/1330/1330 
f 1328/1328/1328 1330/1330/1330 1332/1332/1332 
f 1329/1329/1329 1333/1333/1333 1331/1331/1331 
f 1334/1334/1334 1328/1328/1328 1332/1332/1332 
f 1335/1335/1335 1333/1333/1333 1329/1329/1329 
f 1332/1332/1332 1336/1336/1336 1334/1334/1334 
f 1335/1335/1335 1337/1337/1337 1333/1333/1333 
f 1336/1336/1336 1332/1332/1332 1338/1338/1338 
f 1339/1339/1339 1337/1337/1337 1335/1335/1335 
f 1336/1336/1336 1338/1338/1338 1340/1340/1340 
f 1339/1339/1339 1341/1341/1341 1337/1337/1337 
f 1340/1340/1340 1338/1338/1338 1342/1342/1342 
f 1341/1341/1341 1339/1339/1339 1343/1343/1343 
f 1344/1344/1344 1345/1345/1345 1346/1346/1346 
f 1347/1347/1347 1346/1346/1346 1345/1345/1345 
f 1345/1345/1345 1344/1344/1344 1348/1348/1348 
f 1346/1346/1346 1347/1347/1347 1349/1349/1349 
f 1351/1351/1351 1352/1352/1352 1353/1353/1353 
f 1354/1354/1354 1353/1353/1353 1352/1352/1352 
f 1352/1352/1352 1351/1351/1351 1355/1355/1355 
f 1353/1353/1353 1354/1354/1354 1356/1356/1356 
f 1359/1359/1359 1360/1360/1360 1358/1358/1358 
f 1361/1361/1361 1360/1360/1360 1359/1359/1359 
f 1361/1361/1361 1362/1362/1362 1360/1360/1360 
f 1362/1362/1362 1361/1361/1361 1363/1363/1363 
f 1367/1367/1367 1368/1368/1368 1366/1366/1366 
f 1369/1369/1369 1368/1368/1368 1367/1367/1367 
f 1369/1369/1369 1370/1370/1370 1368/1368/1368 
f 1371/1371/1371 1370/1370/1370 1369/1369/1369 
f 1372/1372/1372 1373/1373/1373 1374/1374/1374 
f 1374/1374/1374 1373/1373/1373 1375/1375/1375 
f 1373/1373/1373 1372/1372/1372 1376/1376/1376 
f 1375/1375/1375 1377/1377/1377 1374/1374/1374 
f 1377/1377/1377 1375/1375/1375 1378/1378/1378 
f 1377/1377/1377 1378/1378/1378 1379/1379/1379 
f 1379/1379/1379 1380/1380/1380 1377/1377/1377 
f 1380/1380/1380 1379/1379/1379 1381/1381/1381 
f 1382/1382/1382 1376/1376/1376 1372/1372/1372 
f 1376/1376/1376 1382/1382/1382 1383/1383/1383 
f 1383/1383/1383 1382/1382/1382 1384/1384/1384 
f 1384/1384/1384 1382/1382/1382 1385/1385/1385 
f 1385/1385/1385 1382/1382/1382 1386/1386/1386 
f 1385/1385/1385 1386/1386/1386 1387/1387/1387 
f 1388/1388/1388 1389/1389/1389 1390/1390/1390 
f 1391/1391/1391 1390/1390/1390 1389/1389/1389 
f 1388/1388/1388 1392/1392/1392 1389/1389/1389 
f 1393/1393/1393 1390/1390/1390 1391/1391/1391 
f 1394/1394/1394 1392/1392/1392 1388/1388/1388 
f 1390/1390/1390 1393/1393/1393 1395/1395/1395 
f 1396/1396/1396 1392/1392/1392 1394/1394/1394 
f 1392/1392/1392 1396/1396/1396 1397/1397/1397 
f 1397/1397/1397 1396/1396/1396 1398/1398/1398 
f 1399/1399/1399 1395/1395/1395 1393/1393/1393 
f 1399/1399/1399 1400/1400/1400 1395/1395/1395 
f 1400/1400/1400 1399/1399/1399 1401/1401/1401 
f 1401/1401/1401 1399/1399/1399 1402/1402/1402 
f 1402/1402/1402 1399/1399/1399 1403/1403/1403 
f 1410/1410/1410 1411/1411/1411 1412/1412/1412 
f 1412/1412/1412 1411/1411/1411 1413/1413/1413 
f 1411/1411/1411 1410/1410/1410 1414/1414/1414 
f 1413/1413/1413 1415/1415/1415 1412/1412/1412 
f 1415/1415/1415 1413/1413/1413 1416/1416/1416 
f 1415/1415/1415 1416/1416/1416 1417/1417/1417 
f 1417/1417/1417 1418/1418/1418 1415/1415/1415 
f 1418/1418/1418 1417/1417/1417 1419/1419/1419 
f 1420/1420/1420 1414/1414/1414 1410/1410/1410 
f 1414/1414/1414 1420/1420/1420 1421/1421/1421 
f 1421/1421/1421 1420/1420/1420 1422/1422/1422 
f 1422/1422/1422 1420/1420/1420 1423/1423/1423 
f 1423/1423/1423 1420/1420/1420 1424/1424/1424 
f 1423/1423/1423 1424/1424/1424 1425/1425/1425 
f 1426/1426/1426 1427/1427/1427 1428/1428/1428 
f 1429/1429/1429 1428/1428/1428 1427/1427/1427 
f 1426/1426/1426 1430/1430/1430 1427/1427/1427 
f 1431/1431/1431 1428/1428/1428 1429/1429/1429 
f 1432/1432/1432 1430/1430/1430 1426/1426/1426 
f 1428/1428/1428 1431/1431/1431 1433/1433/1433 
f 1434/1434/1434 1430/1430/1430 1432/1432/1432 
f 1430/1430/1430 1434/1434/1434 1435/1435/1435 
f 1435/1435/1435 1434/1434/1434 1436/1436/1436 
f 1437/1437/1437 1433/1433/1433 1431/1431/1431 
f 1437/1437/1437 1438/1438/1438 1433/1433/1433 
f 1438/1438/1438 1437/1437/1437 1439/1439/1439 
f 1439/1439/1439 1437/1437/1437 1440/1440/1440 
f 1440/1440/1440 1437/1437/1437 1441/1441/1441 
f 1445/1445/1445 1443/1443/1443 1442/1442/1442 
f 1443/1443/1443 1445/1445/1445 1447/1447/1447 
f 1448/1448/1448 1447/1447/1447 1445/1445/1445 
f 1447/1447/1447 1448/1448/1448 1449/1449/1449 
f 1448/1448/1448 1450/1450/1450 1449/1449/1449 
f 1448/1448/1448 1451/1451/1451 1450/1450/1450 
f 1451/1451/1451 1452/1452/1452 1450/1450/1450 
f 1453/1453/1453 1450/1450/1450 1452/1452/1452 
f 1452/1452/1452 1454/1454/1454 1453/1453/1453 
f 1455/1455/1455 1453/1453/1453 1454/1454/1454 
f 1455/1455/1455 1454/1454/1454 1457/1457/1457 
f 1457/1457/1457 1459/1459/1459 1455/1455/1455 
f 1463/1463/1463 1461/1461/1461 1460/1460/1460 
f 1461/1461/1461 1463/1463/1463 1465/1465/1465 
f 1466/1466/1466 1465/1465/1465 1463/1463/1463 
f 1465/1465/1465 1466/1466/1466 1467/1467/1467 
f 1466/1466/1466 1468/1468/1468 1467/1467/1467 
f 1466/1466/1466 1469/1469/1469 1468/1468/1468 
f 1469/1469/1469 1470/1470/1470 1468/1468/1468 
f 1471/1471/1471 1468/1468/1468 1470/1470/1470 
f 1470/1470/1470 1472/1472/1472 1471/1471/1471 
f 1473/1473/1473 1471/1471/1471 1472/1472/1472 
f 1473/1473/1473 1472/1472/1472 1475/1475/1475 
f 1475/1475/1475 1477/1477/1477 1473/1473/1473 
f 1481/1481/1481 1483/1483/1483 1479/1479/1479 
f 1482/1482/1482 1484/1484/1484 1480/1480/1480 
f 1483/1483/1483 1481/1481/1481 1485/1485/1485 
f 1486/1486/1486 1484/1484/1484 1482/1482/1482 
f 1483/1483/1483 1485/1485/1485 1487/1487/1487 
f 1486/1486/1486 1488/1488/1488 1484/1484/1484 
f 1487/1487/1487 1485/1485/1485 1489/1489/1489 
f 1490/1490/1490 1488/1488/1488 1486/1486/1486 
f 1489/1489/1489 1490/1490/1490 1487/1487/1487 
f 1490/1490/1490 1489/1489/1489 1488/1488/1488 
f 1494/1494/1494 1496/1496/1496 1492/1492/1492 
f 1495/1495/1495 1497/1497/1497 1493/1493/1493 
f 1496/1496/1496 1494/1494/1494 1498/1498/1498 
f 1499/1499/1499 1497/1497/1497 1495/1495/1495 
f 1496/1496/1496 1498/1498/1498 1500/1500/1500 
f 1499/1499/1499 1501/1501/1501 1497/1497/1497 
f 1500/1500/1500 1498/1498/1498 1502/1502/1502 
f 1503/1503/1503 1501/1501/1501 1499/1499/1499 
f 1502/1502/1502 1503/1503/1503 1500/1500/1500 
f 1503/1503/1503 1502/1502/1502 1501/1501/1501 
f 1507/1507/1507 1505/1505/1505 1509/1509/1509 
f 1508/1508/1508 1506/1506/1506 1510/1510/1510 
f 1509/1509/1509 1510/1510/1510 1507/1507/1507 
f 1510/1510/1510 1509/1509/1509 1508/1508/1508 
f 1514/1514/1514 1512/1512/1512 1516/1516/1516 
f 1515/1515/1515 1513/1513/1513 1517/1517/1517 
f 1516/1516/1516 1517/1517/1517 1514/1514/1514 
f 1517/1517/1517 1516/1516/1516 1515/1515/1515 
f 1519/1519/1519 1520/1520/1520 1522/1522/1522 
f 1522/1522/1522 1520/1520/1520 1523/1523/1523 
f 1522/1522/1522 1523/1523/1523 1524/1524/1524 
f 1524/1524/1524 1523/1523/1523 1525/1525/1525 
f 1529/1529/1529 1530/1530/1530 1532/1532/1532 
f 1532/1532/1532 1530/1530/1530 1533/1533/1533 
f 1533/1533/1533 1534/1534/1534 1532/1532/1532 
f 1534/1534/1534 1533/1533/1533 1535/1535/1535 
f 1536/1536/1536 1537/1537/1537 1538/1538/1538 
f 1538/1538/1538 1537/1537/1537 1539/1539/1539 
f 1539/1539/1539 1537/1537/1537 1540/1540/1540 
f 1539/1539/1539 1540/1540/1540 1541/1541/1541 
f 1537/1537/1537 1536/1536/1536 1542/1542/1542 
f 1543/1543/1543 1542/1542/1542 1536/1536/1536 
f 1542/1542/1542 1543/1543/1543 1544/1544/1544 
f 1545/1545/1545 1544/1544/1544 1543/1543/1543 
f 1545/1545/1545 1546/1546/1546 1544/1544/1544 
f 1546/1546/1546 1545/1545/1545 1547/1547/1547 
f 1546/1546/1546 1547/1547/1547 1548/1548/1548 
f 1546/1546/1546 1548/1548/1548 1549/1549/1549 
f 1549/1549/1549 1550/1550/1550 1546/1546/1546 
f 1550/1550/1550 1549/1549/1549 1551/1551/1551 
f 1552/1552/1552 1553/1553/1553 1554/1554/1554 
f 1553/1553/1553 1552/1552/1552 1555/1555/1555 
f 1553/1553/1553 1555/1555/1555 1556/1556/1556 
f 1553/1553/1553 1557/1557/1557 1554/1554/1554 
f 1558/1558/1558 1557/1557/1557 1553/1553/1553 
f 1557/1557/1557 1558/1558/1558 1559/1559/1559 
f 1560/1560/1560 1559/1559/1559 1558/1558/1558 
f 1561/1561/1561 1559/1559/1559 1560/1560/1560 
f 1559/1559/1559 1561/1561/1561 1562/1562/1562 
f 1563/1563/1563 1562/1562/1562 1561/1561/1561 
f 1563/1563/1563 1564/1564/1564 1562/1562/1562 
f 1563/1563/1563 1565/1565/1565 1564/1564/1564 
f 1565/1565/1565 1563/1563/1563 1566/1566/1566 
f 1565/1565/1565 1566/1566/1566 1567/1567/1567 
f 1568/1568/1568 1569/1569/1569 1570/1570/1570 
f 1570/1570/1570 1569/1569/1569 1571/1571/1571 
f 1571/1571/1571 1569/1569/1569 1572/1572/1572 
f 1571/1571/1571 1572/1572/1572 1573/1573/1573 
f 1569/1569/1569 1568/1568/1568 1574/1574/1574 
f 1575/1575/1575 1574/1574/1574 1568/1568/1568 
f 1574/1574/1574 1575/1575/1575 1576/1576/1576 
f 1577/1577/1577 1576/1576/1576 1575/1575/1575 
f 1577/1577/1577 1578/1578/1578 1576/1576/1576 
f 1578/1578/1578 1577/1577/1577 1579/1579/1579 
f 1578/1578/1578 1579/1579/1579 1580/1580/1580 
f 1578/1578/1578 1580/1580/1580 1581/1581/1581 
f 1581/1581/1581 1582/1582/1582 1578/1578/1578 
f 1582/1582/1582 1581/1581/1581 1583/1583/1583 
f 1584/1584/1584 1585/1585/1585 1586/1586/1586 
f 1585/1585/1585 1584/1584/1584 1587/1587/1587 
f 1585/1585/1585 1587/1587/1587 1588/1588/1588 
f 1585/1585/1585 1589/1589/1589 1586/1586/1586 
f 1590/1590/1590 1589/1589/1589 1585/1585/1585 
f 1589/1589/1589 1590/1590/1590 1591/1591/1591 
f 1592/1592/1592 1591/1591/1591 1590/1590/1590 
f 1593/1593/1593 1591/1591/1591 1592/1592/1592 
f 1591/1591/1591 1593/1593/1593 1594/1594/1594 
f 1595/1595/1595 1594/1594/1594 1593/1593/1593 
f 1595/1595/1595 1596/1596/1596 1594/1594/1594 
f 1595/1595/1595 1597/1597/1597 1596/1596/1596 
f 1597/1597/1597 1595/1595/1595 1598/1598/1598 
f 1597/1597/1597 1598/1598/1598 1599/1599/1599 

g Meshpart6

v 4.92483 2.28633 -191.6 
v 4.86382 2.81311 -191.6 
v 4.78448 2.02285 -191.6 
v 4.89538 1.51863 -191.6 
v 4.96437 0.489224 -191.6 
v 5.02407 0.143078 -191.6 
v 5.03363 0.558488 -191.6 
v 5.03363 0.558488 -191.507 
v 5.04479 0.531553 -191.6 
v 5.04479 0.531553 -191.507 
v 5.04797 0.523858 -191.507 
v 5.04797 0.523858 -191.6 
v 5.03363 0.489228 -191.507 
v 5.03363 0.489224 -191.6 
v 4.81637 1.87129 -191.443 
v 4.81637 1.87129 -191.35 
v 4.83072 1.90593 -191.443 
v 4.83072 1.90593 -191.35 
v 4.81637 1.94056 -191.443 
v 4.81637 1.94056 -191.35 
v 5.03363 0.558488 -191.443 
v 5.03363 0.558488 -191.35 
v 5.04479 0.531553 -191.443 
v 5.04479 0.531553 -191.35 
v 5.04797 0.523858 -191.35 
v 5.04797 0.523858 -191.443 
v 5.03363 0.489228 -191.443 
v 4.96437 0.489228 -191.443 
v 5.03363 0.489224 -191.35 
v 4.96437 0.489224 -191.35 
v 5.09868 0.410636 -191.6 
v 5.09868 0.410636 -191.507 
v 5.06405 0.424981 -191.507 
v 5.11303 0.376006 -191.507 
v 5.11303 0.376006 -191.6 
v 5.09868 0.341376 -191.507 
v 5.09868 0.341373 -191.6 
v 5.06405 0.327031 -191.507 
v 5.09868 0.410636 -191.443 
v 5.09868 0.410636 -191.35 
v 5.11303 0.376006 -191.35 
v 5.11303 0.376006 -191.443 
v 5.09868 0.341376 -191.443 
v 5.09868 0.341373 -191.35 
v 4.83412 2.10024 -191.443 
v 4.83412 2.10024 -191.35 
v 4.79949 2.11458 -191.35 
v 4.84846 2.06561 -191.35 
v 4.84846 2.06561 -191.443 
v 4.84088 2.04731 -191.443 
v 4.84033 2.04598 -191.35 
v 4.83412 2.03097 -191.443 
v 4.83412 2.03097 -191.35 
v 4.79949 2.01663 -191.35 
v 4.79949 2.01663 -191.443 
v 4.78448 2.02285 -191.443 
v 4.92483 2.28633 -191.443 
v 4.86382 2.81311 -191.443 
v 4.93563 1.18878 -191.443 
v 5.02407 0.143078 -191.443 
v 4.83412 2.10024 -191.6 
v 4.83412 2.10024 -191.507 
v 4.79949 2.11458 -191.507 
v 4.84846 2.06561 -191.507 
v 4.84846 2.06561 -191.6 
v 4.84088 2.04731 -191.6 
v 4.84033 2.04598 -191.507 
v 4.83412 2.03097 -191.6 
v 4.83412 2.03097 -191.507 
v 4.79949 2.01663 -191.507 
v 4.79949 2.01663 -191.6 
v 4.81637 1.87129 -191.6 
v 4.81637 1.87129 -191.507 
v 4.83072 1.90593 -191.6 
v 4.83072 1.90593 -191.507 
v 4.81637 1.94056 -191.6 
v 4.81637 1.94056 -191.507 
v 4.75651 2.76867 -191.6 
v 4.75651 2.76867 -191.507 
v 4.71206 2.66136 -191.6 
v 4.71206 2.66136 -191.507 
v 4.75651 2.55406 -191.6 
v 4.75651 2.55406 -191.507 
v 4.78105 2.45916 -191.6 
v 4.78105 2.45916 -191.507 
v 4.7732 2.26282 -191.6 
v 4.7732 2.26282 -191.507 
v 4.73492 2.12439 -191.6 
v 4.73492 2.12439 -191.507 
v 4.69663 2.06549 -191.6 
v 4.69663 2.06549 -191.507 
v 4.66816 1.71109 -191.6 
v 4.66816 1.71109 -191.507 
v 4.6711 1.41953 -191.6 
v 4.6711 1.41953 -191.507 
v 4.70819 1.08673 -191.6 
v 4.70819 1.08673 -191.507 
v 4.75364 0.847548 -191.6 
v 4.75364 0.847548 -191.507 
v 4.81102 0.654956 -191.6 
v 4.81102 0.654956 -191.507 
v 4.92635 0.347602 -191.6 
v 4.92635 0.347602 -191.507 
v 5.02407 0.143078 -191.6 
v 5.02407 0.143078 -191.507 
v 5.12671 0.00137985 -191.507 
v 5.09678 0.032294 -191.6 
v 5.12671 0.00137985 -191.6 
v 5.09678 0.032294 -191.507 
v 4.75651 2.76867 -191.443 
v 4.75651 2.76867 -191.35 
v 4.71206 2.66136 -191.443 
v 4.71206 2.66136 -191.35 
v 4.75651 2.55406 -191.443 
v 4.75651 2.55406 -191.35 
v 4.78105 2.45916 -191.443 
v 4.78105 2.45916 -191.35 
v 4.7732 2.26282 -191.443 
v 4.7732 2.26282 -191.35 
v 4.73492 2.12439 -191.443 
v 4.73492 2.12439 -191.35 
v 4.69663 2.06549 -191.35 
v 4.69663 2.06549 -191.443 
v 4.66816 1.71109 -191.35 
v 4.66816 1.71109 -191.443 
v 4.6711 1.41953 -191.443 
v 4.6711 1.41953 -191.35 
v 4.70819 1.08673 -191.443 
v 4.70819 1.08673 -191.35 
v 4.75364 0.847548 -191.443 
v 4.75364 0.847548 -191.35 
v 4.81102 0.654956 -191.443 
v 4.81102 0.654956 -191.35 
v 4.92635 0.347602 -191.443 
v 4.92635 0.347602 -191.35 
v 5.1716 0 -191.35 
v 5.02407 0.143078 -191.443 
v 5.02407 0.143078 -191.35 
v 5.12671 0.00137985 -191.35 
v 5.09678 0.032294 -191.443 
v 5.12671 0.00137985 -191.443 
v 5.09678 0.032294 -191.35 
v 4.96437 0.489224 -191.6 
v 5.21836 0.335672 -191.6 
v 5.03363 0.489228 -191.507 
v 4.96437 0.489228 -191.507 
v 5.03363 0.489224 -191.6 
v 4.96437 0.489224 -191.6 
v 5.01881 0.48309 -191.507 
v 4.999 0.474883 -191.6 
v 5.01862 0.483011 -191.6 
v 4.999 0.474883 -191.507 
v 4.74711 1.87129 -191.35 
v 4.74711 1.87129 -191.443 
v 4.78174 1.85695 -191.443 
v 4.78174 1.85695 -191.35 
v 4.81637 1.87129 -191.443 
v 4.81637 1.87129 -191.35 
v 5.03363 0.489228 -191.443 
v 4.96437 0.489228 -191.443 
v 5.03363 0.489224 -191.35 
v 4.96437 0.489224 -191.35 
v 5.01881 0.48309 -191.35 
v 4.999 0.474883 -191.443 
v 5.01862 0.483011 -191.443 
v 4.999 0.474883 -191.35 
v 5.11303 0.376006 -191.507 
v 5.11303 0.376006 -191.6 
v 5.09868 0.341376 -191.507 
v 5.09868 0.341373 -191.6 
v 5.06405 0.327031 -191.507 
v 5.06405 0.327031 -191.6 
v 5.02942 0.341376 -191.507 
v 5.02942 0.341373 -191.6 
v 5.11303 0.376006 -191.35 
v 5.11303 0.376006 -191.443 
v 5.09868 0.341376 -191.443 
v 5.09868 0.341373 -191.35 
v 5.06405 0.327031 -191.35 
v 5.06405 0.327031 -191.443 
v 5.01508 0.376006 -191.35 
v 5.02942 0.341373 -191.35 
v 5.01508 0.376006 -191.443 
v 5.02942 0.341376 -191.443 
v 4.84846 2.06561 -191.35 
v 4.75051 2.06561 -191.35 
v 4.83412 2.03097 -191.443 
v 4.83412 2.03097 -191.35 
v 4.76486 2.03097 -191.35 
v 4.79949 2.01663 -191.35 
v 4.76486 2.03097 -191.443 
v 4.79949 2.01663 -191.443 
v 4.77383 2.02726 -191.35 
v 4.78448 2.02285 -191.443 
v 5.21836 0.335672 -191.443 
v 4.83412 2.03097 -191.6 
v 4.83412 2.03097 -191.507 
v 4.76486 2.03097 -191.507 
v 4.79949 2.01663 -191.507 
v 4.76486 2.03097 -191.6 
v 4.79949 2.01663 -191.6 
v 4.77383 2.02726 -191.507 
v 4.78448 2.02285 -191.6 
v 4.74711 1.87129 -191.507 
v 4.74711 1.87129 -191.6 
v 4.78174 1.85695 -191.6 
v 4.78174 1.85695 -191.507 
v 4.81637 1.87129 -191.6 
v 4.81637 1.87129 -191.507 
v 5.01557 2.66136 -191.6 
v 5.01557 2.66136 -191.507 
v 4.97112 2.76867 -191.6 
v 4.97112 2.76867 -191.507 
v 4.86382 2.81311 -191.6 
v 4.86382 2.81311 -191.507 
v 4.75651 2.76867 -191.6 
v 4.75651 2.76867 -191.507 
v 4.71206 2.66136 -191.507 
v 5.27631 0.247044 -191.6 
v 5.30187 0.221478 -191.507 
v 5.30188 0.221478 -191.6 
v 5.33028 0.210685 -191.507 
v 5.33028 0.210685 -191.6 
v 5.01557 2.66136 -191.443 
v 5.01557 2.66136 -191.35 
v 4.97112 2.76867 -191.443 
v 4.97112 2.76867 -191.35 
v 4.86382 2.81311 -191.443 
v 4.86382 2.81311 -191.35 
v 4.75651 2.76867 -191.443 
v 4.75651 2.76867 -191.35 
v 4.71206 2.66136 -191.35 
v 5.27631 0.247044 -191.35 
v 5.30187 0.221478 -191.443 
v 5.30188 0.221478 -191.35 
v 5.33028 0.210685 -191.443 
v 5.33028 0.210685 -191.35 
v 4.92483 2.28633 -191.6 
v 4.83412 2.10024 -191.6 
v 4.7732 2.26282 -191.6 
v 4.79949 2.11458 -191.6 
v 4.73492 2.12439 -191.6 
v 4.76486 2.10024 -191.6 
v 4.75051 2.06561 -191.6 
v 4.78105 2.45916 -191.6 
v 4.69663 2.06549 -191.6 
v 4.94283 2.5064 -191.6 
v 4.75651 2.55406 -191.6 
v 4.89342 2.02127 -191.6 
v 4.76486 2.03097 -191.6 
v 4.84846 2.06561 -191.6 
v 4.95639 2.55406 -191.6 
v 4.84088 2.04731 -191.6 
v 4.83412 2.03097 -191.6 
v 4.71206 2.66136 -191.6 
v 4.75651 2.76867 -191.6 
v 4.86382 2.81311 -191.6 
v 4.97112 2.76867 -191.6 
v 5.01557 2.66136 -191.6 
v 4.81637 1.94056 -191.6 
v 4.79949 2.01663 -191.6 
v 4.83072 1.90593 -191.6 
v 4.79675 1.94868 -191.6 
v 4.78174 1.9549 -191.6 
v 4.78448 2.02285 -191.6 
v 4.74711 1.94056 -191.6 
v 4.73277 1.90593 -191.6 
v 4.8836 1.75326 -191.6 
v 4.81637 1.87129 -191.6 
v 4.78174 1.85695 -191.6 
v 4.66816 1.71109 -191.6 
v 4.74711 1.87129 -191.6 
v 4.89538 1.51863 -191.6 
v 4.6711 1.41953 -191.6 
v 4.93563 1.18878 -191.6 
v 4.70819 1.08673 -191.6 
v 5.00926 0.872666 -191.6 
v 4.75364 0.847548 -191.6 
v 4.81102 0.654956 -191.6 
v 4.999 0.572833 -191.6 
v 4.96437 0.558488 -191.6 
v 4.95002 0.523858 -191.6 
v 5.1035 0.597787 -191.6 
v 4.92635 0.347602 -191.6 
v 5.03363 0.558488 -191.6 
v 5.04479 0.531553 -191.6 
v 4.96437 0.489224 -191.6 
v 5.04797 0.523858 -191.6 
v 5.01508 0.376006 -191.6 
v 4.999 0.474883 -191.6 
v 5.02942 0.341373 -191.6 
v 5.02942 0.410636 -191.6 
v 5.01862 0.483011 -191.6 
v 5.04326 0.41637 -191.6 
v 5.03363 0.489224 -191.6 
v 5.06405 0.424981 -191.6 
v 5.09868 0.410636 -191.6 
v 5.21836 0.335672 -191.6 
v 5.11303 0.376006 -191.6 
v 5.09868 0.341373 -191.6 
v 5.27631 0.247044 -191.6 
v 5.02407 0.143078 -191.6 
v 5.06405 0.327031 -191.6 
v 5.09678 0.032294 -191.6 
v 5.32517 0.140239 -191.6 
v 5.30188 0.221478 -191.6 
v 5.1716 0 -191.6 
v 5.12671 0.00137985 -191.6 
v 5.33653 0.18512 -191.6 
v 5.33028 0.210685 -191.6 
v 4.96437 0.489228 -191.443 
v 5.11303 0.376006 -191.443 
v 4.78448 2.02285 -191.443 
v 4.92483 2.28633 -191.443 
v 4.83412 2.10024 -191.443 
v 4.7732 2.26282 -191.443 
v 4.79949 2.11458 -191.443 
v 4.73492 2.12439 -191.443 
v 4.76486 2.10024 -191.443 
v 4.75051 2.06561 -191.443 
v 4.78105 2.45916 -191.443 
v 4.69663 2.06549 -191.443 
v 4.94283 2.5064 -191.443 
v 4.75651 2.55406 -191.443 
v 4.89342 2.02127 -191.443 
v 4.76486 2.03097 -191.443 
v 4.84846 2.06561 -191.443 
v 4.95639 2.55406 -191.443 
v 4.84088 2.04731 -191.443 
v 4.83412 2.03097 -191.443 
v 4.71206 2.66136 -191.443 
v 4.75651 2.76867 -191.443 
v 4.86382 2.81311 -191.443 
v 4.97112 2.76867 -191.443 
v 5.01557 2.66136 -191.443 
v 4.81637 1.94056 -191.443 
v 4.79949 2.01663 -191.443 
v 4.83072 1.90593 -191.443 
v 4.79675 1.94868 -191.443 
v 4.78174 1.9549 -191.443 
v 4.78448 2.02285 -191.443 
v 4.74711 1.94056 -191.443 
v 4.73277 1.90593 -191.443 
v 4.8836 1.75326 -191.443 
v 4.81637 1.87129 -191.443 
v 4.78174 1.85695 -191.443 
v 4.66816 1.71109 -191.443 
v 4.74711 1.87129 -191.443 
v 4.89538 1.51863 -191.443 
v 4.6711 1.41953 -191.443 
v 4.93563 1.18878 -191.443 
v 4.70819 1.08673 -191.443 
v 5.00926 0.872666 -191.443 
v 4.75364 0.847548 -191.443 
v 4.81102 0.654956 -191.443 
v 4.999 0.572833 -191.443 
v 4.96437 0.558488 -191.443 
v 4.95002 0.523858 -191.443 
v 5.1035 0.597787 -191.443 
v 4.92635 0.347602 -191.443 
v 5.03363 0.558488 -191.443 
v 5.04479 0.531553 -191.443 
v 4.96437 0.489228 -191.443 
v 5.04797 0.523858 -191.443 
v 5.01508 0.376006 -191.443 
v 4.999 0.474883 -191.443 
v 5.02942 0.341376 -191.443 
v 5.02942 0.410636 -191.443 
v 5.01862 0.483011 -191.443 
v 5.04326 0.41637 -191.443 
v 5.03363 0.489228 -191.443 
v 5.06405 0.424981 -191.443 
v 5.09868 0.410636 -191.443 
v 5.21836 0.335672 -191.443 
v 5.11303 0.376006 -191.443 
v 5.09868 0.341376 -191.443 
v 5.27631 0.247044 -191.443 
v 5.02407 0.143078 -191.443 
v 5.06405 0.327031 -191.443 
v 5.09678 0.032294 -191.443 
v 5.32517 0.140239 -191.443 
v 5.30187 0.221478 -191.443 
v 5.1716 0 -191.443 
v 5.12671 0.00137985 -191.443 
v 5.33653 0.18512 -191.443 
v 5.33028 0.210685 -191.443 
v 4.92483 2.28633 -191.6 
v 4.86382 2.81311 -191.6 
v 4.78448 2.02285 -191.6 
v 4.70819 1.08673 -191.6 
v 5.21836 0.335672 -191.6 
v 5.1716 0 -191.6 
v 4.96437 0.558488 -191.507 
v 4.96437 0.558488 -191.6 
v 4.95002 0.523858 -191.507 
v 4.95002 0.523858 -191.6 
v 4.96437 0.489228 -191.507 
v 4.96437 0.489224 -191.6 
v 4.78174 1.9549 -191.443 
v 4.74711 1.94056 -191.35 
v 4.74711 1.94056 -191.443 
v 4.73277 1.90593 -191.35 
v 4.73277 1.90593 -191.443 
v 4.74711 1.87129 -191.35 
v 4.74711 1.87129 -191.443 
v 4.81637 1.87129 -191.443 
v 4.81637 1.87129 -191.35 
v 5.03363 0.558488 -191.35 
v 4.96437 0.558488 -191.35 
v 4.96437 0.558488 -191.443 
v 4.95002 0.523858 -191.35 
v 4.95002 0.523858 -191.443 
v 4.96437 0.489228 -191.443 
v 4.96437 0.489224 -191.35 
v 5.06405 0.424981 -191.507 
v 5.06405 0.424981 -191.6 
v 5.02942 0.410636 -191.6 
v 5.06405 0.327031 -191.507 
v 5.02942 0.410636 -191.507 
v 5.01508 0.376006 -191.507 
v 5.02942 0.341376 -191.507 
v 5.01508 0.376006 -191.6 
v 5.02942 0.341373 -191.6 
v 5.02942 0.410636 -191.443 
v 5.02942 0.410636 -191.35 
v 5.01508 0.376006 -191.35 
v 5.02942 0.341373 -191.35 
v 5.01508 0.376006 -191.443 
v 5.02942 0.341376 -191.443 
v 4.79949 2.11458 -191.35 
v 4.76486 2.10024 -191.35 
v 4.76486 2.10024 -191.443 
v 4.75051 2.06561 -191.35 
v 4.75051 2.06561 -191.443 
v 4.76486 2.03097 -191.35 
v 4.79949 2.01663 -191.35 
v 4.76486 2.03097 -191.443 
v 4.79949 2.01663 -191.443 
v 4.78448 2.02285 -191.443 
v 4.92483 2.28633 -191.443 
v 4.86382 2.81311 -191.443 
v 4.6711 1.41953 -191.443 
v 5.21836 0.335672 -191.443 
v 5.32517 0.140239 -191.443 
v 4.76486 2.10024 -191.507 
v 4.76486 2.10024 -191.6 
v 4.75051 2.06561 -191.507 
v 4.75051 2.06561 -191.6 
v 4.76486 2.03097 -191.507 
v 4.79949 2.01663 -191.507 
v 4.76486 2.03097 -191.6 
v 4.79949 2.01663 -191.6 
v 4.78174 1.9549 -191.507 
v 4.78174 1.9549 -191.6 
v 4.74711 1.94056 -191.507 
v 4.74711 1.94056 -191.6 
v 4.73277 1.90593 -191.507 
v 4.73277 1.90593 -191.6 
v 4.74711 1.87129 -191.507 
v 4.74711 1.87129 -191.6 
v 4.81637 1.87129 -191.6 
v 4.81637 1.87129 -191.507 
v 4.95639 2.55406 -191.507 
v 5.01557 2.66136 -191.6 
v 5.01557 2.66136 -191.507 
v 4.97112 2.76867 -191.6 
v 4.95639 2.55406 -191.6 
v 4.97112 2.76867 -191.507 
v 4.94283 2.5064 -191.507 
v 4.94283 2.5064 -191.6 
v 4.92483 2.28633 -191.507 
v 4.92483 2.28633 -191.6 
v 4.89342 2.02127 -191.507 
v 4.89342 2.02127 -191.6 
v 4.8836 1.75326 -191.507 
v 4.8836 1.75326 -191.6 
v 4.89538 1.51863 -191.507 
v 4.89538 1.51863 -191.6 
v 4.93563 1.18878 -191.507 
v 4.93563 1.18878 -191.6 
v 5.00926 0.872666 -191.507 
v 5.00926 0.872666 -191.6 
v 5.1035 0.597787 -191.507 
v 5.1035 0.597787 -191.6 
v 5.21836 0.335672 -191.507 
v 5.21836 0.335672 -191.6 
v 5.27631 0.247044 -191.507 
v 5.27631 0.247044 -191.6 
v 5.30187 0.221478 -191.507 
v 5.33028 0.210685 -191.507 
v 5.33028 0.210685 -191.6 
v 5.33653 0.18512 -191.507 
v 5.33653 0.18512 -191.6 
v 5.32517 0.140239 -191.507 
v 5.32517 0.140239 -191.6 
v 4.95639 2.55406 -191.35 
v 5.01557 2.66136 -191.443 
v 5.01557 2.66136 -191.35 
v 4.97112 2.76867 -191.443 
v 4.95639 2.55406 -191.443 
v 4.97112 2.76867 -191.35 
v 4.94283 2.5064 -191.35 
v 4.94283 2.5064 -191.443 
v 4.92483 2.28633 -191.35 
v 4.92483 2.28633 -191.443 
v 4.89342 2.02127 -191.35 
v 4.89342 2.02127 -191.443 
v 4.8836 1.75326 -191.35 
v 4.8836 1.75326 -191.443 
v 4.89538 1.51863 -191.35 
v 4.89538 1.51863 -191.443 
v 4.93563 1.18878 -191.35 
v 4.93563 1.18878 -191.443 
v 5.00926 0.872666 -191.35 
v 5.00926 0.872666 -191.443 
v 5.1035 0.597787 -191.35 
v 5.1035 0.597787 -191.443 
v 5.21836 0.335672 -191.35 
v 5.21836 0.335672 -191.443 
v 5.27631 0.247044 -191.35 
v 5.27631 0.247044 -191.443 
v 5.30187 0.221478 -191.443 
v 5.33028 0.210685 -191.443 
v 5.33028 0.210685 -191.35 
v 5.33653 0.18512 -191.35 
v 5.33653 0.18512 -191.443 
v 5.32517 0.140239 -191.35 
v 5.32517 0.140239 -191.443 
v 4.96437 0.489224 -191.6 
v 5.21836 0.335672 -191.6 
v 5.02407 0.143078 -191.6 
v 5.1716 0 -191.6 
v 5.03363 0.558488 -191.6 
v 5.03363 0.558488 -191.507 
v 4.999 0.572833 -191.507 
v 4.999 0.572833 -191.6 
v 4.96437 0.558488 -191.507 
v 4.96437 0.558488 -191.6 
v 5.03363 0.489228 -191.507 
v 4.96437 0.489228 -191.507 
v 5.03363 0.489224 -191.6 
v 4.78174 1.9549 -191.35 
v 4.79675 1.94868 -191.443 
v 4.80701 1.94444 -191.35 
v 4.81637 1.94056 -191.443 
v 4.81637 1.94056 -191.35 
v 4.78174 1.9549 -191.443 
v 4.74711 1.94056 -191.35 
v 4.74711 1.94056 -191.443 
v 5.03363 0.558488 -191.443 
v 5.03363 0.558488 -191.35 
v 4.999 0.572833 -191.35 
v 4.999 0.572833 -191.443 
v 4.96437 0.558488 -191.35 
v 4.96437 0.558488 -191.443 
v 4.96437 0.489228 -191.443 
v 5.09868 0.410636 -191.6 
v 5.09868 0.410636 -191.507 
v 5.06405 0.424981 -191.507 
v 5.11303 0.376006 -191.507 
v 5.06405 0.424981 -191.6 
v 5.11303 0.376006 -191.6 
v 5.04326 0.41637 -191.507 
v 5.04326 0.41637 -191.6 
v 5.02942 0.410636 -191.6 
v 5.02942 0.410636 -191.507 
v 5.02942 0.341373 -191.6 
v 5.09868 0.410636 -191.443 
v 5.09868 0.410636 -191.35 
v 5.06405 0.424981 -191.35 
v 5.11303 0.376006 -191.35 
v 5.06405 0.424981 -191.443 
v 5.11303 0.376006 -191.443 
v 5.04326 0.41637 -191.35 
v 5.04326 0.41637 -191.443 
v 5.02942 0.410636 -191.443 
v 5.02942 0.410636 -191.35 
v 5.01508 0.376006 -191.35 
v 4.83412 2.10024 -191.443 
v 4.83412 2.10024 -191.35 
v 4.79949 2.11458 -191.35 
v 4.84846 2.06561 -191.35 
v 4.79949 2.11458 -191.443 
v 4.84846 2.06561 -191.443 
v 4.76486 2.10024 -191.35 
v 4.76486 2.10024 -191.443 
v 4.75051 2.06561 -191.35 
v 4.79949 2.01663 -191.443 
v 5.21836 0.335672 -191.443 
v 5.02407 0.143078 -191.443 
v 5.32517 0.140239 -191.443 
v 4.83412 2.10024 -191.6 
v 4.83412 2.10024 -191.507 
v 4.79949 2.11458 -191.507 
v 4.79949 2.11458 -191.6 
v 4.84846 2.06561 -191.6 
v 4.76486 2.10024 -191.507 
v 4.76486 2.10024 -191.6 
v 4.78174 1.9549 -191.507 
v 4.79675 1.94868 -191.6 
v 4.80701 1.94444 -191.507 
v 4.81637 1.94056 -191.6 
v 4.81637 1.94056 -191.507 
v 4.78174 1.9549 -191.6 
v 4.74711 1.94056 -191.507 
v 4.74711 1.94056 -191.6 
v 5.32517 0.140239 -191.507 
v 5.32517 0.140239 -191.6 
v 5.1716 0 -191.507 
v 5.1716 0 -191.6 
v 5.02407 0.143078 -191.507 
v 5.12671 0.00137985 -191.507 
v 5.12671 0.00137985 -191.6 
v 5.32517 0.140239 -191.35 
v 5.32517 0.140239 -191.443 
v 5.1716 0 -191.35 
v 5.1716 0 -191.443 
v 5.12671 0.00137985 -191.35 
v 5.12671 0.00137985 -191.443 
v 4.73492 2.12439 -191.35 
v 4.75051 2.06561 -191.35 
v 4.76486 2.10024 -191.35 
v 4.79949 2.11458 -191.35 
v 4.7732 2.26282 -191.35 
v 4.69663 2.06549 -191.35 
v 4.83412 2.10024 -191.35 
v 4.76486 2.03097 -191.35 
v 4.92483 2.28633 -191.35 
v 4.78105 2.45916 -191.35 
v 4.94283 2.5064 -191.35 
v 4.75651 2.55406 -191.35 
v 4.89342 2.02127 -191.35 
v 4.95639 2.55406 -191.35 
v 4.84846 2.06561 -191.35 
v 4.71206 2.66136 -191.35 
v 4.75651 2.76867 -191.35 
v 4.86382 2.81311 -191.35 
v 4.97112 2.76867 -191.35 
v 5.01557 2.66136 -191.35 
v 4.84033 2.04598 -191.35 
v 4.83412 2.03097 -191.35 
v 4.81637 1.94056 -191.35 
v 4.79949 2.01663 -191.35 
v 4.83072 1.90593 -191.35 
v 4.80701 1.94444 -191.35 
v 4.78174 1.9549 -191.35 
v 4.77383 2.02726 -191.35 
v 4.74711 1.94056 -191.35 
v 4.73277 1.90593 -191.35 
v 4.8836 1.75326 -191.35 
v 4.81637 1.87129 -191.35 
v 4.78174 1.85695 -191.35 
v 4.66816 1.71109 -191.35 
v 4.74711 1.87129 -191.35 
v 4.89538 1.51863 -191.35 
v 4.6711 1.41953 -191.35 
v 4.93563 1.18878 -191.35 
v 4.70819 1.08673 -191.35 
v 5.00926 0.872666 -191.35 
v 4.75364 0.847548 -191.35 
v 4.81102 0.654956 -191.35 
v 4.999 0.572833 -191.35 
v 4.96437 0.558488 -191.35 
v 4.95002 0.523858 -191.35 
v 5.1035 0.597787 -191.35 
v 4.92635 0.347602 -191.35 
v 5.03363 0.558488 -191.35 
v 5.04479 0.531553 -191.35 
v 4.96437 0.489224 -191.35 
v 5.04797 0.523858 -191.35 
v 5.01508 0.376006 -191.35 
v 4.999 0.474883 -191.35 
v 5.02942 0.341373 -191.35 
v 5.02942 0.410636 -191.35 
v 5.01881 0.48309 -191.35 
v 5.04326 0.41637 -191.35 
v 5.03363 0.489224 -191.35 
v 5.06405 0.424981 -191.35 
v 5.09868 0.410636 -191.35 
v 5.21836 0.335672 -191.35 
v 5.11303 0.376006 -191.35 
v 5.09868 0.341373 -191.35 
v 5.27631 0.247044 -191.35 
v 5.02407 0.143078 -191.35 
v 5.06405 0.327031 -191.35 
v 5.09678 0.032294 -191.35 
v 5.32517 0.140239 -191.35 
v 5.30188 0.221478 -191.35 
v 5.1716 0 -191.35 
v 5.12671 0.00137985 -191.35 
v 5.33653 0.18512 -191.35 
v 5.33028 0.210685 -191.35 
v 4.78448 2.02285 -191.6 
v 4.89538 1.51863 -191.6 
v 4.70819 1.08673 -191.6 
v 4.96437 0.489224 -191.6 
v 4.96437 0.489228 -191.443 
v 5.11303 0.376006 -191.443 
v 4.6711 1.41953 -191.443 
v 4.93563 1.18878 -191.443 
v 5.21836 0.335672 -191.443 
v 5.02407 0.143078 -191.443 
v 5.32517 0.140239 -191.443 
v 4.73492 2.12439 -191.507 
v 4.75051 2.06561 -191.507 
v 4.76486 2.10024 -191.507 
v 4.79949 2.11458 -191.507 
v 4.7732 2.26282 -191.507 
v 4.69663 2.06549 -191.507 
v 4.83412 2.10024 -191.507 
v 4.76486 2.03097 -191.507 
v 4.92483 2.28633 -191.507 
v 4.78105 2.45916 -191.507 
v 4.94283 2.5064 -191.507 
v 4.75651 2.55406 -191.507 
v 4.89342 2.02127 -191.507 
v 4.95639 2.55406 -191.507 
v 4.84846 2.06561 -191.507 
v 4.71206 2.66136 -191.507 
v 4.75651 2.76867 -191.507 
v 4.86382 2.81311 -191.507 
v 4.97112 2.76867 -191.507 
v 5.01557 2.66136 -191.507 
v 4.84033 2.04598 -191.507 
v 4.83412 2.03097 -191.507 
v 4.81637 1.94056 -191.507 
v 4.79949 2.01663 -191.507 
v 4.83072 1.90593 -191.507 
v 4.80701 1.94444 -191.507 
v 4.78174 1.9549 -191.507 
v 4.77383 2.02726 -191.507 
v 4.74711 1.94056 -191.507 
v 4.73277 1.90593 -191.507 
v 4.8836 1.75326 -191.507 
v 4.81637 1.87129 -191.507 
v 4.78174 1.85695 -191.507 
v 4.66816 1.71109 -191.507 
v 4.74711 1.87129 -191.507 
v 4.89538 1.51863 -191.507 
v 4.6711 1.41953 -191.507 
v 4.93563 1.18878 -191.507 
v 4.70819 1.08673 -191.507 
v 5.00926 0.872666 -191.507 
v 4.75364 0.847548 -191.507 
v 4.81102 0.654956 -191.507 
v 4.999 0.572833 -191.507 
v 4.96437 0.558488 -191.507 
v 4.95002 0.523858 -191.507 
v 5.1035 0.597787 -191.507 
v 4.92635 0.347602 -191.507 
v 5.03363 0.558488 -191.507 
v 5.04479 0.531553 -191.507 
v 4.96437 0.489228 -191.507 
v 5.04797 0.523858 -191.507 
v 5.01508 0.376006 -191.507 
v 4.999 0.474883 -191.507 
v 5.02942 0.341376 -191.507 
v 5.02942 0.410636 -191.507 
v 5.01881 0.48309 -191.507 
v 5.04326 0.41637 -191.507 
v 5.03363 0.489228 -191.507 
v 5.06405 0.424981 -191.507 
v 5.09868 0.410636 -191.507 
v 5.21836 0.335672 -191.507 
v 5.11303 0.376006 -191.507 
v 5.09868 0.341376 -191.507 
v 5.27631 0.247044 -191.507 
v 5.02407 0.143078 -191.507 
v 5.06405 0.327031 -191.507 
v 5.09678 0.032294 -191.507 
v 5.32517 0.140239 -191.507 
v 5.30187 0.221478 -191.507 
v 5.1716 0 -191.507 
v 5.12671 0.00137985 -191.507 
v 5.33653 0.18512 -191.507 
v 5.33028 0.210685 -191.507 

vn 0 0 -1 
vn 0 0 -1 
vn 0 0 -1 
vn 0 0 -1 
vn 0 0 -1 
vn 0 0 -1 
vn -0.708661 -0.708661 0 
vn -0.708661 -0.708661 0 
vn -0.92126 -0.385827 0 
vn -0.92126 -0.385827 0 
vn -1 0 0 
vn -1 0 0 
vn -0.708661 0.708661 0 
vn -0.708661 0.708661 0 
vn -0.708661 0.708661 0 
vn -0.708661 0.708661 0 
vn -1 0 0 
vn -1 0 0 
vn -0.92126 -0.385827 0 
vn -0.92126 -0.385827 0 
vn -0.708661 -0.708661 0 
vn -0.708661 -0.708661 0 
vn -0.92126 -0.385827 0 
vn -0.92126 -0.385827 0 
vn -1 0 0 
vn -1 0 0 
vn -0.708661 0.708661 0 
vn 0.708661 0.708661 0 
vn -0.708661 0.708661 0 
vn 0.708661 0.708661 0 
vn -0.708661 -0.708661 0 
vn -0.708661 -0.708661 0 
vn 0 -1 0 
vn -1 0 0 
vn -1 0 0 
vn -0.708661 0.708661 0 
vn -0.708661 0.708661 0 
vn 0 1 0 
vn -0.708661 -0.708661 0 
vn -0.708661 -0.708661 0 
vn -1 0 0 
vn -1 0 0 
vn -0.708661 0.708661 0 
vn -0.708661 0.708661 0 
vn -0.708661 -0.708661 0 
vn -0.708661 -0.708661 0 
vn 0 -1 0 
vn -1 0 0 
vn -1 0 0 
vn -0.92126 0.385827 0 
vn -0.92126 0.385827 0 
vn -0.708661 0.708661 0 
vn -0.708661 0.708661 0 
vn 0 1 0 
vn 0 1 0 
vn 0.385827 0.92126 0 
vn 0 0 -1 
vn 0 0 -1 
vn 0 0 -1 
vn 0 0 -1 
vn -0.708661 -0.708661 0 
vn -0.708661 -0.708661 0 
vn 0 -1 0 
vn -1 0 0 
vn -1 0 0 
vn -0.92126 0.385827 0 
vn -0.92126 0.385827 0 
vn -0.708661 0.708661 0 
vn -0.708661 0.708661 0 
vn 0 1 0 
vn 0 1 0 
vn -0.708661 0.708661 0 
vn -0.708661 0.708661 0 
vn -1 0 0 
vn -1 0 0 
vn -0.92126 -0.385827 0 
vn -0.92126 -0.385827 0 
vn -0.708661 0.708661 0 
vn -0.708661 0.708661 0 
vn -1 0 0 
vn -1 0 0 
vn -0.944882 -0.314961 0 
vn -0.944882 -0.314961 0 
vn -0.992126 -0.102362 0 
vn -0.992126 -0.102362 0 
vn -0.984252 0.15748 0 
vn -0.984252 0.15748 0 
vn -0.913386 0.409449 0 
vn -0.913386 0.409449 0 
vn -0.944882 0.322835 0 
vn -0.944882 0.322835 0 
vn -1 0.0314961 0 
vn -1 0.0314961 0 
vn -1 -0.0629921 0 
vn -1 -0.0629921 0 
vn -0.992126 -0.149606 0 
vn -0.992126 -0.149606 0 
vn -0.968504 -0.23622 0 
vn -0.968504 -0.23622 0 
vn -0.944882 -0.314961 0 
vn -0.944882 -0.314961 0 
vn -0.92126 -0.393701 0 
vn -0.92126 -0.393701 0 
vn -0.874016 -0.488189 0 
vn -0.874016 -0.488189 0 
vn -0.401575 -0.913386 0 
vn -0.779528 -0.622047 0 
vn -0.401575 -0.913386 0 
vn -0.779528 -0.622047 0 
vn -0.708661 0.708661 0 
vn -0.708661 0.708661 0 
vn -1 0 0 
vn -1 0 0 
vn -0.944882 -0.314961 0 
vn -0.944882 -0.314961 0 
vn -0.992126 -0.102362 0 
vn -0.992126 -0.102362 0 
vn -0.984252 0.15748 0 
vn -0.984252 0.15748 0 
vn -0.913386 0.409449 0 
vn -0.913386 0.409449 0 
vn -0.944882 0.322835 0 
vn -0.944882 0.322835 0 
vn -1 0.0314961 0 
vn -1 0.0314961 0 
vn -1 -0.0629921 0 
vn -1 -0.0629921 0 
vn -0.992126 -0.149606 0 
vn -0.992126 -0.149606 0 
vn -0.968504 -0.23622 0 
vn -0.968504 -0.23622 0 
vn -0.944882 -0.314961 0 
vn -0.944882 -0.314961 0 
vn -0.92126 -0.393701 0 
vn -0.92126 -0.393701 0 
vn 0.346457 -0.937008 0 
vn -0.874016 -0.488189 0 
vn -0.874016 -0.488189 0 
vn -0.401575 -0.913386 0 
vn -0.779528 -0.622047 0 
vn -0.401575 -0.913386 0 
vn -0.779528 -0.622047 0 
vn 0 0 -1 
vn 0 0 -1 
vn -0.708661 0.708661 0 
vn 0.708661 0.708661 0 
vn -0.708661 0.708661 0 
vn 0.708661 0.708661 0 
vn -0.385827 0.92126 0 
vn 0 1 0 
vn -0.385827 0.92126 0 
vn 0 1 0 
vn 0.708661 0.708661 0 
vn 0.708661 0.708661 0 
vn 0 1 0 
vn 0 1 0 
vn -0.708661 0.708661 0 
vn -0.708661 0.708661 0 
vn -0.708661 0.708661 0 
vn 0.708661 0.708661 0 
vn -0.708661 0.708661 0 
vn 0.708661 0.708661 0 
vn -0.385827 0.92126 0 
vn 0 1 0 
vn -0.385827 0.92126 0 
vn 0 1 0 
vn -1 0 0 
vn -1 0 0 
vn -0.708661 0.708661 0 
vn -0.708661 0.708661 0 
vn 0 1 0 
vn 0 1 0 
vn 0.708661 0.708661 0 
vn 0.708661 0.708661 0 
vn -1 0 0 
vn -1 0 0 
vn -0.708661 0.708661 0 
vn -0.708661 0.708661 0 
vn 0 1 0 
vn 0 1 0 
vn 1 0 0 
vn 0.708661 0.708661 0 
vn 1 0 0 
vn 0.708661 0.708661 0 
vn -1 0 0 
vn 1 0 0 
vn -0.708661 0.708661 0 
vn -0.708661 0.708661 0 
vn 0.708661 0.708661 0 
vn 0 1 0 
vn 0.708661 0.708661 0 
vn 0 1 0 
vn 0.385827 0.92126 0 
vn 0.385827 0.92126 0 
vn 0 0 -1 
vn -0.708661 0.708661 0 
vn -0.708661 0.708661 0 
vn 0.708661 0.708661 0 
vn 0 1 0 
vn 0.708661 0.708661 0 
vn 0 1 0 
vn 0.385827 0.92126 0 
vn 0.385827 0.92126 0 
vn 0.708661 0.708661 0 
vn 0.708661 0.708661 0 
vn 0 1 0 
vn 0 1 0 
vn -0.708661 0.708661 0 
vn -0.708661 0.708661 0 
vn 1 -0.0551181 0 
vn 1 -0.0551181 0 
vn 0.708661 0.708661 0 
vn 0.708661 0.708661 0 
vn 0 1 0 
vn 0 1 0 
vn -0.708661 0.708661 0 
vn -0.708661 0.708661 0 
vn -1 0 0 
vn 0.779528 0.629921 0 
vn 0.543307 0.84252 0 
vn 0.543307 0.84252 0 
vn 0.748031 0.661417 0 
vn 0.748031 0.661417 0 
vn 1 -0.0551181 0 
vn 1 -0.0551181 0 
vn 0.708661 0.708661 0 
vn 0.708661 0.708661 0 
vn 0 1 0 
vn 0 1 0 
vn -0.708661 0.708661 0 
vn -0.708661 0.708661 0 
vn -1 0 0 
vn 0.779528 0.629921 0 
vn 0.543307 0.84252 0 
vn 0.543307 0.84252 0 
vn 0.748031 0.661417 0 
vn 0.748031 0.661417 0 
vn 0 0 -1 
vn 0 0 -1 
vn 0 0 -1 
vn 0 0 -1 
vn 0 0 -1 
vn 0 0 -1 
vn 0 0 -1 
vn 0 0 -1 
vn 0 0 -1 
vn 0 0 -1 
vn 0 0 -1 
vn 0 0 -1 
vn 0 0 -1 
vn 0 0 -1 
vn 0 0 -1 
vn 0 0 -1 
vn 0 0 -1 
vn 0 0 -1 
vn 0 0 -1 
vn 0 0 -1 
vn 0 0 -1 
vn 0 0 -1 
vn 0 0 -1 
vn 0 0 -1 
vn 0 0 -1 
vn 0 0 -1 
vn 0 0 -1 
vn 0 0 -1 
vn 0 0 -1 
vn 0 0 -1 
vn 0 0 -1 
vn 0 0 -1 
vn 0 0 -1 
vn 0 0 -1 
vn 0 0 -1 
vn 0 0 -1 
vn 0 0 -1 
vn 0 0 -1 
vn 0 0 -1 
vn 0 0 -1 
vn 0 0 -1 
vn 0 0 -1 
vn 0 0 -1 
vn 0 0 -1 
vn 0 0 -1 
vn 0 0 -1 
vn 0 0 -1 
vn 0 0 -1 
vn 0 0 -1 
vn 0 0 -1 
vn 0 0 -1 
vn 0 0 -1 
vn 0 0 -1 
vn 0 0 -1 
vn 0 0 -1 
vn 0 0 -1 
vn 0 0 -1 
vn 0 0 -1 
vn 0 0 -1 
vn 0 0 -1 
vn 0 0 -1 
vn 0 0 -1 
vn 0 0 -1 
vn 0 0 -1 
vn 0 0 -1 
vn 0 0 -1 
vn 0 0 -1 
vn 0 0 -1 
vn 0 0 -1 
vn 0 0 -1 
vn 0 0 -1 
vn 0 0 -1 
vn 0 0 -1 
vn 0.708661 0.708661 0 
vn -1 0 0 
vn 0.385827 0.92126 0 
vn 0 0 -1 
vn 0 0 -1 
vn 0 0 -1 
vn 0 0 -1 
vn 0 0 -1 
vn 0 0 -1 
vn 0 0 -1 
vn 0 0 -1 
vn 0 0 -1 
vn 0 0 -1 
vn 0 0 -1 
vn 0 0 -1 
vn 0 0 -1 
vn 0 0 -1 
vn 0 0 -1 
vn 0 0 -1 
vn 0 0 -1 
vn 0 0 -1 
vn 0 0 -1 
vn 0 0 -1 
vn 0 0 -1 
vn 0 0 -1 
vn 0 0 -1 
vn 0 0 -1 
vn 0 0 -1 
vn 0 0 -1 
vn 0 0 -1 
vn 0 0 -1 
vn 0 0 -1 
vn 0 0 -1 
vn 0 0 -1 
vn 0 0 -1 
vn 0 0 -1 
vn 0 0 -1 
vn 0 0 -1 
vn 0 0 -1 
vn 0 0 -1 
vn 0 0 -1 
vn 0 0 -1 
vn 0 0 -1 
vn 0 0 -1 
vn 0 0 -1 
vn 0 0 -1 
vn 0 0 -1 
vn 0 0 -1 
vn 0 0 -1 
vn 0 0 -1 
vn 0 0 -1 
vn 0 0 -1 
vn 0 0 -1 
vn 0 0 -1 
vn 0 0 -1 
vn 0 0 -1 
vn 0 0 -1 
vn 0 0 -1 
vn 0 0 -1 
vn 0 0 -1 
vn 0 0 -1 
vn 0 0 -1 
vn 0 0 -1 
vn 0 0 -1 
vn 0 0 -1 
vn 0 0 -1 
vn 0 0 -1 
vn 0 0 -1 
vn 0 0 -1 
vn 0 0 -1 
vn 0 0 -1 
vn 0 0 -1 
vn 0 0 -1 
vn 0 0 -1 
vn 0 0 -1 
vn 0 0 -1 
vn 0 0 -1 
vn 0 0 -1 
vn 0 0 -1 
vn 0 0 -1 
vn 0 0 -1 
vn 0 0 -1 
vn 0.708661 -0.708661 0 
vn 0.708661 -0.708661 0 
vn 1 0 0 
vn 1 0 0 
vn 0.708661 0.708661 0 
vn 0.708661 0.708661 0 
vn 0 -1 0 
vn 0.708661 -0.708661 0 
vn 0.708661 -0.708661 0 
vn 1 0 0 
vn 1 0 0 
vn 0.708661 0.708661 0 
vn 0.708661 0.708661 0 
vn -0.708661 0.708661 0 
vn -0.708661 0.708661 0 
vn -0.708661 -0.708661 0 
vn 0.708661 -0.708661 0 
vn 0.708661 -0.708661 0 
vn 1 0 0 
vn 1 0 0 
vn 0.708661 0.708661 0 
vn 0.708661 0.708661 0 
vn 0 -1 0 
vn 0 -1 0 
vn 0.708661 -0.708661 0 
vn 0 1 0 
vn 0.708661 -0.708661 0 
vn 1 0 0 
vn 0.708661 0.708661 0 
vn 1 0 0 
vn 0.708661 0.708661 0 
vn 0.708661 -0.708661 0 
vn 0.708661 -0.708661 0 
vn 1 0 0 
vn 0.708661 0.708661 0 
vn 1 0 0 
vn 0.708661 0.708661 0 
vn 0 -1 0 
vn 0.708661 -0.708661 0 
vn 0.708661 -0.708661 0 
vn 1 0 0 
vn 1 0 0 
vn 0.708661 0.708661 0 
vn 0 1 0 
vn 0.708661 0.708661 0 
vn 0 1 0 
vn 0.385827 0.92126 0 
vn 0 0 -1 
vn 0 0 -1 
vn 0 0 -1 
vn 0 0 -1 
vn 0 0 -1 
vn 0.708661 -0.708661 0 
vn 0.708661 -0.708661 0 
vn 1 0 0 
vn 1 0 0 
vn 0.708661 0.708661 0 
vn 0 1 0 
vn 0.708661 0.708661 0 
vn 0 1 0 
vn 0 -1 0 
vn 0 -1 0 
vn 0.708661 -0.708661 0 
vn 0.708661 -0.708661 0 
vn 1 0 0 
vn 1 0 0 
vn 0.708661 0.708661 0 
vn 0.708661 0.708661 0 
vn -0.708661 0.708661 0 
vn -0.708661 0.708661 0 
vn 0.92126 -0.377953 0 
vn 1 -0.0551181 0 
vn 1 -0.0551181 0 
vn 0.708661 0.708661 0 
vn 0.92126 -0.377953 0 
vn 0.708661 0.708661 0 
vn 0.984252 -0.181102 0 
vn 0.984252 -0.181102 0 
vn 0.992126 -0.102362 0 
vn 0.992126 -0.102362 0 
vn 1 -0.0787402 0 
vn 1 -0.0787402 0 
vn 1 0.00787402 0 
vn 1 0.00787402 0 
vn 1 0.0866142 0 
vn 1 0.0866142 0 
vn 0.984252 0.173228 0 
vn 0.984252 0.173228 0 
vn 0.96063 0.275591 0 
vn 0.96063 0.275591 0 
vn 0.929134 0.362205 0 
vn 0.929134 0.362205 0 
vn 0.88189 0.472441 0 
vn 0.88189 0.472441 0 
vn 0.779528 0.629921 0 
vn 0.779528 0.629921 0 
vn 0.543307 0.84252 0 
vn 0.748031 0.661417 0 
vn 0.748031 0.661417 0 
vn 1 -0.00787402 0 
vn 1 -0.00787402 0 
vn 0.858268 -0.511811 0 
vn 0.858268 -0.511811 0 
vn 0.92126 -0.377953 0 
vn 1 -0.0551181 0 
vn 1 -0.0551181 0 
vn 0.708661 0.708661 0 
vn 0.92126 -0.377953 0 
vn 0.708661 0.708661 0 
vn 0.984252 -0.181102 0 
vn 0.984252 -0.181102 0 
vn 0.992126 -0.102362 0 
vn 0.992126 -0.102362 0 
vn 1 -0.0787402 0 
vn 1 -0.0787402 0 
vn 1 0.00787402 0 
vn 1 0.00787402 0 
vn 1 0.0866142 0 
vn 1 0.0866142 0 
vn 0.984252 0.173228 0 
vn 0.984252 0.173228 0 
vn 0.96063 0.275591 0 
vn 0.96063 0.275591 0 
vn 0.929134 0.362205 0 
vn 0.929134 0.362205 0 
vn 0.88189 0.472441 0 
vn 0.88189 0.472441 0 
vn 0.779528 0.629921 0 
vn 0.779528 0.629921 0 
vn 0.543307 0.84252 0 
vn 0.748031 0.661417 0 
vn 0.748031 0.661417 0 
vn 1 -0.00787402 0 
vn 1 -0.00787402 0 
vn 0.858268 -0.511811 0 
vn 0.858268 -0.511811 0 
vn 0 0 -1 
vn 0 0 -1 
vn 0 0 -1 
vn 0 0 -1 
vn -0.708661 -0.708661 0 
vn -0.708661 -0.708661 0 
vn 0 -1 0 
vn 0 -1 0 
vn 0.708661 -0.708661 0 
vn 0.708661 -0.708661 0 
vn -0.708661 0.708661 0 
vn 0.708661 0.708661 0 
vn -0.708661 0.708661 0 
vn 0 -1 0 
vn -0.385827 -0.92126 0 
vn -0.385827 -0.92126 0 
vn -0.385827 -0.92126 0 
vn -0.385827 -0.92126 0 
vn 0 -1 0 
vn 0.708661 -0.708661 0 
vn 0.708661 -0.708661 0 
vn -0.708661 -0.708661 0 
vn -0.708661 -0.708661 0 
vn 0 -1 0 
vn 0 -1 0 
vn 0.708661 -0.708661 0 
vn 0.708661 -0.708661 0 
vn 0.708661 0.708661 0 
vn -0.708661 -0.708661 0 
vn -0.708661 -0.708661 0 
vn 0 -1 0 
vn -1 0 0 
vn 0 -1 0 
vn -1 0 0 
vn 0.385827 -0.92126 0 
vn 0.385827 -0.92126 0 
vn 0.708661 -0.708661 0 
vn 0.708661 -0.708661 0 
vn 0.708661 0.708661 0 
vn -0.708661 -0.708661 0 
vn -0.708661 -0.708661 0 
vn 0 -1 0 
vn -1 0 0 
vn 0 -1 0 
vn -1 0 0 
vn 0.385827 -0.92126 0 
vn 0.385827 -0.92126 0 
vn 0.708661 -0.708661 0 
vn 0.708661 -0.708661 0 
vn 1 0 0 
vn -0.708661 -0.708661 0 
vn -0.708661 -0.708661 0 
vn 0 -1 0 
vn -1 0 0 
vn 0 -1 0 
vn -1 0 0 
vn 0.708661 -0.708661 0 
vn 0.708661 -0.708661 0 
vn 1 0 0 
vn 0 1 0 
vn 0 0 -1 
vn 0 0 -1 
vn 0 0 -1 
vn -0.708661 -0.708661 0 
vn -0.708661 -0.708661 0 
vn 0 -1 0 
vn 0 -1 0 
vn -1 0 0 
vn 0.708661 -0.708661 0 
vn 0.708661 -0.708661 0 
vn 0 -1 0 
vn -0.385827 -0.92126 0 
vn -0.385827 -0.92126 0 
vn -0.385827 -0.92126 0 
vn -0.385827 -0.92126 0 
vn 0 -1 0 
vn 0.708661 -0.708661 0 
vn 0.708661 -0.708661 0 
vn 0.858268 -0.511811 0 
vn 0.858268 -0.511811 0 
vn 0.346457 -0.937008 0 
vn 0.346457 -0.937008 0 
vn -0.874016 -0.488189 0 
vn -0.401575 -0.913386 0 
vn -0.401575 -0.913386 0 
vn 0.858268 -0.511811 0 
vn 0.858268 -0.511811 0 
vn 0.346457 -0.937008 0 
vn 0.346457 -0.937008 0 
vn -0.401575 -0.913386 0 
vn -0.401575 -0.913386 0 
vn 0 0 1 
vn 0 0 1 
vn 0 0 1 
vn 0 0 1 
vn 0 0 1 
vn 0 0 1 
vn 0 0 1 
vn 0 0 1 
vn 0 0 1 
vn 0 0 1 
vn 0 0 1 
vn 0 0 1 
vn 0 0 1 
vn 0 0 1 
vn 0 0 1 
vn 0 0 1 
vn 0 0 1 
vn 0 0 1 
vn 0 0 1 
vn 0 0 1 
vn 0 0 1 
vn 0 0 1 
vn 0 0 1 
vn 0 0 1 
vn 0 0 1 
vn 0 0 1 
vn 0 0 1 
vn 0 0 1 
vn 0 0 1 
vn 0 0 1 
vn 0 0 1 
vn 0 0 1 
vn 0 0 1 
vn 0 0 1 
vn 0 0 1 
vn 0 0 1 
vn 0 0 1 
vn 0 0 1 
vn 0 0 1 
vn 0 0 1 
vn 0 0 1 
vn 0 0 1 
vn 0 0 1 
vn 0 0 1 
vn 0 0 1 
vn 0 0 1 
vn 0 0 1 
vn 0 0 1 
vn 0 0 1 
vn 0 0 1 
vn 0 0 1 
vn 0 0 1 
vn 0 0 1 
vn 0 0 1 
vn 0 0 1 
vn 0 0 1 
vn 0 0 1 
vn 0 0 1 
vn 0 0 1 
vn 0 0 1 
vn 0 0 1 
vn 0 0 1 
vn 0 0 1 
vn 0 0 1 
vn 0 0 1 
vn 0 0 1 
vn 0 0 1 
vn 0 0 1 
vn 0 0 1 
vn 0 0 1 
vn 0 0 1 
vn 0 0 1 
vn 0 0 1 
vn 0 0 -1 
vn 0 0 -1 
vn 0 0 -1 
vn 0 0 -1 
vn 0.708661 0.708661 0 
vn -1 0 0 
vn 0 0 -1 
vn 0 0 -1 
vn 0 0 -1 
vn 0 0 -1 
vn 0 0 -1 
vn 0 0 1 
vn 0 0 1 
vn 0 0 1 
vn 0 0 1 
vn 0 0 1 
vn 0 0 1 
vn 0 0 1 
vn 0 0 1 
vn 0 0 1 
vn 0 0 1 
vn 0 0 1 
vn 0 0 1 
vn 0 0 1 
vn 0 0 1 
vn 0 0 1 
vn 0 0 1 
vn 0 0 1 
vn 0 0 1 
vn 0 0 1 
vn 0 0 1 
vn 0 0 1 
vn 0 0 1 
vn 0 0 1 
vn 0 0 1 
vn 0 0 1 
vn 0 0 1 
vn 0 0 1 
vn 0 0 1 
vn 0 0 1 
vn 0 0 1 
vn 0 0 1 
vn 0 0 1 
vn 0 0 1 
vn 0 0 1 
vn 0 0 1 
vn 0 0 1 
vn 0 0 1 
vn 0 0 1 
vn 0 0 1 
vn 0 0 1 
vn 0 0 1 
vn 0 0 1 
vn 0 0 1 
vn 0 0 1 
vn 0 0 1 
vn 0 0 1 
vn 0 0 1 
vn 0 0 1 
vn 0 0 1 
vn 0 0 1 
vn 0 0 1 
vn 0 0 1 
vn 0 0 1 
vn 0 0 1 
vn 0 0 1 
vn 0 0 1 
vn 0 0 1 
vn 0 0 1 
vn 0 0 1 
vn 0 0 1 
vn 0 0 1 
vn 0 0 1 
vn 0 0 1 
vn 0 0 1 
vn 0 0 1 
vn 0 0 1 
vn 0 0 1 
vn 0 0 1 
vn 0 0 1 
vn 0 0 1 
vn 0 0 1 
vn 0 0 1 
vn 0 0 1 

vt 0.540205 -0.610847 
vt 0.540205 -0.544999 
vt 0.540205 -0.643782 
vt 0.540205 -0.706809 
vt 0.540205 -0.835485 
vt 0.540205 -0.878753 
vt 0.540205 -0.826827 
vt 0.551841 -0.826827 
vt 0.540205 -0.830194 
vt 0.551841 -0.830194 
vt 0.551841 -0.831156 
vt 0.540205 -0.831156 
vt 0.551841 -0.835485 
vt 0.540205 -0.835485 
vt 0.559854 -0.662727 
vt 0.571491 -0.662727 
vt 0.559854 -0.658397 
vt 0.571491 -0.658397 
vt 0.559854 -0.654069 
vt 0.571491 -0.654069 
vt 0.559854 -0.826827 
vt 0.571491 -0.826827 
vt 0.559854 -0.830194 
vt 0.571491 -0.830194 
vt 0.571491 -0.831156 
vt 0.559854 -0.831156 
vt 0.559854 -0.835485 
vt 0.559854 -0.835485 
vt 0.571491 -0.835485 
vt 0.571491 -0.835485 
vt 0.540205 -0.845309 
vt 0.551841 -0.845309 
vt 0.551841 -0.843516 
vt 0.551841 -0.849637 
vt 0.540205 -0.849637 
vt 0.551841 -0.853966 
vt 0.540205 -0.853966 
vt 0.551841 -0.855759 
vt 0.559854 -0.845309 
vt 0.571491 -0.845309 
vt 0.571491 -0.849637 
vt 0.559854 -0.849637 
vt 0.559854 -0.853966 
vt 0.571491 -0.853966 
vt 0.559854 -0.634109 
vt 0.571491 -0.634109 
vt 0.571491 -0.632316 
vt 0.571491 -0.638438 
vt 0.559854 -0.638438 
vt 0.559854 -0.640725 
vt 0.571491 -0.640891 
vt 0.559854 -0.642767 
vt 0.571491 -0.642767 
vt 0.571491 -0.644559 
vt 0.559854 -0.644559 
vt 0.559854 -0.643782 
vt 0.559854 -0.610847 
vt 0.559854 -0.544999 
vt 0.559854 -0.748041 
vt 0.559854 -0.878753 
vt 0.540205 -0.634109 
vt 0.551841 -0.634109 
vt 0.551841 -0.632316 
vt 0.551841 -0.638438 
vt 0.540205 -0.638438 
vt 0.540205 -0.640725 
vt 0.551841 -0.640891 
vt 0.540205 -0.642767 
vt 0.551841 -0.642767 
vt 0.551841 -0.644559 
vt 0.540205 -0.644559 
vt 0.540205 -0.662727 
vt 0.551841 -0.662727 
vt 0.540205 -0.658397 
vt 0.551841 -0.658397 
vt 0.540205 -0.654069 
vt 0.551841 -0.654069 
vt 0.540205 -0.550555 
vt 0.551841 -0.550555 
vt 0.540205 -0.563968 
vt 0.551841 -0.563968 
vt 0.540205 -0.577381 
vt 0.551841 -0.577381 
vt 0.540205 -0.589244 
vt 0.551841 -0.589244 
vt 0.540205 -0.613786 
vt 0.551841 -0.613786 
vt 0.540205 -0.631089 
vt 0.551841 -0.631089 
vt 0.540205 -0.638451 
vt 0.551841 -0.638452 
vt 0.540205 -0.682751 
vt 0.551841 -0.682751 
vt 0.540205 -0.719197 
vt 0.551841 -0.719197 
vt 0.540205 -0.760797 
vt 0.551841 -0.760797 
vt 0.540205 -0.790695 
vt 0.551841 -0.790695 
vt 0.540205 -0.814769 
vt 0.551841 -0.814769 
vt 0.540205 -0.853188 
vt 0.551841 -0.853188 
vt 0.540205 -0.878753 
vt 0.551841 -0.878753 
vt 0.551841 -0.896466 
vt 0.540205 -0.892601 
vt 0.540205 -0.896466 
vt 0.551841 -0.892601 
vt 0.559854 -0.550555 
vt 0.571491 -0.550555 
vt 0.559854 -0.563968 
vt 0.571491 -0.563968 
vt 0.559854 -0.577381 
vt 0.571491 -0.577381 
vt 0.559854 -0.589244 
vt 0.571491 -0.589244 
vt 0.559854 -0.613786 
vt 0.571491 -0.613786 
vt 0.559854 -0.631089 
vt 0.571491 -0.631089 
vt 0.571491 -0.638451 
vt 0.559854 -0.638452 
vt 0.571491 -0.682751 
vt 0.559854 -0.682751 
vt 0.559854 -0.719197 
vt 0.571491 -0.719197 
vt 0.559854 -0.760797 
vt 0.571491 -0.760797 
vt 0.559854 -0.790695 
vt 0.571491 -0.790695 
vt 0.559854 -0.814769 
vt 0.571491 -0.814769 
vt 0.559854 -0.853188 
vt 0.571491 -0.853188 
vt 0.571491 -0.896638 
vt 0.559854 -0.878753 
vt 0.571491 -0.878753 
vt 0.571491 -0.896466 
vt 0.559854 -0.892601 
vt 0.559854 -0.896466 
vt 0.571491 -0.892601 
vt 0.551101 -0.705175 
vt 0.58285 -0.705175 
vt 0.559758 -0.716812 
vt 0.551101 -0.716812 
vt 0.559758 -0.705175 
vt 0.551101 -0.705175 
vt 0.557906 -0.716812 
vt 0.555429 -0.705175 
vt 0.557882 -0.705175 
vt 0.555429 -0.716812 
vt 0.523944 -0.736462 
vt 0.523944 -0.724824 
vt 0.528273 -0.724824 
vt 0.528273 -0.736462 
vt 0.532602 -0.724824 
vt 0.532602 -0.736462 
vt 0.559758 -0.724824 
vt 0.551101 -0.724824 
vt 0.559758 -0.736462 
vt 0.551101 -0.736462 
vt 0.557906 -0.736462 
vt 0.555429 -0.724824 
vt 0.557882 -0.724824 
vt 0.555429 -0.736462 
vt 0.569683 -0.716812 
vt 0.569683 -0.705175 
vt 0.56789 -0.716812 
vt 0.56789 -0.705175 
vt 0.563561 -0.716812 
vt 0.563561 -0.705175 
vt 0.559233 -0.716812 
vt 0.559233 -0.705175 
vt 0.569683 -0.736462 
vt 0.569683 -0.724824 
vt 0.56789 -0.724824 
vt 0.56789 -0.736462 
vt 0.563561 -0.736462 
vt 0.563561 -0.724824 
vt 0.557439 -0.736462 
vt 0.559233 -0.736462 
vt 0.557439 -0.724824 
vt 0.559233 -0.724824 
vt 0.536612 -0.736462 
vt 0.524369 -0.736462 
vt 0.534819 -0.724824 
vt 0.534819 -0.736462 
vt 0.526162 -0.736462 
vt 0.530491 -0.736462 
vt 0.526162 -0.724824 
vt 0.530491 -0.724824 
vt 0.527283 -0.736462 
vt 0.528615 -0.724824 
vt 0.58285 -0.724824 
vt 0.534819 -0.705175 
vt 0.534819 -0.716812 
vt 0.526162 -0.716812 
vt 0.530491 -0.716812 
vt 0.526162 -0.705175 
vt 0.530491 -0.705175 
vt 0.527283 -0.716812 
vt 0.528615 -0.705175 
vt 0.523944 -0.716812 
vt 0.523944 -0.705175 
vt 0.528273 -0.705175 
vt 0.528273 -0.716812 
vt 0.532602 -0.705175 
vt 0.532602 -0.716812 
vt 0.557501 -0.705175 
vt 0.557501 -0.716812 
vt 0.551945 -0.705175 
vt 0.551945 -0.716812 
vt 0.538532 -0.705175 
vt 0.538532 -0.716812 
vt 0.525119 -0.705175 
vt 0.525119 -0.716812 
vt 0.519563 -0.716812 
vt 0.590093 -0.705175 
vt 0.593289 -0.716812 
vt 0.593289 -0.705175 
vt 0.59684 -0.716812 
vt 0.59684 -0.705175 
vt 0.557501 -0.724824 
vt 0.557501 -0.736462 
vt 0.551945 -0.724824 
vt 0.551945 -0.736462 
vt 0.538532 -0.724824 
vt 0.538532 -0.736462 
vt 0.525119 -0.724824 
vt 0.525119 -0.736462 
vt 0.519563 -0.736462 
vt 0.590093 -0.736462 
vt 0.593289 -0.724824 
vt 0.593289 -0.736462 
vt 0.59684 -0.724824 
vt 0.59684 -0.736462 
vt 0.565537 -0.610847 
vt 0.576876 -0.634109 
vt 0.584491 -0.613786 
vt 0.581205 -0.632316 
vt 0.589276 -0.631089 
vt 0.585534 -0.634109 
vt 0.587327 -0.638438 
vt 0.583509 -0.589244 
vt 0.594062 -0.638451 
vt 0.563287 -0.583338 
vt 0.586577 -0.577381 
vt 0.569464 -0.643979 
vt 0.585534 -0.642767 
vt 0.575083 -0.638438 
vt 0.561592 -0.577381 
vt 0.576031 -0.640725 
vt 0.576876 -0.642767 
vt 0.592133 -0.563968 
vt 0.586577 -0.550555 
vt 0.573164 -0.544999 
vt 0.559751 -0.550555 
vt 0.554195 -0.563968 
vt 0.579094 -0.654069 
vt 0.581205 -0.644559 
vt 0.577301 -0.658397 
vt 0.581547 -0.653053 
vt 0.583423 -0.652276 
vt 0.583081 -0.643782 
vt 0.587751 -0.654069 
vt 0.589545 -0.658397 
vt 0.570691 -0.67748 
vt 0.579094 -0.662727 
vt 0.583423 -0.664519 
vt 0.597621 -0.682751 
vt 0.587751 -0.662727 
vt 0.569218 -0.706809 
vt 0.597253 -0.719197 
vt 0.564187 -0.748041 
vt 0.592617 -0.760797 
vt 0.554983 -0.787555 
vt 0.586936 -0.790695 
vt 0.579763 -0.814769 
vt 0.556266 -0.825034 
vt 0.560595 -0.826827 
vt 0.562388 -0.831156 
vt 0.543203 -0.821915 
vt 0.565347 -0.853188 
vt 0.551937 -0.826827 
vt 0.550543 -0.830194 
vt 0.560595 -0.835485 
vt 0.550144 -0.831156 
vt 0.554256 -0.849637 
vt 0.556266 -0.837278 
vt 0.552463 -0.853966 
vt 0.552463 -0.845309 
vt 0.553813 -0.836262 
vt 0.550733 -0.844592 
vt 0.551937 -0.835485 
vt 0.548134 -0.843516 
vt 0.543805 -0.845309 
vt 0.528845 -0.854679 
vt 0.542012 -0.849637 
vt 0.543805 -0.853966 
vt 0.521602 -0.865758 
vt 0.553132 -0.878753 
vt 0.548134 -0.855759 
vt 0.544043 -0.892601 
vt 0.515495 -0.879108 
vt 0.518406 -0.868953 
vt 0.534691 -0.896638 
vt 0.540302 -0.896466 
vt 0.514075 -0.873498 
vt 0.514856 -0.870302 
vt 0.560595 -0.835485 
vt 0.542012 -0.849637 
vt 0.583081 -0.643782 
vt 0.565537 -0.610847 
vt 0.576876 -0.634109 
vt 0.584491 -0.613786 
vt 0.581205 -0.632316 
vt 0.589276 -0.631089 
vt 0.585534 -0.634109 
vt 0.587327 -0.638438 
vt 0.583509 -0.589244 
vt 0.594062 -0.638452 
vt 0.563287 -0.583338 
vt 0.586577 -0.577381 
vt 0.569464 -0.643979 
vt 0.585534 -0.642767 
vt 0.575083 -0.638438 
vt 0.561592 -0.577381 
vt 0.576031 -0.640725 
vt 0.576876 -0.642767 
vt 0.592133 -0.563968 
vt 0.586577 -0.550555 
vt 0.573164 -0.544999 
vt 0.559751 -0.550555 
vt 0.554195 -0.563968 
vt 0.579094 -0.654069 
vt 0.581205 -0.644559 
vt 0.577301 -0.658397 
vt 0.581547 -0.653053 
vt 0.583423 -0.652276 
vt 0.583081 -0.643782 
vt 0.587751 -0.654069 
vt 0.589545 -0.658397 
vt 0.570691 -0.67748 
vt 0.579094 -0.662727 
vt 0.583423 -0.664519 
vt 0.597621 -0.682751 
vt 0.587751 -0.662727 
vt 0.569218 -0.706809 
vt 0.597253 -0.719197 
vt 0.564187 -0.748041 
vt 0.592617 -0.760797 
vt 0.554983 -0.787555 
vt 0.586936 -0.790695 
vt 0.579763 -0.814769 
vt 0.556266 -0.825034 
vt 0.560595 -0.826827 
vt 0.562388 -0.831156 
vt 0.543203 -0.821915 
vt 0.565347 -0.853188 
vt 0.551937 -0.826827 
vt 0.550543 -0.830194 
vt 0.560595 -0.835485 
vt 0.550144 -0.831156 
vt 0.554256 -0.849637 
vt 0.556266 -0.837278 
vt 0.552463 -0.853966 
vt 0.552463 -0.845309 
vt 0.553813 -0.836262 
vt 0.550733 -0.844592 
vt 0.551937 -0.835485 
vt 0.548134 -0.843516 
vt 0.543805 -0.845309 
vt 0.528845 -0.854679 
vt 0.542012 -0.849637 
vt 0.543805 -0.853966 
vt 0.521602 -0.865758 
vt 0.553132 -0.878753 
vt 0.548134 -0.855759 
vt 0.544043 -0.892601 
vt 0.515495 -0.879108 
vt 0.518407 -0.868953 
vt 0.534691 -0.896638 
vt 0.540302 -0.896466 
vt 0.514075 -0.873498 
vt 0.514856 -0.870302 
vt 0.571491 -0.610847 
vt 0.571491 -0.544999 
vt 0.571491 -0.643782 
vt 0.571491 -0.760797 
vt 0.571491 -0.854679 
vt 0.571491 -0.896638 
vt 0.559854 -0.826827 
vt 0.571491 -0.826827 
vt 0.559854 -0.831156 
vt 0.571491 -0.831156 
vt 0.559854 -0.835485 
vt 0.571491 -0.835485 
vt 0.551842 -0.652276 
vt 0.540205 -0.654069 
vt 0.551842 -0.654069 
vt 0.540205 -0.658397 
vt 0.551842 -0.658397 
vt 0.540205 -0.662727 
vt 0.551842 -0.662727 
vt 0.551842 -0.662727 
vt 0.540205 -0.662727 
vt 0.540205 -0.826827 
vt 0.540205 -0.826827 
vt 0.551842 -0.826827 
vt 0.540205 -0.831156 
vt 0.551842 -0.831156 
vt 0.551842 -0.835485 
vt 0.540205 -0.835485 
vt 0.559854 -0.843516 
vt 0.571491 -0.843516 
vt 0.571491 -0.845309 
vt 0.559854 -0.855759 
vt 0.559854 -0.845309 
vt 0.559854 -0.849637 
vt 0.559854 -0.853966 
vt 0.571491 -0.849637 
vt 0.571491 -0.853966 
vt 0.551842 -0.845309 
vt 0.540205 -0.845309 
vt 0.540205 -0.849637 
vt 0.540205 -0.853966 
vt 0.551842 -0.849637 
vt 0.551842 -0.853966 
vt 0.540205 -0.632316 
vt 0.540205 -0.634109 
vt 0.551842 -0.634109 
vt 0.540205 -0.638438 
vt 0.551842 -0.638438 
vt 0.540205 -0.642767 
vt 0.540205 -0.644559 
vt 0.551842 -0.642767 
vt 0.551842 -0.644559 
vt 0.551842 -0.643782 
vt 0.551842 -0.610847 
vt 0.551842 -0.544999 
vt 0.551842 -0.719197 
vt 0.551842 -0.854679 
vt 0.551842 -0.879108 
vt 0.559854 -0.634109 
vt 0.571491 -0.634109 
vt 0.559854 -0.638438 
vt 0.571491 -0.638438 
vt 0.559854 -0.642767 
vt 0.559854 -0.644559 
vt 0.571491 -0.642767 
vt 0.571491 -0.644559 
vt 0.559854 -0.652276 
vt 0.571491 -0.652276 
vt 0.559854 -0.654069 
vt 0.571491 -0.654069 
vt 0.559854 -0.658397 
vt 0.571491 -0.658397 
vt 0.559854 -0.662727 
vt 0.571491 -0.662727 
vt 0.571491 -0.662727 
vt 0.559854 -0.662727 
vt 0.559854 -0.577381 
vt 0.571491 -0.563968 
vt 0.559854 -0.563968 
vt 0.571491 -0.550555 
vt 0.571491 -0.577381 
vt 0.559854 -0.550555 
vt 0.559854 -0.583338 
vt 0.571491 -0.583338 
vt 0.559854 -0.610847 
vt 0.571491 -0.610847 
vt 0.559854 -0.643979 
vt 0.571491 -0.643979 
vt 0.559854 -0.67748 
vt 0.571491 -0.67748 
vt 0.559854 -0.706809 
vt 0.571491 -0.706809 
vt 0.559854 -0.748041 
vt 0.571491 -0.748041 
vt 0.559854 -0.787555 
vt 0.571491 -0.787555 
vt 0.559854 -0.821915 
vt 0.571491 -0.821915 
vt 0.559854 -0.854679 
vt 0.571491 -0.854679 
vt 0.559854 -0.865758 
vt 0.571491 -0.865758 
vt 0.559854 -0.868953 
vt 0.559854 -0.870302 
vt 0.571491 -0.870302 
vt 0.559854 -0.873498 
vt 0.571491 -0.873498 
vt 0.559854 -0.879108 
vt 0.571491 -0.879108 
vt 0.540205 -0.577381 
vt 0.551842 -0.563968 
vt 0.540205 -0.563968 
vt 0.551842 -0.550555 
vt 0.551842 -0.577381 
vt 0.540205 -0.550555 
vt 0.540205 -0.583338 
vt 0.551842 -0.583338 
vt 0.540205 -0.610847 
vt 0.551842 -0.610847 
vt 0.540205 -0.643979 
vt 0.551842 -0.643979 
vt 0.540205 -0.67748 
vt 0.551842 -0.67748 
vt 0.540205 -0.706809 
vt 0.551842 -0.706809 
vt 0.540205 -0.748041 
vt 0.551842 -0.748041 
vt 0.540205 -0.787555 
vt 0.551842 -0.787555 
vt 0.540205 -0.821915 
vt 0.551842 -0.821915 
vt 0.540205 -0.854679 
vt 0.551842 -0.854679 
vt 0.540205 -0.865758 
vt 0.551842 -0.865758 
vt 0.551842 -0.868953 
vt 0.551842 -0.870302 
vt 0.540205 -0.870302 
vt 0.540205 -0.873498 
vt 0.551842 -0.873498 
vt 0.540205 -0.879108 
vt 0.551842 -0.879108 
vt 0.560595 -0.705175 
vt 0.528845 -0.705175 
vt 0.553132 -0.705175 
vt 0.534691 -0.705175 
vt 0.551937 -0.705175 
vt 0.551937 -0.716812 
vt 0.556266 -0.716812 
vt 0.556266 -0.705175 
vt 0.560595 -0.716812 
vt 0.560595 -0.705175 
vt 0.551937 -0.716812 
vt 0.560595 -0.716812 
vt 0.551937 -0.705175 
vt 0.583423 -0.736462 
vt 0.581547 -0.724824 
vt 0.580264 -0.736462 
vt 0.579094 -0.724824 
vt 0.579094 -0.736462 
vt 0.583423 -0.724824 
vt 0.587751 -0.736462 
vt 0.587751 -0.724824 
vt 0.551937 -0.724824 
vt 0.551937 -0.736462 
vt 0.556266 -0.736462 
vt 0.556266 -0.724824 
vt 0.560595 -0.736462 
vt 0.560595 -0.724824 
vt 0.560595 -0.724824 
vt 0.543805 -0.705175 
vt 0.543805 -0.716812 
vt 0.548134 -0.716812 
vt 0.542012 -0.716812 
vt 0.548134 -0.705175 
vt 0.542012 -0.705175 
vt 0.550733 -0.716812 
vt 0.550733 -0.705175 
vt 0.552463 -0.705175 
vt 0.552463 -0.716812 
vt 0.552463 -0.705175 
vt 0.543805 -0.724824 
vt 0.543805 -0.736462 
vt 0.548134 -0.736462 
vt 0.542012 -0.736462 
vt 0.548134 -0.724824 
vt 0.542012 -0.724824 
vt 0.550733 -0.736462 
vt 0.550733 -0.724824 
vt 0.552463 -0.724824 
vt 0.552463 -0.736462 
vt 0.554256 -0.736462 
vt 0.576876 -0.724824 
vt 0.576876 -0.736462 
vt 0.581205 -0.736462 
vt 0.575083 -0.736462 
vt 0.581205 -0.724824 
vt 0.575083 -0.724824 
vt 0.585534 -0.736462 
vt 0.585534 -0.724824 
vt 0.587327 -0.736462 
vt 0.581205 -0.724824 
vt 0.528845 -0.724824 
vt 0.553132 -0.724824 
vt 0.515495 -0.724824 
vt 0.576876 -0.705175 
vt 0.576876 -0.716812 
vt 0.581205 -0.716812 
vt 0.581205 -0.705175 
vt 0.575083 -0.705175 
vt 0.585534 -0.716812 
vt 0.585534 -0.705175 
vt 0.583423 -0.716812 
vt 0.581547 -0.705175 
vt 0.580264 -0.716812 
vt 0.579094 -0.705175 
vt 0.579094 -0.716812 
vt 0.583423 -0.705175 
vt 0.587751 -0.716812 
vt 0.587751 -0.705175 
vt 0.515495 -0.716812 
vt 0.515495 -0.705175 
vt 0.534691 -0.716812 
vt 0.534691 -0.705175 
vt 0.553132 -0.716812 
vt 0.540302 -0.716812 
vt 0.540302 -0.705175 
vt 0.515495 -0.736462 
vt 0.515495 -0.724824 
vt 0.534691 -0.736462 
vt 0.534691 -0.724824 
vt 0.540302 -0.736462 
vt 0.540302 -0.724824 
vt 0.522419 -0.631089 
vt 0.524369 -0.638438 
vt 0.526162 -0.634109 
vt 0.530491 -0.632316 
vt 0.527205 -0.613786 
vt 0.517633 -0.638451 
vt 0.534819 -0.634109 
vt 0.526162 -0.642767 
vt 0.546158 -0.610847 
vt 0.528187 -0.589244 
vt 0.548408 -0.583338 
vt 0.525119 -0.577381 
vt 0.542232 -0.643979 
vt 0.550104 -0.577381 
vt 0.536612 -0.638438 
vt 0.519563 -0.563968 
vt 0.525119 -0.550555 
vt 0.538532 -0.544999 
vt 0.551945 -0.550555 
vt 0.557501 -0.563968 
vt 0.535596 -0.640891 
vt 0.534819 -0.642767 
vt 0.532602 -0.654069 
vt 0.530491 -0.644559 
vt 0.534395 -0.658397 
vt 0.531431 -0.653584 
vt 0.528273 -0.652276 
vt 0.527283 -0.643231 
vt 0.523944 -0.654069 
vt 0.522151 -0.658397 
vt 0.541004 -0.67748 
vt 0.532602 -0.662727 
vt 0.528273 -0.664519 
vt 0.514075 -0.682751 
vt 0.523944 -0.662727 
vt 0.542477 -0.706809 
vt 0.514443 -0.719197 
vt 0.547508 -0.748041 
vt 0.519078 -0.760797 
vt 0.556712 -0.787555 
vt 0.52476 -0.790695 
vt 0.531932 -0.814769 
vt 0.555429 -0.825034 
vt 0.551101 -0.826827 
vt 0.549308 -0.831156 
vt 0.568493 -0.821915 
vt 0.546348 -0.853188 
vt 0.559758 -0.826827 
vt 0.561153 -0.830194 
vt 0.551101 -0.835485 
vt 0.561551 -0.831156 
vt 0.557439 -0.849637 
vt 0.555429 -0.837278 
vt 0.559233 -0.853966 
vt 0.559233 -0.845309 
vt 0.557906 -0.836252 
vt 0.560963 -0.844592 
vt 0.559758 -0.835485 
vt 0.563561 -0.843516 
vt 0.56789 -0.845309 
vt 0.58285 -0.854679 
vt 0.569683 -0.849637 
vt 0.56789 -0.853966 
vt 0.590093 -0.865758 
vt 0.558563 -0.878753 
vt 0.563561 -0.855759 
vt 0.567653 -0.892601 
vt 0.596201 -0.879108 
vt 0.593289 -0.868953 
vt 0.577004 -0.896638 
vt 0.571394 -0.896466 
vt 0.597621 -0.873498 
vt 0.59684 -0.870302 
vt 0.528615 -0.643782 
vt 0.542477 -0.706809 
vt 0.519078 -0.760797 
vt 0.551101 -0.835485 
vt 0.551101 -0.835485 
vt 0.569683 -0.849637 
vt 0.514443 -0.719197 
vt 0.547508 -0.748041 
vt 0.58285 -0.854679 
vt 0.558563 -0.878753 
vt 0.596201 -0.879108 
vt 0.522419 -0.631089 
vt 0.524369 -0.638438 
vt 0.526162 -0.634109 
vt 0.530491 -0.632316 
vt 0.527205 -0.613786 
vt 0.517633 -0.638452 
vt 0.534819 -0.634109 
vt 0.526162 -0.642767 
vt 0.546158 -0.610847 
vt 0.528187 -0.589244 
vt 0.548408 -0.583338 
vt 0.525119 -0.577381 
vt 0.542232 -0.643979 
vt 0.550104 -0.577381 
vt 0.536612 -0.638438 
vt 0.519563 -0.563968 
vt 0.525119 -0.550555 
vt 0.538532 -0.544999 
vt 0.551945 -0.550555 
vt 0.557501 -0.563968 
vt 0.535596 -0.640891 
vt 0.534819 -0.642767 
vt 0.532602 -0.654069 
vt 0.530491 -0.644559 
vt 0.534395 -0.658397 
vt 0.531431 -0.653584 
vt 0.528273 -0.652276 
vt 0.527283 -0.643231 
vt 0.523944 -0.654069 
vt 0.522151 -0.658397 
vt 0.541004 -0.67748 
vt 0.532602 -0.662727 
vt 0.528273 -0.664519 
vt 0.514075 -0.682751 
vt 0.523944 -0.662727 
vt 0.542477 -0.706809 
vt 0.514443 -0.719197 
vt 0.547508 -0.748041 
vt 0.519078 -0.760797 
vt 0.556712 -0.787555 
vt 0.52476 -0.790695 
vt 0.531932 -0.814769 
vt 0.555429 -0.825034 
vt 0.551101 -0.826827 
vt 0.549308 -0.831156 
vt 0.568493 -0.821915 
vt 0.546348 -0.853188 
vt 0.559758 -0.826827 
vt 0.561153 -0.830194 
vt 0.551101 -0.835485 
vt 0.561551 -0.831156 
vt 0.557439 -0.849637 
vt 0.555429 -0.837278 
vt 0.559233 -0.853966 
vt 0.559233 -0.845309 
vt 0.557906 -0.836252 
vt 0.560963 -0.844592 
vt 0.559758 -0.835485 
vt 0.563561 -0.843516 
vt 0.56789 -0.845309 
vt 0.58285 -0.854679 
vt 0.569683 -0.849637 
vt 0.56789 -0.853966 
vt 0.590093 -0.865758 
vt 0.558563 -0.878753 
vt 0.563561 -0.855759 
vt 0.567653 -0.892601 
vt 0.596201 -0.879108 
vt 0.593289 -0.868953 
vt 0.577004 -0.896638 
vt 0.571394 -0.896466 
vt 0.597621 -0.873498 
vt 0.59684 -0.870302 

usemtl Meshpart3Mtl

f 1607/1607/1607 1606/1606/1606 1608/1608/1608 
f 1607/1607/1607 1608/1608/1608 1609/1609/1609 
f 1608/1608/1608 1610/1610/1610 1609/1609/1609 
f 1610/1610/1610 1608/1608/1608 1611/1611/1611 
f 1610/1610/1610 1611/1611/1611 1612/1612/1612 
f 1612/1612/1612 1611/1611/1611 1613/1613/1613 
f 1615/1615/1615 1616/1616/1616 1614/1614/1614 
f 1617/1617/1617 1616/1616/1616 1615/1615/1615 
f 1617/1617/1617 1618/1618/1618 1616/1616/1616 
f 1619/1619/1619 1618/1618/1618 1617/1617/1617 
f 1621/1621/1621 1620/1620/1620 1622/1622/1622 
f 1621/1621/1621 1622/1622/1622 1623/1623/1623 
f 1622/1622/1622 1624/1624/1624 1623/1623/1623 
f 1624/1624/1624 1622/1622/1622 1625/1625/1625 
f 1626/1626/1626 1624/1624/1624 1625/1625/1625 
f 1624/1624/1624 1626/1626/1626 1628/1628/1628 
f 1631/1631/1631 1630/1630/1630 1633/1633/1633 
f 1633/1633/1633 1630/1630/1630 1634/1634/1634 
f 1633/1633/1633 1634/1634/1634 1635/1635/1635 
f 1635/1635/1635 1634/1634/1634 1636/1636/1636 
f 1639/1639/1639 1638/1638/1638 1640/1640/1640 
f 1640/1640/1640 1638/1638/1638 1641/1641/1641 
f 1642/1642/1642 1640/1640/1640 1641/1641/1641 
f 1640/1640/1640 1642/1642/1642 1643/1643/1643 
f 1645/1645/1645 1644/1644/1644 1647/1647/1647 
f 1647/1647/1647 1644/1644/1644 1648/1648/1648 
f 1647/1647/1647 1648/1648/1648 1649/1649/1649 
f 1647/1647/1647 1649/1649/1649 1650/1650/1650 
f 1651/1651/1651 1650/1650/1650 1649/1649/1649 
f 1650/1650/1650 1651/1651/1651 1652/1652/1652 
f 1661/1661/1661 1660/1660/1660 1663/1663/1663 
f 1663/1663/1663 1660/1660/1660 1664/1664/1664 
f 1663/1663/1663 1664/1664/1664 1665/1665/1665 
f 1663/1663/1663 1665/1665/1665 1666/1666/1666 
f 1667/1667/1667 1666/1666/1666 1665/1665/1665 
f 1666/1666/1666 1667/1667/1667 1668/1668/1668 
f 1672/1672/1672 1673/1673/1673 1671/1671/1671 
f 1674/1674/1674 1673/1673/1673 1672/1672/1672 
f 1674/1674/1674 1675/1675/1675 1673/1673/1673 
f 1676/1676/1676 1675/1675/1675 1674/1674/1674 
f 1679/1679/1679 1678/1678/1678 1677/1677/1677 
f 1678/1678/1678 1679/1679/1679 1680/1680/1680 
f 1681/1681/1681 1680/1680/1680 1679/1679/1679 
f 1680/1680/1680 1681/1681/1681 1682/1682/1682 
f 1682/1682/1682 1681/1681/1681 1683/1683/1683 
f 1684/1684/1684 1682/1682/1682 1683/1683/1683 
f 1683/1683/1683 1685/1685/1685 1684/1684/1684 
f 1686/1686/1686 1684/1684/1684 1685/1685/1685 
f 1686/1686/1686 1685/1685/1685 1687/1687/1687 
f 1688/1688/1688 1686/1686/1686 1687/1687/1687 
f 1688/1688/1688 1687/1687/1687 1689/1689/1689 
f 1690/1690/1690 1688/1688/1688 1689/1689/1689 
f 1689/1689/1689 1691/1691/1691 1690/1690/1690 
f 1692/1692/1692 1690/1690/1690 1691/1691/1691 
f 1691/1691/1691 1693/1693/1693 1692/1692/1692 
f 1694/1694/1694 1692/1692/1692 1693/1693/1693 
f 1693/1693/1693 1695/1695/1695 1694/1694/1694 
f 1696/1696/1696 1694/1694/1694 1695/1695/1695 
f 1695/1695/1695 1697/1697/1697 1696/1696/1696 
f 1698/1698/1698 1696/1696/1696 1697/1697/1697 
f 1697/1697/1697 1699/1699/1699 1698/1698/1698 
f 1700/1700/1700 1698/1698/1698 1699/1699/1699 
f 1699/1699/1699 1701/1701/1701 1700/1700/1700 
f 1702/1702/1702 1700/1700/1700 1701/1701/1701 
f 1701/1701/1701 1703/1703/1703 1702/1702/1702 
f 1704/1704/1704 1702/1702/1702 1703/1703/1703 
f 1704/1704/1704 1703/1703/1703 1706/1706/1706 
f 1708/1708/1708 1704/1704/1704 1706/1706/1706 
f 1707/1707/1707 1705/1705/1705 1708/1708/1708 
f 1708/1708/1708 1706/1706/1706 1707/1707/1707 
f 1711/1711/1711 1710/1710/1710 1709/1709/1709 
f 1710/1710/1710 1711/1711/1711 1712/1712/1712 
f 1713/1713/1713 1712/1712/1712 1711/1711/1711 
f 1712/1712/1712 1713/1713/1713 1714/1714/1714 
f 1714/1714/1714 1713/1713/1713 1715/1715/1715 
f 1716/1716/1716 1714/1714/1714 1715/1715/1715 
f 1715/1715/1715 1717/1717/1717 1716/1716/1716 
f 1718/1718/1718 1716/1716/1716 1717/1717/1717 
f 1718/1718/1718 1717/1717/1717 1719/1719/1719 
f 1720/1720/1720 1718/1718/1718 1719/1719/1719 
f 1719/1719/1719 1721/1721/1721 1720/1720/1720 
f 1721/1721/1721 1719/1719/1719 1722/1722/1722 
f 1722/1722/1722 1723/1723/1723 1721/1721/1721 
f 1723/1723/1723 1722/1722/1722 1724/1724/1724 
f 1724/1724/1724 1725/1725/1725 1723/1723/1723 
f 1726/1726/1726 1723/1723/1723 1725/1725/1725 
f 1725/1725/1725 1727/1727/1727 1726/1726/1726 
f 1728/1728/1728 1726/1726/1726 1727/1727/1727 
f 1727/1727/1727 1729/1729/1729 1728/1728/1728 
f 1730/1730/1730 1728/1728/1728 1729/1729/1729 
f 1729/1729/1729 1731/1731/1731 1730/1730/1730 
f 1732/1732/1732 1730/1730/1730 1731/1731/1731 
f 1731/1731/1731 1733/1733/1733 1732/1732/1732 
f 1734/1734/1734 1732/1732/1732 1733/1733/1733 
f 1733/1733/1733 1736/1736/1736 1734/1734/1734 
f 1737/1737/1737 1734/1734/1734 1736/1736/1736 
f 1737/1737/1737 1736/1736/1736 1739/1739/1739 
f 1741/1741/1741 1737/1737/1737 1739/1739/1739 
f 1740/1740/1740 1738/1738/1738 1741/1741/1741 
f 1741/1741/1741 1739/1739/1739 1740/1740/1740 
f 1746/1746/1746 1748/1748/1748 1744/1744/1744 
f 1745/1745/1745 1749/1749/1749 1747/1747/1747 
f 1748/1748/1748 1746/1746/1746 1750/1750/1750 
f 1751/1751/1751 1749/1749/1749 1745/1745/1745 
f 1750/1750/1750 1751/1751/1751 1748/1748/1748 
f 1751/1751/1751 1750/1750/1750 1749/1749/1749 
f 1752/1752/1752 1754/1754/1754 1753/1753/1753 
f 1755/1755/1755 1754/1754/1754 1752/1752/1752 
f 1755/1755/1755 1756/1756/1756 1754/1754/1754 
f 1757/1757/1757 1756/1756/1756 1755/1755/1755 
f 1758/1758/1758 1762/1762/1762 1760/1760/1760 
f 1761/1761/1761 1763/1763/1763 1759/1759/1759 
f 1762/1762/1762 1758/1758/1758 1764/1764/1764 
f 1765/1765/1765 1763/1763/1763 1761/1761/1761 
f 1764/1764/1764 1765/1765/1765 1762/1762/1762 
f 1765/1765/1765 1764/1764/1764 1763/1763/1763 
f 1768/1768/1768 1769/1769/1769 1770/1770/1770 
f 1770/1770/1770 1769/1769/1769 1771/1771/1771 
f 1770/1770/1770 1771/1771/1771 1772/1772/1772 
f 1772/1772/1772 1771/1771/1771 1773/1773/1773 
f 1777/1777/1777 1776/1776/1776 1778/1778/1778 
f 1778/1778/1778 1776/1776/1776 1779/1779/1779 
f 1778/1778/1778 1779/1779/1779 1781/1781/1781 
f 1781/1781/1781 1779/1779/1779 1783/1783/1783 
f 1787/1787/1787 1786/1786/1786 1789/1789/1789 
f 1789/1789/1789 1786/1786/1786 1791/1791/1791 
f 1792/1792/1792 1790/1790/1790 1788/1788/1788 
f 1789/1789/1789 1791/1791/1791 1793/1793/1793 
f 1790/1790/1790 1792/1792/1792 1793/1793/1793 
f 1789/1789/1789 1793/1793/1793 1792/1792/1792 
f 1796/1796/1796 1795/1795/1795 1798/1798/1798 
f 1798/1798/1798 1795/1795/1795 1800/1800/1800 
f 1801/1801/1801 1799/1799/1799 1797/1797/1797 
f 1798/1798/1798 1800/1800/1800 1802/1802/1802 
f 1799/1799/1799 1801/1801/1801 1802/1802/1802 
f 1798/1798/1798 1802/1802/1802 1801/1801/1801 
f 1803/1803/1803 1805/1805/1805 1804/1804/1804 
f 1806/1806/1806 1805/1805/1805 1803/1803/1803 
f 1806/1806/1806 1807/1807/1807 1805/1805/1805 
f 1808/1808/1808 1807/1807/1807 1806/1806/1806 
f 1813/1813/1813 1812/1812/1812 1811/1811/1811 
f 1812/1812/1812 1813/1813/1813 1814/1814/1814 
f 1815/1815/1815 1814/1814/1814 1813/1813/1813 
f 1814/1814/1814 1815/1815/1815 1816/1816/1816 
f 1819/1819/1819 1820/1820/1820 1818/1818/1818 
f 1820/1820/1820 1819/1819/1819 1821/1821/1821 
f 1821/1821/1821 1822/1822/1822 1820/1820/1820 
f 1827/1827/1827 1826/1826/1826 1825/1825/1825 
f 1826/1826/1826 1827/1827/1827 1828/1828/1828 
f 1829/1829/1829 1828/1828/1828 1827/1827/1827 
f 1828/1828/1828 1829/1829/1829 1830/1830/1830 
f 1833/1833/1833 1832/1832/1832 1834/1834/1834 
f 1834/1834/1834 1835/1835/1835 1833/1833/1833 
f 1835/1835/1835 1834/1834/1834 1836/1836/1836 
f 1837/1837/1837 1838/1838/1838 1839/1839/1839 
f 1839/1839/1839 1838/1838/1838 1840/1840/1840 
f 1841/1841/1841 1839/1839/1839 1840/1840/1840 
f 1840/1840/1840 1842/1842/1842 1841/1841/1841 
f 1843/1843/1843 1841/1841/1841 1842/1842/1842 
f 1844/1844/1844 1837/1837/1837 1839/1839/1839 
f 1841/1841/1841 1843/1843/1843 1845/1845/1845 
f 1837/1837/1837 1844/1844/1844 1846/1846/1846 
f 1847/1847/1847 1846/1846/1846 1844/1844/1844 
f 1848/1848/1848 1838/1838/1838 1837/1837/1837 
f 1849/1849/1849 1845/1845/1845 1843/1843/1843 
f 1838/1838/1838 1848/1848/1848 1850/1850/1850 
f 1846/1846/1846 1847/1847/1847 1851/1851/1851 
f 1852/1852/1852 1850/1850/1850 1848/1848/1848 
f 1848/1848/1848 1853/1853/1853 1852/1852/1852 
f 1854/1854/1854 1851/1851/1851 1847/1847/1847 
f 1855/1855/1855 1851/1851/1851 1854/1854/1854 
f 1856/1856/1856 1851/1851/1851 1855/1855/1855 
f 1851/1851/1851 1856/1856/1856 1857/1857/1857 
f 1851/1851/1851 1857/1857/1857 1858/1858/1858 
f 1848/1848/1848 1859/1859/1859 1853/1853/1853 
f 1859/1859/1859 1860/1860/1860 1853/1853/1853 
f 1859/1859/1859 1848/1848/1848 1861/1861/1861 
f 1860/1860/1860 1859/1859/1859 1862/1862/1862 
f 1863/1863/1863 1860/1860/1860 1862/1862/1862 
f 1860/1860/1860 1863/1863/1863 1864/1864/1864 
f 1863/1863/1863 1849/1849/1849 1864/1864/1864 
f 1865/1865/1865 1849/1849/1849 1863/1863/1863 
f 1849/1849/1849 1865/1865/1865 1845/1845/1845 
f 1845/1845/1845 1865/1865/1865 1866/1866/1866 
f 1861/1861/1861 1848/1848/1848 1867/1867/1867 
f 1867/1867/1867 1868/1868/1868 1861/1861/1861 
f 1867/1867/1867 1869/1869/1869 1868/1868/1868 
f 1870/1870/1870 1845/1845/1845 1866/1866/1866 
f 1869/1869/1869 1867/1867/1867 1870/1870/1870 
f 1870/1870/1870 1866/1866/1866 1871/1871/1871 
f 1870/1870/1870 1871/1871/1871 1869/1869/1869 
f 1872/1872/1872 1870/1870/1870 1867/1867/1867 
f 1870/1870/1870 1872/1872/1872 1873/1873/1873 
f 1874/1874/1874 1873/1873/1873 1872/1872/1872 
f 1873/1873/1873 1874/1874/1874 1875/1875/1875 
f 1876/1876/1876 1875/1875/1875 1874/1874/1874 
f 1875/1875/1875 1876/1876/1876 1877/1877/1877 
f 1876/1876/1876 1878/1878/1878 1877/1877/1877 
f 1878/1878/1878 1876/1876/1876 1879/1879/1879 
f 1878/1878/1878 1879/1879/1879 1880/1880/1880 
f 1878/1878/1878 1880/1880/1880 1881/1881/1881 
f 1879/1879/1879 1876/1876/1876 1882/1882/1882 
f 1883/1883/1883 1878/1878/1878 1881/1881/1881 
f 1879/1879/1879 1882/1882/1882 1884/1884/1884 
f 1882/1882/1882 1885/1885/1885 1884/1884/1884 
f 1883/1883/1883 1881/1881/1881 1886/1886/1886 
f 1882/1882/1882 1887/1887/1887 1885/1885/1885 
f 1886/1886/1886 1888/1888/1888 1883/1883/1883 
f 1888/1888/1888 1886/1886/1886 1889/1889/1889 
f 1883/1883/1883 1888/1888/1888 1890/1890/1890 
f 1888/1888/1888 1889/1889/1889 1891/1891/1891 
f 1892/1892/1892 1891/1891/1891 1889/1889/1889 
f 1891/1891/1891 1892/1892/1892 1893/1893/1893 
f 1893/1893/1893 1892/1892/1892 1894/1894/1894 
f 1893/1893/1893 1894/1894/1894 1895/1895/1895 
f 1887/1887/1887 1895/1895/1895 1894/1894/1894 
f 1895/1895/1895 1887/1887/1887 1896/1896/1896 
f 1887/1887/1887 1882/1882/1882 1896/1896/1896 
f 1897/1897/1897 1896/1896/1896 1882/1882/1882 
f 1896/1896/1896 1897/1897/1897 1898/1898/1898 
f 1897/1897/1897 1899/1899/1899 1898/1898/1898 
f 1900/1900/1900 1899/1899/1899 1897/1897/1897 
f 1899/1899/1899 1900/1900/1900 1901/1901/1901 
f 1899/1899/1899 1901/1901/1901 1902/1902/1902 
f 1901/1901/1901 1890/1890/1890 1902/1902/1902 
f 1890/1890/1890 1901/1901/1901 1883/1883/1883 
f 1900/1900/1900 1903/1903/1903 1901/1901/1901 
f 1900/1900/1900 1904/1904/1904 1903/1903/1903 
f 1904/1904/1904 1900/1900/1900 1905/1905/1905 
f 1903/1903/1903 1904/1904/1904 1906/1906/1906 
f 1903/1903/1903 1906/1906/1906 1907/1907/1907 
f 1904/1904/1904 1905/1905/1905 1908/1908/1908 
f 1908/1908/1908 1905/1905/1905 1909/1909/1909 
f 1913/1913/1913 1914/1914/1914 1915/1915/1915 
f 1915/1915/1915 1914/1914/1914 1916/1916/1916 
f 1917/1917/1917 1915/1915/1915 1916/1916/1916 
f 1916/1916/1916 1918/1918/1918 1917/1917/1917 
f 1919/1919/1919 1917/1917/1917 1918/1918/1918 
f 1920/1920/1920 1913/1913/1913 1915/1915/1915 
f 1917/1917/1917 1919/1919/1919 1921/1921/1921 
f 1913/1913/1913 1920/1920/1920 1922/1922/1922 
f 1923/1923/1923 1922/1922/1922 1920/1920/1920 
f 1924/1924/1924 1914/1914/1914 1913/1913/1913 
f 1925/1925/1925 1921/1921/1921 1919/1919/1919 
f 1914/1914/1914 1924/1924/1924 1926/1926/1926 
f 1922/1922/1922 1923/1923/1923 1927/1927/1927 
f 1928/1928/1928 1926/1926/1926 1924/1924/1924 
f 1924/1924/1924 1929/1929/1929 1928/1928/1928 
f 1930/1930/1930 1927/1927/1927 1923/1923/1923 
f 1931/1931/1931 1927/1927/1927 1930/1930/1930 
f 1932/1932/1932 1927/1927/1927 1931/1931/1931 
f 1927/1927/1927 1932/1932/1932 1933/1933/1933 
f 1927/1927/1927 1933/1933/1933 1934/1934/1934 
f 1924/1924/1924 1935/1935/1935 1929/1929/1929 
f 1935/1935/1935 1936/1936/1936 1929/1929/1929 
f 1935/1935/1935 1924/1924/1924 1937/1937/1937 
f 1936/1936/1936 1935/1935/1935 1938/1938/1938 
f 1939/1939/1939 1936/1936/1936 1938/1938/1938 
f 1936/1936/1936 1939/1939/1939 1940/1940/1940 
f 1939/1939/1939 1925/1925/1925 1940/1940/1940 
f 1941/1941/1941 1925/1925/1925 1939/1939/1939 
f 1925/1925/1925 1941/1941/1941 1921/1921/1921 
f 1921/1921/1921 1941/1941/1941 1942/1942/1942 
f 1937/1937/1937 1924/1924/1924 1943/1943/1943 
f 1943/1943/1943 1944/1944/1944 1937/1937/1937 
f 1943/1943/1943 1945/1945/1945 1944/1944/1944 
f 1946/1946/1946 1921/1921/1921 1942/1942/1942 
f 1945/1945/1945 1943/1943/1943 1946/1946/1946 
f 1946/1946/1946 1942/1942/1942 1947/1947/1947 
f 1946/1946/1946 1947/1947/1947 1945/1945/1945 
f 1948/1948/1948 1946/1946/1946 1943/1943/1943 
f 1946/1946/1946 1948/1948/1948 1949/1949/1949 
f 1950/1950/1950 1949/1949/1949 1948/1948/1948 
f 1949/1949/1949 1950/1950/1950 1951/1951/1951 
f 1952/1952/1952 1951/1951/1951 1950/1950/1950 
f 1951/1951/1951 1952/1952/1952 1953/1953/1953 
f 1952/1952/1952 1954/1954/1954 1953/1953/1953 
f 1954/1954/1954 1952/1952/1952 1955/1955/1955 
f 1954/1954/1954 1955/1955/1955 1956/1956/1956 
f 1954/1954/1954 1956/1956/1956 1957/1957/1957 
f 1955/1955/1955 1952/1952/1952 1958/1958/1958 
f 1959/1959/1959 1954/1954/1954 1957/1957/1957 
f 1955/1955/1955 1958/1958/1958 1960/1960/1960 
f 1958/1958/1958 1961/1961/1961 1960/1960/1960 
f 1959/1959/1959 1957/1957/1957 1962/1962/1962 
f 1958/1958/1958 1963/1963/1963 1961/1961/1961 
f 1962/1962/1962 1964/1964/1964 1959/1959/1959 
f 1964/1964/1964 1962/1962/1962 1965/1965/1965 
f 1959/1959/1959 1964/1964/1964 1966/1966/1966 
f 1964/1964/1964 1965/1965/1965 1967/1967/1967 
f 1968/1968/1968 1967/1967/1967 1965/1965/1965 
f 1967/1967/1967 1968/1968/1968 1969/1969/1969 
f 1969/1969/1969 1968/1968/1968 1970/1970/1970 
f 1969/1969/1969 1970/1970/1970 1971/1971/1971 
f 1963/1963/1963 1971/1971/1971 1970/1970/1970 
f 1971/1971/1971 1963/1963/1963 1972/1972/1972 
f 1963/1963/1963 1958/1958/1958 1972/1972/1972 
f 1973/1973/1973 1972/1972/1972 1958/1958/1958 
f 1972/1972/1972 1973/1973/1973 1974/1974/1974 
f 1973/1973/1973 1975/1975/1975 1974/1974/1974 
f 1976/1976/1976 1975/1975/1975 1973/1973/1973 
f 1975/1975/1975 1976/1976/1976 1977/1977/1977 
f 1975/1975/1975 1977/1977/1977 1978/1978/1978 
f 1977/1977/1977 1966/1966/1966 1978/1978/1978 
f 1966/1966/1966 1977/1977/1977 1959/1959/1959 
f 1976/1976/1976 1979/1979/1979 1977/1977/1977 
f 1976/1976/1976 1980/1980/1980 1979/1979/1979 
f 1980/1980/1980 1976/1976/1976 1981/1981/1981 
f 1979/1979/1979 1980/1980/1980 1982/1982/1982 
f 1979/1979/1979 1982/1982/1982 1983/1983/1983 
f 1980/1980/1980 1981/1981/1981 1984/1984/1984 
f 1984/1984/1984 1981/1981/1981 1985/1985/1985 
f 1993/1993/1993 1992/1992/1992 1994/1994/1994 
f 1994/1994/1994 1995/1995/1995 1993/1993/1993 
f 1995/1995/1995 1994/1994/1994 1996/1996/1996 
f 1996/1996/1996 1997/1997/1997 1995/1995/1995 
f 2000/2000/2000 1999/1999/1999 2001/2001/2001 
f 2001/2001/2001 2002/2002/2002 2000/2000/2000 
f 2002/2002/2002 2001/2001/2001 2003/2003/2003 
f 2003/2003/2003 2004/2004/2004 2002/2002/2002 
f 2009/2009/2009 2008/2008/2008 2010/2010/2010 
f 2010/2010/2010 2011/2011/2011 2009/2009/2009 
f 2010/2010/2010 2012/2012/2012 2011/2011/2011 
f 2012/2012/2012 2010/2010/2010 2013/2013/2013 
f 2016/2016/2016 2018/2018/2018 2019/2019/2019 
f 2019/2019/2019 2021/2021/2021 2016/2016/2016 
f 2021/2021/2021 2019/2019/2019 2020/2020/2020 
f 2020/2020/2020 2022/2022/2022 2021/2021/2021 
f 2023/2023/2023 2024/2024/2024 2025/2025/2025 
f 2025/2025/2025 2027/2027/2027 2023/2023/2023 
f 2025/2025/2025 2028/2028/2028 2027/2027/2027 
f 2028/2028/2028 2025/2025/2025 2026/2026/2026 
f 2031/2031/2031 2030/2030/2030 2032/2032/2032 
f 2032/2032/2032 2033/2033/2033 2031/2031/2031 
f 2033/2033/2033 2032/2032/2032 2034/2034/2034 
f 2034/2034/2034 2036/2036/2036 2033/2033/2033 
f 2045/2045/2045 2044/2044/2044 2046/2046/2046 
f 2046/2046/2046 2047/2047/2047 2045/2045/2045 
f 2047/2047/2047 2046/2046/2046 2048/2048/2048 
f 2048/2048/2048 2050/2050/2050 2047/2047/2047 
f 2055/2055/2055 2054/2054/2054 2056/2056/2056 
f 2056/2056/2056 2057/2057/2057 2055/2055/2055 
f 2057/2057/2057 2056/2056/2056 2058/2058/2058 
f 2058/2058/2058 2059/2059/2059 2057/2057/2057 
f 2062/2062/2062 2063/2063/2063 2064/2064/2064 
f 2065/2065/2065 2064/2064/2064 2063/2063/2063 
f 2063/2063/2063 2062/2062/2062 2066/2066/2066 
f 2064/2064/2064 2065/2065/2065 2067/2067/2067 
f 2068/2068/2068 2066/2066/2066 2062/2062/2062 
f 2066/2066/2066 2068/2068/2068 2069/2069/2069 
f 2068/2068/2068 2070/2070/2070 2069/2069/2069 
f 2071/2071/2071 2069/2069/2069 2070/2070/2070 
f 2070/2070/2070 2072/2072/2072 2071/2071/2071 
f 2073/2073/2073 2071/2071/2071 2072/2072/2072 
f 2072/2072/2072 2074/2074/2074 2073/2073/2073 
f 2075/2075/2075 2073/2073/2073 2074/2074/2074 
f 2074/2074/2074 2076/2076/2076 2075/2075/2075 
f 2077/2077/2077 2075/2075/2075 2076/2076/2076 
f 2076/2076/2076 2078/2078/2078 2077/2077/2077 
f 2079/2079/2079 2077/2077/2077 2078/2078/2078 
f 2078/2078/2078 2080/2080/2080 2079/2079/2079 
f 2081/2081/2081 2079/2079/2079 2080/2080/2080 
f 2080/2080/2080 2082/2082/2082 2081/2081/2081 
f 2083/2083/2083 2081/2081/2081 2082/2082/2082 
f 2082/2082/2082 2084/2084/2084 2083/2083/2083 
f 2085/2085/2085 2083/2083/2083 2084/2084/2084 
f 2084/2084/2084 2086/2086/2086 2085/2085/2085 
f 2086/2086/2086 2087/2087/2087 2085/2085/2085 
f 2087/2087/2087 2086/2086/2086 2088/2088/2088 
f 2090/2090/2090 2089/2089/2089 2091/2091/2091 
f 2091/2091/2091 2092/2092/2092 2090/2090/2090 
f 2092/2092/2092 2091/2091/2091 2093/2093/2093 
f 2093/2093/2093 2094/2094/2094 2092/2092/2092 
f 2095/2095/2095 2096/2096/2096 2097/2097/2097 
f 2098/2098/2098 2097/2097/2097 2096/2096/2096 
f 2096/2096/2096 2095/2095/2095 2099/2099/2099 
f 2097/2097/2097 2098/2098/2098 2100/2100/2100 
f 2101/2101/2101 2099/2099/2099 2095/2095/2095 
f 2099/2099/2099 2101/2101/2101 2102/2102/2102 
f 2101/2101/2101 2103/2103/2103 2102/2102/2102 
f 2104/2104/2104 2102/2102/2102 2103/2103/2103 
f 2103/2103/2103 2105/2105/2105 2104/2104/2104 
f 2106/2106/2106 2104/2104/2104 2105/2105/2105 
f 2105/2105/2105 2107/2107/2107 2106/2106/2106 
f 2108/2108/2108 2106/2106/2106 2107/2107/2107 
f 2107/2107/2107 2109/2109/2109 2108/2108/2108 
f 2110/2110/2110 2108/2108/2108 2109/2109/2109 
f 2109/2109/2109 2111/2111/2111 2110/2110/2110 
f 2112/2112/2112 2110/2110/2110 2111/2111/2111 
f 2111/2111/2111 2113/2113/2113 2112/2112/2112 
f 2114/2114/2114 2112/2112/2112 2113/2113/2113 
f 2113/2113/2113 2115/2115/2115 2114/2114/2114 
f 2116/2116/2116 2114/2114/2114 2115/2115/2115 
f 2115/2115/2115 2117/2117/2117 2116/2116/2116 
f 2118/2118/2118 2116/2116/2116 2117/2117/2117 
f 2117/2117/2117 2119/2119/2119 2118/2118/2118 
f 2119/2119/2119 2120/2120/2120 2118/2118/2118 
f 2119/2119/2119 2121/2121/2121 2120/2120/2120 
f 2122/2122/2122 2123/2123/2123 2124/2124/2124 
f 2124/2124/2124 2125/2125/2125 2122/2122/2122 
f 2125/2125/2125 2124/2124/2124 2126/2126/2126 
f 2126/2126/2126 2127/2127/2127 2125/2125/2125 
f 2132/2132/2132 2133/2133/2133 2134/2134/2134 
f 2134/2134/2134 2135/2135/2135 2132/2132/2132 
f 2135/2135/2135 2134/2134/2134 2136/2136/2136 
f 2136/2136/2136 2137/2137/2137 2135/2135/2135 
f 2141/2141/2141 2142/2142/2142 2143/2143/2143 
f 2143/2143/2143 2142/2142/2142 2144/2144/2144 
f 2144/2144/2144 2145/2145/2145 2143/2143/2143 
f 2142/2142/2142 2141/2141/2141 2146/2146/2146 
f 2146/2146/2146 2141/2141/2141 2147/2147/2147 
f 2147/2147/2147 2148/2148/2148 2146/2146/2146 
f 2149/2149/2149 2150/2150/2150 2151/2151/2151 
f 2151/2151/2151 2152/2152/2152 2149/2149/2149 
f 2152/2152/2152 2151/2151/2151 2153/2153/2153 
f 2153/2153/2153 2154/2154/2154 2152/2152/2152 
f 2156/2156/2156 2157/2157/2157 2158/2158/2158 
f 2158/2158/2158 2160/2160/2160 2156/2156/2156 
f 2160/2160/2160 2158/2158/2158 2162/2162/2162 
f 2162/2162/2162 2163/2163/2163 2160/2160/2160 
f 2162/2162/2162 2164/2164/2164 2163/2163/2163 
f 2165/2165/2165 2164/2164/2164 2162/2162/2162 
f 2167/2167/2167 2168/2168/2168 2169/2169/2169 
f 2169/2169/2169 2171/2171/2171 2167/2167/2167 
f 2171/2171/2171 2169/2169/2169 2173/2173/2173 
f 2173/2173/2173 2174/2174/2174 2171/2171/2171 
f 2173/2173/2173 2175/2175/2175 2174/2174/2174 
f 2176/2176/2176 2175/2175/2175 2173/2173/2173 
f 2178/2178/2178 2179/2179/2179 2180/2180/2180 
f 2180/2180/2180 2182/2182/2182 2178/2178/2178 
f 2182/2182/2182 2180/2180/2180 2184/2184/2184 
f 2184/2184/2184 2185/2185/2185 2182/2182/2182 
f 2191/2191/2191 2192/2192/2192 2193/2193/2193 
f 2193/2193/2193 2194/2194/2194 2191/2191/2191 
f 2194/2194/2194 2193/2193/2193 2196/2196/2196 
f 2196/2196/2196 2197/2197/2197 2194/2194/2194 
f 2198/2198/2198 2199/2199/2199 2200/2200/2200 
f 2200/2200/2200 2199/2199/2199 2201/2201/2201 
f 2201/2201/2201 2202/2202/2202 2200/2200/2200 
f 2199/2199/2199 2198/2198/2198 2203/2203/2203 
f 2203/2203/2203 2198/2198/2198 2204/2204/2204 
f 2204/2204/2204 2205/2205/2205 2203/2203/2203 
f 2206/2206/2206 2208/2208/2208 2207/2207/2207 
f 2208/2208/2208 2209/2209/2209 2207/2207/2207 
f 2209/2209/2209 2208/2208/2208 2211/2211/2211 
f 2211/2211/2211 2212/2212/2212 2209/2209/2209 
f 2213/2213/2213 2215/2215/2215 2214/2214/2214 
f 2215/2215/2215 2216/2216/2216 2214/2214/2214 
f 2216/2216/2216 2215/2215/2215 2217/2217/2217 
f 2217/2217/2217 2218/2218/2218 2216/2216/2216 
f 2219/2219/2219 2220/2220/2220 2221/2221/2221 
f 2221/2221/2221 2222/2222/2222 2219/2219/2219 
f 2223/2223/2223 2219/2219/2219 2222/2222/2222 
f 2220/2220/2220 2219/2219/2219 2224/2224/2224 
f 2225/2225/2225 2223/2223/2223 2222/2222/2222 
f 2224/2224/2224 2226/2226/2226 2220/2220/2220 
f 2227/2227/2227 2223/2223/2223 2225/2225/2225 
f 2223/2223/2223 2227/2227/2227 2228/2228/2228 
f 2228/2228/2228 2227/2227/2227 2229/2229/2229 
f 2229/2229/2229 2230/2230/2230 2228/2228/2228 
f 2227/2227/2227 2225/2225/2225 2231/2231/2231 
f 2230/2230/2230 2229/2229/2229 2232/2232/2232 
f 2231/2231/2231 2225/2225/2225 2233/2233/2233 
f 2232/2232/2232 2234/2234/2234 2230/2230/2230 
f 2234/2234/2234 2232/2232/2232 2235/2235/2235 
f 2235/2235/2235 2232/2232/2232 2236/2236/2236 
f 2236/2236/2236 2232/2232/2232 2237/2237/2237 
f 2237/2237/2237 2232/2232/2232 2238/2238/2238 
f 2233/2233/2233 2239/2239/2239 2231/2231/2231 
f 2240/2240/2240 2231/2231/2231 2239/2239/2239 
f 2240/2240/2240 2241/2241/2241 2231/2231/2231 
f 2242/2242/2242 2241/2241/2241 2240/2240/2240 
f 2243/2243/2243 2231/2231/2231 2241/2241/2241 
f 2241/2241/2241 2242/2242/2242 2244/2244/2244 
f 2244/2244/2244 2242/2242/2242 2245/2245/2245 
f 2246/2246/2246 2245/2245/2245 2242/2242/2242 
f 2226/2226/2226 2245/2245/2245 2246/2246/2246 
f 2245/2245/2245 2226/2226/2226 2247/2247/2247 
f 2224/2224/2224 2247/2247/2247 2226/2226/2226 
f 2248/2248/2248 2247/2247/2247 2224/2224/2224 
f 2231/2231/2231 2243/2243/2243 2249/2249/2249 
f 2249/2249/2249 2243/2243/2243 2250/2250/2250 
f 2251/2251/2251 2249/2249/2249 2250/2250/2250 
f 2224/2224/2224 2252/2252/2252 2248/2248/2248 
f 2249/2249/2249 2251/2251/2251 2252/2252/2252 
f 2252/2252/2252 2253/2253/2253 2248/2248/2248 
f 2252/2252/2252 2251/2251/2251 2253/2253/2253 
f 2249/2249/2249 2252/2252/2252 2254/2254/2254 
f 2255/2255/2255 2254/2254/2254 2252/2252/2252 
f 2254/2254/2254 2255/2255/2255 2256/2256/2256 
f 2257/2257/2257 2256/2256/2256 2255/2255/2255 
f 2256/2256/2256 2257/2257/2257 2258/2258/2258 
f 2259/2259/2259 2258/2258/2258 2257/2257/2257 
f 2260/2260/2260 2258/2258/2258 2259/2259/2259 
f 2260/2260/2260 2261/2261/2261 2258/2258/2258 
f 2261/2261/2261 2260/2260/2260 2262/2262/2262 
f 2262/2262/2262 2260/2260/2260 2263/2263/2263 
f 2261/2261/2261 2264/2264/2264 2258/2258/2258 
f 2265/2265/2265 2263/2263/2263 2260/2260/2260 
f 2264/2264/2264 2261/2261/2261 2266/2266/2266 
f 2267/2267/2267 2264/2264/2264 2266/2266/2266 
f 2263/2263/2263 2265/2265/2265 2268/2268/2268 
f 2269/2269/2269 2264/2264/2264 2267/2267/2267 
f 2270/2270/2270 2268/2268/2268 2265/2265/2265 
f 2268/2268/2268 2270/2270/2270 2271/2271/2271 
f 2265/2265/2265 2272/2272/2272 2270/2270/2270 
f 2271/2271/2271 2270/2270/2270 2273/2273/2273 
f 2271/2271/2271 2273/2273/2273 2274/2274/2274 
f 2274/2274/2274 2273/2273/2273 2275/2275/2275 
f 2275/2275/2275 2276/2276/2276 2274/2274/2274 
f 2276/2276/2276 2275/2275/2275 2277/2277/2277 
f 2277/2277/2277 2269/2269/2269 2276/2276/2276 
f 2278/2278/2278 2269/2269/2269 2277/2277/2277 
f 2269/2269/2269 2278/2278/2278 2264/2264/2264 
f 2278/2278/2278 2279/2279/2279 2264/2264/2264 
f 2279/2279/2279 2278/2278/2278 2280/2280/2280 
f 2281/2281/2281 2279/2279/2279 2280/2280/2280 
f 2279/2279/2279 2281/2281/2281 2282/2282/2282 
f 2283/2283/2283 2282/2282/2282 2281/2281/2281 
f 2283/2283/2283 2281/2281/2281 2284/2284/2284 
f 2272/2272/2272 2283/2283/2283 2284/2284/2284 
f 2283/2283/2283 2272/2272/2272 2265/2265/2265 
f 2285/2285/2285 2282/2282/2282 2283/2283/2283 
f 2286/2286/2286 2282/2282/2282 2285/2285/2285 
f 2282/2282/2282 2286/2286/2286 2287/2287/2287 
f 2286/2286/2286 2285/2285/2285 2288/2288/2288 
f 2288/2288/2288 2285/2285/2285 2289/2289/2289 
f 2290/2290/2290 2287/2287/2287 2286/2286/2286 
f 2287/2287/2287 2290/2290/2290 2291/2291/2291 
f 2303/2303/2303 2304/2304/2304 2305/2305/2305 
f 2305/2305/2305 2306/2306/2306 2303/2303/2303 
f 2307/2307/2307 2303/2303/2303 2306/2306/2306 
f 2304/2304/2304 2303/2303/2303 2308/2308/2308 
f 2309/2309/2309 2307/2307/2307 2306/2306/2306 
f 2308/2308/2308 2310/2310/2310 2304/2304/2304 
f 2311/2311/2311 2307/2307/2307 2309/2309/2309 
f 2307/2307/2307 2311/2311/2311 2312/2312/2312 
f 2312/2312/2312 2311/2311/2311 2313/2313/2313 
f 2313/2313/2313 2314/2314/2314 2312/2312/2312 
f 2311/2311/2311 2309/2309/2309 2315/2315/2315 
f 2314/2314/2314 2313/2313/2313 2316/2316/2316 
f 2315/2315/2315 2309/2309/2309 2317/2317/2317 
f 2316/2316/2316 2318/2318/2318 2314/2314/2314 
f 2318/2318/2318 2316/2316/2316 2319/2319/2319 
f 2319/2319/2319 2316/2316/2316 2320/2320/2320 
f 2320/2320/2320 2316/2316/2316 2321/2321/2321 
f 2321/2321/2321 2316/2316/2316 2322/2322/2322 
f 2317/2317/2317 2323/2323/2323 2315/2315/2315 
f 2324/2324/2324 2315/2315/2315 2323/2323/2323 
f 2324/2324/2324 2325/2325/2325 2315/2315/2315 
f 2326/2326/2326 2325/2325/2325 2324/2324/2324 
f 2327/2327/2327 2315/2315/2315 2325/2325/2325 
f 2325/2325/2325 2326/2326/2326 2328/2328/2328 
f 2328/2328/2328 2326/2326/2326 2329/2329/2329 
f 2330/2330/2330 2329/2329/2329 2326/2326/2326 
f 2310/2310/2310 2329/2329/2329 2330/2330/2330 
f 2329/2329/2329 2310/2310/2310 2331/2331/2331 
f 2308/2308/2308 2331/2331/2331 2310/2310/2310 
f 2332/2332/2332 2331/2331/2331 2308/2308/2308 
f 2315/2315/2315 2327/2327/2327 2333/2333/2333 
f 2333/2333/2333 2327/2327/2327 2334/2334/2334 
f 2335/2335/2335 2333/2333/2333 2334/2334/2334 
f 2308/2308/2308 2336/2336/2336 2332/2332/2332 
f 2333/2333/2333 2335/2335/2335 2336/2336/2336 
f 2336/2336/2336 2337/2337/2337 2332/2332/2332 
f 2336/2336/2336 2335/2335/2335 2337/2337/2337 
f 2333/2333/2333 2336/2336/2336 2338/2338/2338 
f 2339/2339/2339 2338/2338/2338 2336/2336/2336 
f 2338/2338/2338 2339/2339/2339 2340/2340/2340 
f 2341/2341/2341 2340/2340/2340 2339/2339/2339 
f 2340/2340/2340 2341/2341/2341 2342/2342/2342 
f 2343/2343/2343 2342/2342/2342 2341/2341/2341 
f 2344/2344/2344 2342/2342/2342 2343/2343/2343 
f 2344/2344/2344 2345/2345/2345 2342/2342/2342 
f 2345/2345/2345 2344/2344/2344 2346/2346/2346 
f 2346/2346/2346 2344/2344/2344 2347/2347/2347 
f 2345/2345/2345 2348/2348/2348 2342/2342/2342 
f 2349/2349/2349 2347/2347/2347 2344/2344/2344 
f 2348/2348/2348 2345/2345/2345 2350/2350/2350 
f 2351/2351/2351 2348/2348/2348 2350/2350/2350 
f 2347/2347/2347 2349/2349/2349 2352/2352/2352 
f 2353/2353/2353 2348/2348/2348 2351/2351/2351 
f 2354/2354/2354 2352/2352/2352 2349/2349/2349 
f 2352/2352/2352 2354/2354/2354 2355/2355/2355 
f 2349/2349/2349 2356/2356/2356 2354/2354/2354 
f 2355/2355/2355 2354/2354/2354 2357/2357/2357 
f 2355/2355/2355 2357/2357/2357 2358/2358/2358 
f 2358/2358/2358 2357/2357/2357 2359/2359/2359 
f 2359/2359/2359 2360/2360/2360 2358/2358/2358 
f 2360/2360/2360 2359/2359/2359 2361/2361/2361 
f 2361/2361/2361 2353/2353/2353 2360/2360/2360 
f 2362/2362/2362 2353/2353/2353 2361/2361/2361 
f 2353/2353/2353 2362/2362/2362 2348/2348/2348 
f 2362/2362/2362 2363/2363/2363 2348/2348/2348 
f 2363/2363/2363 2362/2362/2362 2364/2364/2364 
f 2365/2365/2365 2363/2363/2363 2364/2364/2364 
f 2363/2363/2363 2365/2365/2365 2366/2366/2366 
f 2367/2367/2367 2366/2366/2366 2365/2365/2365 
f 2367/2367/2367 2365/2365/2365 2368/2368/2368 
f 2356/2356/2356 2367/2367/2367 2368/2368/2368 
f 2367/2367/2367 2356/2356/2356 2349/2349/2349 
f 2369/2369/2369 2366/2366/2366 2367/2367/2367 
f 2370/2370/2370 2366/2366/2366 2369/2369/2369 
f 2366/2366/2366 2370/2370/2370 2371/2371/2371 
f 2370/2370/2370 2369/2369/2369 2372/2372/2372 
f 2372/2372/2372 2369/2369/2369 2373/2373/2373 
f 2374/2374/2374 2371/2371/2371 2370/2370/2370 
f 2371/2371/2371 2374/2374/2374 2375/2375/2375 

g Meshpart7

v 4.96498 2.53395 -191.52 
v 4.96498 2.53395 -191.43 
v 4.9539 2.50718 -191.52 
v 4.9539 2.50718 -191.43 
v 4.96498 2.48043 -191.52 
v 4.96498 2.48043 -191.43 
v 5.02433 3.00463 -191.518 
v 4.9986 2.99397 -191.518 
v 4.9986 2.99397 -191.43 
v 4.98794 2.96824 -191.518 
v 4.98794 2.96824 -191.43 
v 4.9986 2.94251 -191.518 
v 4.9986 2.94251 -191.43 
v 5.0185 2.53395 -191.43 
v 4.99174 2.54503 -191.52 
v 4.99174 2.54503 -191.43 
v 4.96498 2.53395 -191.52 
v 5.0185 2.53395 -191.52 
v 4.96498 2.53395 -191.43 
v 5.0185 2.48043 -191.43 
v 4.96498 2.48043 -191.52 
v 5.05006 2.99397 -191.43 
v 5.02433 3.00463 -191.518 
v 5.02433 3.00463 -191.43 
v 4.9986 2.99397 -191.518 
v 5.05006 2.99397 -191.518 
v 4.9986 2.99397 -191.43 
v 4.99174 2.46934 -191.52 
v 4.99174 2.54503 -191.52 
v 5.02958 2.50718 -191.52 
v 5.0185 2.53395 -191.52 
v 5.0185 2.48043 -191.52 
v 4.9539 2.50718 -191.52 
v 4.96498 2.53395 -191.52 
v 4.96498 2.48043 -191.52 
v 5.05006 2.94251 -191.518 
v 5.05006 2.99397 -191.518 
v 5.06072 2.96824 -191.518 
v 4.9986 2.94251 -191.518 
v 5.02433 2.93185 -191.518 
v 4.9986 2.99397 -191.518 
v 5.02433 3.00463 -191.518 
v 4.98794 2.96824 -191.518 
v 5.0185 2.53395 -191.43 
v 5.0185 2.53395 -191.52 
v 5.02958 2.50718 -191.43 
v 5.02958 2.50718 -191.52 
v 5.0185 2.48043 -191.43 
v 5.0185 2.48043 -191.52 
v 5.05006 2.99397 -191.43 
v 5.02433 3.00463 -191.518 
v 5.05006 2.99397 -191.518 
v 5.06072 2.96824 -191.43 
v 5.06072 2.96824 -191.518 
v 5.05006 2.94251 -191.43 
v 5.05006 2.94251 -191.518 
v 4.96498 2.53395 -191.43 
v 5.0185 2.48043 -191.43 
v 4.96498 2.48043 -191.52 
v 5.0185 2.48043 -191.52 
v 4.96498 2.48043 -191.43 
v 4.99174 2.46934 -191.43 
v 4.99174 2.46934 -191.52 
v 5.02433 3.00463 -191.518 
v 5.06072 2.96824 -191.43 
v 4.98794 2.96824 -191.43 
v 5.05006 2.94251 -191.43 
v 4.9986 2.94251 -191.518 
v 5.05006 2.94251 -191.518 
v 4.9986 2.94251 -191.43 
v 5.02433 2.93185 -191.43 
v 5.02433 2.93185 -191.518 
v 4.9539 2.50718 -191.43 
v 4.99174 2.54503 -191.43 
v 4.96498 2.53395 -191.43 
v 4.99174 2.46934 -191.43 
v 4.96498 2.48043 -191.43 
v 5.02958 2.50718 -191.43 
v 5.0185 2.53395 -191.43 
v 5.0185 2.48043 -191.43 
v 4.9986 2.94251 -191.43 
v 5.05006 2.99397 -191.43 
v 4.9986 2.99397 -191.43 
v 5.02433 3.00463 -191.43 
v 4.98794 2.96824 -191.43 
v 5.05006 2.94251 -191.43 
v 5.06072 2.96824 -191.43 
v 5.02433 2.93185 -191.43 

vn -0.708661 0.708661 0 
vn -0.708661 0.708661 0 
vn -1 0 0 
vn -1 0 0 
vn -0.708661 -0.708661 0 
vn -0.708661 -0.708661 0 
vn 0 1 0 
vn -0.708661 0.708661 0 
vn -0.708661 0.708661 0 
vn -1 0 0 
vn -1 0 0 
vn -0.708661 -0.708661 0 
vn -0.708661 -0.708661 0 
vn 0.708661 0.708661 0 
vn 0 1 0 
vn 0 1 0 
vn -0.708661 0.708661 0 
vn 0.708661 0.708661 0 
vn -0.708661 0.708661 0 
vn 0.708661 -0.708661 0 
vn -0.708661 -0.708661 0 
vn 0.708661 0.708661 0 
vn 0 1 0 
vn 0 1 0 
vn -0.708661 0.708661 0 
vn 0.708661 0.708661 0 
vn -0.708661 0.708661 0 
vn 0 0 -1 
vn 0 0 -1 
vn 0 0 -1 
vn 0 0 -1 
vn 0 0 -1 
vn 0 0 -1 
vn 0 0 -1 
vn 0 0 -1 
vn 0 0 -1 
vn 0 0 -1 
vn 0 0 -1 
vn 0 0 -1 
vn 0 0 -1 
vn 0 0 -1 
vn 0 0 -1 
vn 0 0 -1 
vn 0.708661 0.708661 0 
vn 0.708661 0.708661 0 
vn 1 0 0 
vn 1 0 0 
vn 0.708661 -0.708661 0 
vn 0.708661 -0.708661 0 
vn 0.708661 0.708661 0 
vn 0 1 0 
vn 0.708661 0.708661 0 
vn 1 0 0 
vn 1 0 0 
vn 0.708661 -0.708661 0 
vn 0.708661 -0.708661 0 
vn -0.708661 0.708661 0 
vn 0.708661 -0.708661 0 
vn -0.708661 -0.708661 0 
vn 0.708661 -0.708661 0 
vn -0.708661 -0.708661 0 
vn 0 -1 0 
vn 0 -1 0 
vn 0 1 0 
vn 1 0 0 
vn -1 0 0 
vn 0.708661 -0.708661 0 
vn -0.708661 -0.708661 0 
vn 0.708661 -0.708661 0 
vn -0.708661 -0.708661 0 
vn 0 -1 0 
vn 0 -1 0 
vn 0 0 1 
vn 0 0 1 
vn 0 0 1 
vn 0 0 1 
vn 0 0 1 
vn 0 0 1 
vn 0 0 1 
vn 0 0 1 
vn 0 0 1 
vn 0 0 1 
vn 0 0 1 
vn 0 0 1 
vn 0 0 1 
vn 0 0 1 
vn 0 0 1 
vn 0 0 1 

vt 0.347245 1.08638 
vt 0.358465 1.08638 
vt 0.347245 1.08303 
vt 0.358465 1.08303 
vt 0.347245 1.07969 
vt 0.358465 1.07969 
vt 0.347463 1.14521 
vt 0.347463 1.14388 
vt 0.358465 1.14388 
vt 0.347463 1.14066 
vt 0.358465 1.14066 
vt 0.347463 1.13745 
vt 0.358465 1.13745 
vt 0.354254 1.10615 
vt 0.350909 1.11737 
vt 0.350909 1.10615 
vt 0.347564 1.11737 
vt 0.354254 1.11737 
vt 0.347564 1.10615 
vt 0.354254 1.10615 
vt 0.347564 1.11737 
vt 0.358199 1.10615 
vt 0.354983 1.11715 
vt 0.354983 1.10615 
vt 0.351767 1.11715 
vt 0.358199 1.11715 
vt 0.351767 1.10615 
vt 0.354801 1.0783 
vt 0.354801 1.08776 
vt 0.350071 1.08303 
vt 0.351456 1.08638 
vt 0.351456 1.07969 
vt 0.359531 1.08303 
vt 0.358146 1.08638 
vt 0.358146 1.07969 
vt 0.347511 1.13745 
vt 0.347511 1.14388 
vt 0.346179 1.14066 
vt 0.353943 1.13745 
vt 0.350727 1.13612 
vt 0.353943 1.14388 
vt 0.350727 1.14521 
vt 0.355276 1.14066 
vt 0.347245 1.08638 
vt 0.358465 1.08638 
vt 0.347245 1.08303 
vt 0.358465 1.08303 
vt 0.347245 1.07969 
vt 0.358465 1.07969 
vt 0.347245 1.14388 
vt 0.358247 1.14521 
vt 0.358247 1.14388 
vt 0.347245 1.14066 
vt 0.358247 1.14066 
vt 0.347245 1.13745 
vt 0.358247 1.13745 
vt 0.358146 1.10615 
vt 0.351456 1.10615 
vt 0.358146 1.11737 
vt 0.351456 1.11737 
vt 0.358146 1.10615 
vt 0.354801 1.10615 
vt 0.354801 1.11737 
vt 0.350727 1.11715 
vt 0.346179 1.10615 
vt 0.355276 1.10615 
vt 0.347511 1.10615 
vt 0.353943 1.11715 
vt 0.347511 1.11715 
vt 0.353943 1.10615 
vt 0.350727 1.10615 
vt 0.350727 1.11715 
vt 0.346179 1.08303 
vt 0.350909 1.08776 
vt 0.347564 1.08638 
vt 0.350909 1.0783 
vt 0.347564 1.07969 
vt 0.35564 1.08303 
vt 0.354254 1.08638 
vt 0.354254 1.07969 
vt 0.351767 1.13745 
vt 0.358199 1.14388 
vt 0.351767 1.14388 
vt 0.354983 1.14521 
vt 0.350434 1.14066 
vt 0.358199 1.13745 
vt 0.359531 1.14066 
vt 0.354983 1.13612 

usemtl Meshpart2Mtl

f 2378/2378/2378 2377/2377/2377 2376/2376/2376 
f 2377/2377/2377 2378/2378/2378 2379/2379/2379 
f 2380/2380/2380 2379/2379/2379 2378/2378/2378 
f 2379/2379/2379 2380/2380/2380 2381/2381/2381 
f 2385/2385/2385 2384/2384/2384 2383/2383/2383 
f 2384/2384/2384 2385/2385/2385 2386/2386/2386 
f 2387/2387/2387 2386/2386/2386 2385/2385/2385 
f 2386/2386/2386 2387/2387/2387 2388/2388/2388 
f 2389/2389/2389 2390/2390/2390 2391/2391/2391 
f 2392/2392/2392 2391/2391/2391 2390/2390/2390 
f 2390/2390/2390 2389/2389/2389 2393/2393/2393 
f 2391/2391/2391 2392/2392/2392 2394/2394/2394 
f 2397/2397/2397 2398/2398/2398 2399/2399/2399 
f 2400/2400/2400 2399/2399/2399 2398/2398/2398 
f 2398/2398/2398 2397/2397/2397 2401/2401/2401 
f 2399/2399/2399 2400/2400/2400 2402/2402/2402 
f 2403/2403/2403 2404/2404/2404 2405/2405/2405 
f 2405/2405/2405 2404/2404/2404 2406/2406/2406 
f 2403/2403/2403 2405/2405/2405 2407/2407/2407 
f 2403/2403/2403 2408/2408/2408 2404/2404/2404 
f 2404/2404/2404 2408/2408/2408 2409/2409/2409 
f 2408/2408/2408 2403/2403/2403 2410/2410/2410 
f 2411/2411/2411 2412/2412/2412 2413/2413/2413 
f 2412/2412/2412 2411/2411/2411 2414/2414/2414 
f 2414/2414/2414 2411/2411/2411 2415/2415/2415 
f 2414/2414/2414 2416/2416/2416 2412/2412/2412 
f 2412/2412/2412 2416/2416/2416 2417/2417/2417 
f 2416/2416/2416 2414/2414/2414 2418/2418/2418 
f 2421/2421/2421 2420/2420/2420 2419/2419/2419 
f 2420/2420/2420 2421/2421/2421 2422/2422/2422 
f 2423/2423/2423 2422/2422/2422 2421/2421/2421 
f 2422/2422/2422 2423/2423/2423 2424/2424/2424 
f 2428/2428/2428 2427/2427/2427 2425/2425/2425 
f 2427/2427/2427 2428/2428/2428 2429/2429/2429 
f 2430/2430/2430 2429/2429/2429 2428/2428/2428 
f 2429/2429/2429 2430/2430/2430 2431/2431/2431 
f 2437/2437/2437 2435/2435/2435 2433/2433/2433 
f 2438/2438/2438 2436/2436/2436 2434/2434/2434 
f 2435/2435/2435 2437/2437/2437 2438/2438/2438 
f 2436/2436/2436 2438/2438/2438 2437/2437/2437 
f 2446/2446/2446 2444/2444/2444 2442/2442/2442 
f 2447/2447/2447 2445/2445/2445 2443/2443/2443 
f 2444/2444/2444 2446/2446/2446 2447/2447/2447 
f 2445/2445/2445 2447/2447/2447 2446/2446/2446 
f 2448/2448/2448 2449/2449/2449 2450/2450/2450 
f 2449/2449/2449 2448/2448/2448 2451/2451/2451 
f 2451/2451/2451 2448/2448/2448 2452/2452/2452 
f 2451/2451/2451 2453/2453/2453 2449/2449/2449 
f 2449/2449/2449 2453/2453/2453 2454/2454/2454 
f 2453/2453/2453 2451/2451/2451 2455/2455/2455 
f 2456/2456/2456 2457/2457/2457 2458/2458/2458 
f 2458/2458/2458 2457/2457/2457 2459/2459/2459 
f 2456/2456/2456 2458/2458/2458 2460/2460/2460 
f 2456/2456/2456 2461/2461/2461 2457/2457/2457 
f 2457/2457/2457 2461/2461/2461 2462/2462/2462 
f 2461/2461/2461 2456/2456/2456 2463/2463/2463 

g Meshpart8

v 4.86428 4.49338 -191.442 
v 4.73305 4.28272 -191.508 
v 4.73305 4.28272 -191.442 
v 4.86428 4.49338 -191.508 
v 4.93402 4.67199 -191.442 
v 4.93402 4.67199 -191.508 
v 4.9534 4.78789 -191.442 
v 4.9534 4.78789 -191.508 
v 4.94862 4.9346 -191.458 
v 4.94862 4.9346 -191.492 
v 4.94715 4.97991 -191.508 
v 4.94715 4.97991 -191.442 
v 4.9159 5.14808 -191.459 
v 4.9159 5.14808 -191.491 
v 4.86966 5.28727 -191.475 
v 4.78191 2.90913 -191.442 
v 4.72041 3.00935 -191.442 
v 4.78191 2.90913 -191.508 
v 4.72041 3.00935 -191.508 
v 4.78791 2.81437 -191.508 
v 4.78791 2.81437 -191.442 
v 4.73751 2.68756 -191.508 
v 4.73751 2.68756 -191.442 
v 4.73841 2.56485 -191.508 
v 4.73841 2.56485 -191.442 
v 4.76901 2.45441 -191.508 
v 4.76901 2.45441 -191.442 
v 4.72041 3.00935 -191.442 
v 4.80729 3.44758 -191.442 
v 4.80729 3.44758 -191.508 
v 4.72041 3.00935 -191.508 
v 4.82154 3.62415 -191.442 
v 4.82154 3.62415 -191.508 
v 4.81704 3.79254 -191.442 
v 4.81704 3.79254 -191.508 
v 4.80354 3.95821 -191.442 
v 4.80354 3.95821 -191.508 
v 4.76904 4.13341 -191.442 
v 4.76904 4.13341 -191.508 
v 4.73305 4.28272 -191.442 
v 4.73305 4.28272 -191.508 
v 5.13599 4.54934 -191.494 
v 5.09698 4.33219 -191.494 
v 5.13599 4.54934 -191.455 
v 5.09698 4.33219 -191.455 
v 5.06644 3.49926 -191.455 
v 5.22897 4.1214 -191.475 
v 5.02471 3.25001 -191.458 
v 5.02912 3.31734 -191.494 
v 5.10206 4.76308 -191.494 
v 4.99443 4.44095 -191.492 
v 5.09698 4.33219 -191.494 
v 5.06644 3.49926 -191.494 
v 5.09698 4.33219 -191.455 
v 5.06644 3.49926 -191.455 
v 5.06644 3.49926 -191.494 
v 5.02912 3.31734 -191.494 
v 5.06644 3.49926 -191.455 
v 5.02912 3.31734 -191.455 
v 5.10206 4.76308 -191.494 
v 5.13599 4.54934 -191.494 
v 5.10206 4.76308 -191.455 
v 5.13599 4.54934 -191.455 
v 5.02233 5.04807 -191.494 
v 5.10206 4.76308 -191.494 
v 5.02233 5.04807 -191.455 
v 5.10206 4.76308 -191.455 
v 4.86966 5.28727 -191.475 
v 5.02233 5.04807 -191.494 
v 5.02233 5.04807 -191.455 
v 4.8617 2.39223 -191.442 
v 4.96069 2.38241 -191.508 
v 5.03628 2.40859 -191.508 
v 5.08487 2.47813 -191.442 
v 5.16546 3.28497 -191.475 
v 5.10382 3.25957 -191.442 
v 5.02912 3.31734 -191.494 
v 5.50073 2.74154 -191.442 
v 5.40246 2.79357 -191.508 
v 5.40246 2.79357 -191.442 
v 5.50073 2.74154 -191.508 
v 5.27719 2.77689 -191.442 
v 5.17784 2.69148 -191.508 
v 5.17784 2.69148 -191.442 
v 5.27719 2.77689 -191.508 
v 5.40246 2.79357 -191.442 
v 5.27719 2.77689 -191.508 
v 5.27719 2.77689 -191.442 
v 5.40246 2.79357 -191.508 
v 5.17784 2.69148 -191.442 
v 5.1584 2.69148 -191.508 
v 5.1584 2.69148 -191.442 
v 5.17784 2.69148 -191.508 
v 4.8617 2.39223 -191.442 
v 4.76901 2.45441 -191.442 
v 4.76901 2.45441 -191.508 
v 5.03628 2.40859 -191.508 
v 5.08487 2.47813 -191.442 
v 5.18656 2.51004 -191.508 
v 5.50547 2.71335 -191.508 
v 5.18216 2.62177 -191.442 
v 4.73305 4.28272 -191.508 
v 4.73305 4.28272 -191.442 
v 4.86428 4.49338 -191.508 
v 4.93402 4.67199 -191.508 
v 4.9534 4.78789 -191.508 
v 4.94862 4.9346 -191.492 
v 4.9159 5.14808 -191.459 
v 4.86966 5.28727 -191.475 
v 4.78191 2.90913 -191.442 
v 4.72041 3.00935 -191.442 
v 4.78191 2.90913 -191.508 
v 4.72041 3.00935 -191.508 
v 4.78791 2.81437 -191.508 
v 4.73751 2.68756 -191.508 
v 4.73841 2.56485 -191.508 
v 5.50073 2.74154 -191.508 
v 4.80729 3.44758 -191.442 
v 4.82154 3.62415 -191.508 
v 4.81704 3.79254 -191.508 
v 4.80354 3.95821 -191.442 
v 4.76904 4.13341 -191.442 
v 5.16546 3.28497 -191.475 
v 5.18648 3.16761 -191.442 
v 5.18648 3.16761 -191.508 
v 5.17882 3.01308 -191.508 
v 5.21348 2.90156 -191.442 
v 5.20052 2.78474 -191.442 
v 5.20052 2.78474 -191.508 
v 5.1584 2.69148 -191.442 
v 5.13599 4.54934 -191.494 
v 5.09698 4.33219 -191.494 
v 5.13599 4.54934 -191.455 
v 5.06644 3.49926 -191.455 
v 5.22897 4.1214 -191.475 
v 5.15122 3.3645 -191.475 
v 5.27649 4.44929 -191.475 
v 5.10382 3.25957 -191.442 
v 5.02471 3.25001 -191.458 
v 5.28836 4.65324 -191.475 
v 5.10206 4.76308 -191.455 
v 5.26274 4.80493 -191.475 
v 5.194 4.9748 -191.475 
v 5.02233 5.04807 -191.455 
v 5.07839 5.1299 -191.475 
v 5.22897 4.1214 -191.475 
v 5.06644 3.49926 -191.494 
v 5.09698 4.33219 -191.494 
v 5.15122 3.3645 -191.475 
v 5.27649 4.44929 -191.475 
v 5.02912 3.31734 -191.494 
v 5.13599 4.54934 -191.494 
v 5.16546 3.28497 -191.475 
v 5.10379 3.25956 -191.508 
v 5.02471 3.25001 -191.492 
v 5.28836 4.65324 -191.475 
v 5.10206 4.76308 -191.494 
v 5.26274 4.80493 -191.475 
v 5.194 4.9748 -191.475 
v 5.02233 5.04807 -191.494 
v 5.07839 5.1299 -191.475 
v 4.86966 5.28727 -191.475 
v 5.27503 2.70031 -191.508 
v 5.27719 2.77689 -191.508 
v 5.37438 2.7278 -191.508 
v 5.40246 2.79357 -191.508 
v 5.17784 2.69148 -191.508 
v 5.48021 2.70424 -191.508 
v 5.50073 2.74154 -191.508 
v 5.50547 2.71335 -191.508 
v 5.18216 2.62177 -191.508 
v 5.1584 2.69148 -191.508 
v 5.1692 2.56091 -191.508 
v 5.08487 2.47813 -191.508 
v 5.18656 2.51004 -191.508 
v 5.03628 2.40859 -191.508 
v 4.96069 2.38241 -191.508 
v 4.8617 2.39223 -191.508 
v 4.73841 2.56485 -191.508 
v 4.76901 2.45441 -191.508 
v 5.17784 2.69148 -191.442 
v 5.40246 2.79357 -191.442 
v 4.73751 2.68756 -191.508 
v 4.78791 2.81437 -191.508 
v 5.20052 2.78474 -191.508 
v 5.21348 2.90156 -191.508 
v 4.78191 2.90913 -191.508 
v 5.17882 3.01308 -191.508 
v 5.02471 3.25001 -191.492 
v 4.72041 3.00935 -191.508 
v 5.18648 3.16761 -191.508 
v 5.10379 3.25956 -191.508 
v 5.16546 3.28497 -191.475 
v 4.94903 3.29228 -191.492 
v 4.80729 3.44758 -191.508 
v 4.9579 3.33114 -191.492 
v 4.82154 3.62415 -191.508 
v 4.81704 3.79254 -191.508 
v 4.99443 4.44095 -191.492 
v 4.80354 3.95821 -191.508 
v 4.76904 4.13341 -191.508 
v 4.73305 4.28272 -191.508 
v 4.86428 4.49338 -191.508 
v 5.01139 4.65639 -191.492 
v 4.93402 4.67199 -191.508 
v 4.9534 4.78789 -191.508 
v 4.94862 4.9346 -191.492 
v 4.94903 3.29228 -191.492 
v 5.02912 3.31734 -191.494 
v 5.02471 3.25001 -191.492 
v 4.9579 3.33114 -191.492 
v 5.06644 3.49926 -191.494 
v 4.99443 4.44095 -191.492 
v 5.09698 4.33219 -191.494 
v 5.13599 4.54934 -191.494 
v 5.01139 4.65639 -191.492 
v 5.10206 4.76308 -191.494 
v 4.94862 4.9346 -191.492 
v 5.02233 5.04807 -191.494 
v 4.94715 4.97991 -191.508 
v 4.9159 5.14808 -191.491 
v 4.86966 5.28727 -191.475 
v 5.08487 2.47813 -191.442 
v 5.03628 2.40859 -191.442 
v 5.08487 2.47813 -191.508 
v 5.03628 2.40859 -191.508 
v 4.78191 2.90913 -191.508 
v 5.1692 2.56091 -191.442 
v 5.18216 2.62177 -191.508 
v 5.18216 2.62177 -191.442 
v 5.1692 2.56091 -191.508 
v 5.50547 2.71335 -191.442 
v 5.50073 2.74154 -191.508 
v 5.50073 2.74154 -191.442 
v 5.50547 2.71335 -191.508 
v 4.81704 3.79254 -191.508 
v 4.80354 3.95821 -191.442 
v 5.16546 3.28497 -191.475 
v 5.18648 3.16761 -191.442 
v 5.18648 3.16761 -191.508 
v 5.17882 3.01308 -191.442 
v 5.17882 3.01308 -191.508 
v 5.21348 2.90156 -191.442 
v 5.21348 2.90156 -191.508 
v 5.20052 2.78474 -191.442 
v 5.20052 2.78474 -191.508 
v 5.1584 2.69148 -191.442 
v 5.1584 2.69148 -191.508 
v 5.09698 4.33219 -191.494 
v 5.13599 4.54934 -191.455 
v 5.06644 3.49926 -191.455 
v 5.22897 4.1214 -191.475 
v 5.02471 3.25001 -191.458 
v 5.02912 3.31734 -191.494 
v 5.10206 4.76308 -191.494 
v 4.99443 4.44095 -191.492 
v 5.02471 3.25001 -191.492 
v 5.02912 3.31734 -191.455 
v 5.02471 3.25001 -191.458 
v 5.02912 3.31734 -191.494 
v 5.1692 2.56091 -191.442 
v 5.18656 2.51004 -191.442 
v 5.18656 2.51004 -191.508 
v 5.1692 2.56091 -191.508 
v 4.8617 2.39223 -191.442 
v 4.76901 2.45441 -191.442 
v 4.8617 2.39223 -191.508 
v 4.76901 2.45441 -191.508 
v 4.96069 2.38241 -191.508 
v 4.96069 2.38241 -191.442 
v 5.03628 2.40859 -191.508 
v 5.03628 2.40859 -191.442 
v 5.18656 2.51004 -191.442 
v 5.08487 2.47813 -191.442 
v 5.18656 2.51004 -191.508 
v 5.08487 2.47813 -191.508 
v 5.48021 2.70424 -191.442 
v 5.50547 2.71335 -191.508 
v 5.50547 2.71335 -191.442 
v 5.48021 2.70424 -191.508 
v 5.37438 2.7278 -191.442 
v 5.48021 2.70424 -191.508 
v 5.48021 2.70424 -191.442 
v 5.37438 2.7278 -191.508 
v 5.27503 2.70031 -191.442 
v 5.27503 2.70031 -191.508 
v 5.18216 2.62177 -191.442 
v 5.18216 2.62177 -191.508 
v 4.8617 2.39223 -191.442 
v 4.76901 2.45441 -191.442 
v 4.76901 2.45441 -191.508 
v 5.03628 2.40859 -191.508 
v 5.08487 2.47813 -191.442 
v 5.18656 2.51004 -191.508 
v 5.50547 2.71335 -191.508 
v 5.18216 2.62177 -191.442 
v 4.73305 4.28272 -191.508 
v 4.73305 4.28272 -191.442 
v 4.86428 4.49338 -191.508 
v 4.93402 4.67199 -191.508 
v 4.9534 4.78789 -191.508 
v 4.94862 4.9346 -191.492 
v 4.9159 5.14808 -191.459 
v 4.86966 5.28727 -191.475 
v 4.78191 2.90913 -191.442 
v 4.72041 3.00935 -191.442 
v 4.78191 2.90913 -191.508 
v 4.72041 3.00935 -191.508 
v 4.78791 2.81437 -191.508 
v 4.73751 2.68756 -191.508 
v 4.73841 2.56485 -191.508 
v 5.50073 2.74154 -191.508 
v 4.80729 3.44758 -191.442 
v 4.82154 3.62415 -191.508 
v 4.81704 3.79254 -191.508 
v 4.80354 3.95821 -191.442 
v 4.76904 4.13341 -191.442 
v 5.16546 3.28497 -191.475 
v 5.18648 3.16761 -191.442 
v 5.18648 3.16761 -191.508 
v 5.17882 3.01308 -191.508 
v 5.21348 2.90156 -191.442 
v 5.20052 2.78474 -191.442 
v 5.20052 2.78474 -191.508 
v 5.1584 2.69148 -191.442 
v 5.13599 4.54934 -191.494 
v 5.09698 4.33219 -191.494 
v 5.13599 4.54934 -191.455 
v 5.09698 4.33219 -191.455 
v 5.06644 3.49926 -191.455 
v 5.22897 4.1214 -191.475 
v 5.15122 3.3645 -191.475 
v 5.27649 4.44929 -191.475 
v 5.02912 3.31734 -191.455 
v 5.13599 4.54934 -191.455 
v 5.16546 3.28497 -191.475 
v 5.10382 3.25957 -191.442 
v 5.02471 3.25001 -191.458 
v 5.28836 4.65324 -191.475 
v 5.10206 4.76308 -191.455 
v 5.26274 4.80493 -191.475 
v 5.194 4.9748 -191.475 
v 5.02233 5.04807 -191.455 
v 5.07839 5.1299 -191.475 
v 4.86966 5.28727 -191.475 
v 5.02912 3.31734 -191.494 
v 5.10206 4.76308 -191.494 
v 5.02233 5.04807 -191.494 
v 5.17784 2.69148 -191.508 
v 5.27719 2.77689 -191.442 
v 5.17784 2.69148 -191.442 
v 5.27503 2.70031 -191.442 
v 5.18216 2.62177 -191.442 
v 5.37438 2.7278 -191.442 
v 5.40246 2.79357 -191.442 
v 5.48021 2.70424 -191.442 
v 5.50073 2.74154 -191.442 
v 5.50547 2.71335 -191.442 
v 5.1584 2.69148 -191.442 
v 5.1692 2.56091 -191.442 
v 5.08487 2.47813 -191.442 
v 5.18656 2.51004 -191.442 
v 4.73751 2.68756 -191.442 
v 4.78791 2.81437 -191.442 
v 5.20052 2.78474 -191.442 
v 4.73841 2.56485 -191.442 
v 5.21348 2.90156 -191.442 
v 4.78191 2.90913 -191.442 
v 5.17882 3.01308 -191.442 
v 4.8617 2.39223 -191.442 
v 4.76901 2.45441 -191.442 
v 4.96069 2.38241 -191.442 
v 5.03628 2.40859 -191.442 
v 5.02471 3.25001 -191.458 
v 4.72041 3.00935 -191.442 
v 5.18648 3.16761 -191.442 
v 5.10382 3.25957 -191.442 
v 5.16546 3.28497 -191.475 
v 4.94903 3.29228 -191.458 
v 4.80729 3.44758 -191.442 
v 4.9579 3.33114 -191.458 
v 4.82154 3.62415 -191.442 
v 4.81704 3.79254 -191.442 
v 4.99443 4.44095 -191.458 
v 4.80354 3.95821 -191.442 
v 4.76904 4.13341 -191.442 
v 4.73305 4.28272 -191.442 
v 4.86428 4.49338 -191.442 
v 5.01139 4.65639 -191.458 
v 4.93402 4.67199 -191.442 
v 4.9534 4.78789 -191.442 
v 4.94862 4.9346 -191.458 
v 4.9579 3.33114 -191.492 
v 4.99443 4.44095 -191.492 
v 5.01139 4.65639 -191.492 
v 5.02912 3.31734 -191.455 
v 4.94903 3.29228 -191.458 
v 5.02471 3.25001 -191.458 
v 4.9579 3.33114 -191.458 
v 5.06644 3.49926 -191.455 
v 4.99443 4.44095 -191.458 
v 5.09698 4.33219 -191.455 
v 5.13599 4.54934 -191.455 
v 5.01139 4.65639 -191.458 
v 5.10206 4.76308 -191.455 
v 4.94862 4.9346 -191.458 
v 5.02233 5.04807 -191.455 
v 4.94715 4.97991 -191.442 
v 4.9159 5.14808 -191.459 
v 4.86966 5.28727 -191.475 

vn -0.897638 0.448819 0 
vn -0.850394 0.527559 0 
vn -0.850394 0.527559 0 
vn -0.897638 0.448819 0 
vn -0.96063 0.267717 0 
vn -0.96063 0.267717 0 
vn -1 0.0708661 0 
vn -1 0.0708661 0 
vn -1 -0.0314961 0 
vn -1 -0.0314961 0 
vn -0.992126 -0.11811 0 
vn -0.992126 -0.11811 0 
vn -0.968504 -0.244094 0 
vn -0.968504 -0.244094 0 
vn -0.952756 -0.314961 0 
vn -0.952756 -0.299213 0 
vn -0.850394 -0.519685 0 
vn -0.952756 -0.299213 0 
vn -0.850394 -0.519685 0 
vn -0.984252 0.15748 0 
vn -0.984252 0.15748 0 
vn -0.984252 0.181102 0 
vn -0.984252 0.181102 0 
vn -0.992126 -0.141732 0 
vn -0.992126 -0.141732 0 
vn -0.96063 -0.267717 0 
vn -0.96063 -0.267717 0 
vn -0.984252 0.19685 0 
vn -0.992126 0.133858 0 
vn -0.992126 0.133858 0 
vn -0.984252 0.19685 0 
vn -1 0.023622 0 
vn -1 0.023622 0 
vn -1 -0.0551181 0 
vn -1 -0.0551181 0 
vn -0.992126 -0.133858 0 
vn -0.992126 -0.133858 0 
vn -0.976378 -0.212598 0 
vn -0.976378 -0.212598 0 
vn -0.968504 -0.23622 0 
vn -0.968504 -0.23622 0 
vn -0.984252 0.173228 0 
vn -0.984252 0.173228 0 
vn -0.984252 0.173228 0 
vn -0.984252 0.173228 0 
vn 0.165354 -0.015748 0.984252 
vn 0.149606 -0.015748 0.992126 
vn 0.0472441 0.275591 0.96063 
vn 0.110236 0.125984 -0.984252 
vn 0.11811 0.023622 -0.992126 
vn 0.0393701 0.00787402 -1 
vn -1 0.0393701 0 
vn -1 0.0393701 0 
vn -1 0.0393701 0 
vn -1 0.0393701 0 
vn -0.976378 0.204724 0 
vn -0.976378 0.204724 0 
vn -0.976378 0.204724 0 
vn -0.976378 0.204724 0 
vn -0.984252 -0.15748 0 
vn -0.984252 -0.15748 0 
vn -0.984252 -0.15748 0 
vn -0.984252 -0.15748 0 
vn -0.96063 -0.267717 0 
vn -0.96063 -0.267717 0 
vn -0.96063 -0.267717 0 
vn -0.96063 -0.267717 0 
vn -0.84252 -0.535433 0 
vn -0.84252 -0.535433 0 
vn -0.84252 -0.535433 0 
vn -0.338583 -0.944882 0 
vn 0.11811 -0.992126 0 
vn 0.330709 -0.944882 0 
vn 0.299213 -0.952756 0 
vn 0.984252 0.173228 0 
vn 0.0472441 0.275591 0.96063 
vn 0.110236 0.125984 -0.984252 
vn 0.464567 0.88189 0 
vn 0.464567 0.88189 0 
vn 0.464567 0.88189 0 
vn 0.464567 0.88189 0 
vn -0.653543 0.755906 0 
vn -0.653543 0.755906 0 
vn -0.653543 0.755906 0 
vn -0.653543 0.755906 0 
vn -0.133858 0.992126 0 
vn -0.133858 0.992126 0 
vn -0.133858 0.992126 0 
vn -0.133858 0.992126 0 
vn 0 1 0 
vn 0 1 0 
vn 0 1 0 
vn 0 1 0 
vn -0.338583 -0.944882 0 
vn -0.559055 -0.826772 0 
vn -0.559055 -0.826772 0 
vn 0.330709 -0.944882 0 
vn 0.299213 -0.952756 0 
vn 0.299213 -0.952756 0 
vn 0.338583 -0.937008 0 
vn 0.645669 -0.76378 0 
vn -0.850394 0.527559 0 
vn -0.850394 0.527559 0 
vn -0.897638 0.448819 0 
vn -0.96063 0.267717 0 
vn -1 0.0708661 0 
vn -1 -0.0314961 0 
vn -0.968504 -0.244094 0 
vn -0.952756 -0.314961 0 
vn -0.952756 -0.299213 0 
vn -0.850394 -0.519685 0 
vn -0.952756 -0.299213 0 
vn -0.850394 -0.519685 0 
vn -0.984252 0.15748 0 
vn -0.984252 0.181102 0 
vn -0.992126 -0.141732 0 
vn 0.984252 0.165354 0 
vn -0.992126 0.133858 0 
vn -1 0.023622 0 
vn -1 -0.0551181 0 
vn -0.992126 -0.133858 0 
vn -0.976378 -0.212598 0 
vn 0.984252 0.173228 0 
vn 1 0.0551181 0 
vn 1 0.0551181 0 
vn 0.992126 0.125984 0 
vn 0.992126 0.0944882 0 
vn 0.96063 -0.267717 0 
vn 0.96063 -0.267717 0 
vn 0.913386 -0.409449 0 
vn -0.984252 0.173228 0 
vn -0.984252 0.173228 0 
vn -0.984252 0.173228 0 
vn 0.165354 -0.015748 0.984252 
vn 0.149606 -0.015748 0.992126 
vn 0.15748 -0.00787402 0.984252 
vn 0.125984 -0.00787402 0.992126 
vn 0.0472441 0.275591 0.96063 
vn 0.0472441 0.275591 0.96063 
vn 0.11811 0.00787402 0.992126 
vn 0.11811 0.023622 0.992126 
vn 0.11811 0.0314961 0.992126 
vn 0.125984 0.0551181 0.992126 
vn 0.133858 0.110236 0.984252 
vn 0.141732 0.141732 0.976378 
vn 0.149606 -0.015748 -0.992126 
vn 0.165354 -0.015748 -0.984252 
vn 0.125984 -0.015748 -0.992126 
vn 0.15748 -0.00787402 -0.984252 
vn 0.125984 -0.00787402 -0.992126 
vn 0.110236 0.125984 -0.984252 
vn 0.125984 0 -0.992126 
vn 0.110236 0.11811 -0.984252 
vn 0.0472441 0.275591 -0.96063 
vn 0.0472441 0.275591 -0.96063 
vn 0.11811 0.00787402 -0.992126 
vn 0.11811 0.023622 -0.992126 
vn 0.11811 0.0314961 -0.992126 
vn 0.125984 0.0551181 -0.992126 
vn 0.133858 0.110236 -0.984252 
vn 0.141732 0.141732 -0.976378 
vn 0.11811 0.15748 -0.984252 
vn 0.0393701 0.00787402 -1 
vn 0.0393701 0.00787402 -1 
vn 0.0393701 0.00787402 -1 
vn 0.0393701 0.00787402 -1 
vn 0.0393701 0.00787402 -1 
vn 0.0393701 0.00787402 -1 
vn 0.0393701 0.00787402 -1 
vn 0.0393701 0.00787402 -1 
vn 0.0393701 0.00787402 -1 
vn 0.0393701 0.00787402 -1 
vn 0.0393701 0.00787402 -1 
vn 0.0393701 0.00787402 -1 
vn 0.0393701 0.00787402 -1 
vn 0.0393701 0.00787402 -1 
vn 0.0393701 0.00787402 -1 
vn 0.0393701 0.00787402 -1 
vn 0.0393701 0.00787402 -1 
vn 0.0393701 0.00787402 -1 
vn 0.0393701 0.00787402 1 
vn 0.0393701 0.00787402 1 
vn 0.0393701 0.00787402 -1 
vn 0.0393701 0.00787402 -1 
vn 0.0393701 0.00787402 -1 
vn 0.0393701 0.00787402 -1 
vn 0.0393701 0.00787402 -1 
vn 0.0393701 0.00787402 -1 
vn 0.0393701 0.00787402 -1 
vn 0.0393701 0.00787402 -1 
vn 0.0393701 0.00787402 -1 
vn 0.0393701 0.00787402 -1 
vn 0.0393701 0.00787402 -1 
vn 0.0393701 0.00787402 -1 
vn 0.0393701 0.00787402 -1 
vn 0.0393701 0.00787402 -1 
vn 0.0393701 0.00787402 -1 
vn 0.0393701 0.00787402 -1 
vn 0.0393701 0.00787402 -1 
vn 0.0393701 0.00787402 -1 
vn 0.0393701 0.00787402 -1 
vn 0.0393701 0.00787402 -1 
vn 0.0393701 0.00787402 -1 
vn 0.0393701 0.00787402 -1 
vn 0.0393701 0.00787402 -1 
vn 0.0393701 0.00787402 -1 
vn 0.0393701 0.00787402 -1 
vn -0.0314961 -0.023622 -1 
vn -0.0314961 -0.00787402 -1 
vn -0.0314961 -0.023622 -1 
vn -0.0314961 -0.00787402 -1 
vn -0.0314961 0 -1 
vn -0.023622 0 -1 
vn -0.023622 0 -1 
vn -0.023622 0 -1 
vn -0.00787402 0 -1 
vn 0.00787402 0.00787402 -1 
vn 0.023622 0.015748 -1 
vn 0.023622 0.015748 -1 
vn 0.023622 0.015748 -1 
vn 0.023622 0.015748 -1 
vn 0.023622 0.015748 -1 
vn 0.818898 -0.574803 0 
vn 0.818898 -0.574803 0 
vn 0.818898 -0.574803 0 
vn 0.818898 -0.574803 0 
vn -0.952756 -0.299213 0 
vn 0.976378 -0.204724 0 
vn 0.976378 -0.204724 0 
vn 0.976378 -0.204724 0 
vn 0.976378 -0.204724 0 
vn 0.984252 0.165354 0 
vn 0.984252 0.165354 0 
vn 0.984252 0.165354 0 
vn 0.984252 0.165354 0 
vn -1 -0.0551181 0 
vn -0.992126 -0.133858 0 
vn 0.984252 0.173228 0 
vn 1 0.0551181 0 
vn 1 0.0551181 0 
vn 0.992126 0.125984 0 
vn 0.992126 0.125984 0 
vn 0.992126 0.0944882 0 
vn 0.992126 0.0944882 0 
vn 0.96063 -0.267717 0 
vn 0.96063 -0.267717 0 
vn 0.913386 -0.409449 0 
vn 0.913386 -0.409449 0 
vn -0.984252 0.173228 0 
vn -0.984252 0.173228 0 
vn 0.165354 -0.015748 0.984252 
vn 0.149606 -0.015748 0.992126 
vn 0.0472441 0.275591 0.96063 
vn 0.110236 0.125984 -0.984252 
vn 0.11811 0.023622 -0.992126 
vn 0.0393701 0.00787402 -1 
vn 1 -0.0629921 0 
vn 1 -0.0629921 0 
vn 1 -0.0629921 0 
vn 1 -0.0629921 0 
vn 0.944882 0.322835 0 
vn 0.944882 0.322835 0 
vn 0.944882 0.322835 0 
vn 0.944882 0.322835 0 
vn -0.338583 -0.944882 0 
vn -0.559055 -0.826772 0 
vn -0.338583 -0.944882 0 
vn -0.559055 -0.826772 0 
vn 0.11811 -0.992126 0 
vn 0.11811 -0.992126 0 
vn 0.330709 -0.944882 0 
vn 0.330709 -0.944882 0 
vn 0.299213 -0.952756 0 
vn 0.299213 -0.952756 0 
vn 0.299213 -0.952756 0 
vn 0.299213 -0.952756 0 
vn 0.338583 -0.937008 0 
vn 0.338583 -0.937008 0 
vn 0.338583 -0.937008 0 
vn 0.338583 -0.937008 0 
vn 0.023622 -1 0 
vn -0.220472 -0.976378 0 
vn -0.220472 -0.976378 0 
vn 0.023622 -1 0 
vn 0.464567 -0.88189 0 
vn 0.464567 -0.88189 0 
vn 0.645669 -0.76378 0 
vn 0.645669 -0.76378 0 
vn -0.338583 -0.944882 0 
vn -0.559055 -0.826772 0 
vn -0.559055 -0.826772 0 
vn 0.330709 -0.944882 0 
vn 0.299213 -0.952756 0 
vn 0.299213 -0.952756 0 
vn 0.338583 -0.937008 0 
vn 0.645669 -0.76378 0 
vn -0.850394 0.527559 0 
vn -0.850394 0.527559 0 
vn -0.897638 0.448819 0 
vn -0.96063 0.267717 0 
vn -1 0.0708661 0 
vn -1 -0.0314961 0 
vn -0.968504 -0.244094 0 
vn -0.952756 -0.314961 0 
vn -0.952756 -0.299213 0 
vn -0.850394 -0.519685 0 
vn -0.952756 -0.299213 0 
vn -0.850394 -0.519685 0 
vn -0.984252 0.15748 0 
vn -0.984252 0.181102 0 
vn -0.992126 -0.141732 0 
vn 0.984252 0.165354 0 
vn -0.992126 0.133858 0 
vn -1 0.023622 0 
vn -1 -0.0551181 0 
vn -0.992126 -0.133858 0 
vn -0.976378 -0.212598 0 
vn 0.984252 0.173228 0 
vn 1 0.0551181 0 
vn 1 0.0551181 0 
vn 0.992126 0.125984 0 
vn 0.992126 0.0944882 0 
vn 0.96063 -0.267717 0 
vn 0.96063 -0.267717 0 
vn 0.913386 -0.409449 0 
vn -0.984252 0.173228 0 
vn -0.984252 0.173228 0 
vn -0.984252 0.173228 0 
vn 0.125984 -0.015748 0.992126 
vn 0.165354 -0.015748 0.984252 
vn 0.149606 -0.015748 0.992126 
vn 0.15748 -0.00787402 0.984252 
vn 0.125984 -0.00787402 0.992126 
vn 0.110236 0.125984 0.984252 
vn 0.125984 0 0.992126 
vn 0.110236 0.11811 0.984252 
vn 0.0472441 0.275591 0.96063 
vn 0.0472441 0.275591 0.96063 
vn 0.11811 0.00787402 0.992126 
vn 0.11811 0.023622 0.992126 
vn 0.11811 0.0314961 0.992126 
vn 0.125984 0.0551181 0.992126 
vn 0.133858 0.110236 0.984252 
vn 0.141732 0.141732 0.976378 
vn 0.11811 0.15748 0.984252 
vn 0.110236 0.125984 -0.984252 
vn 0.11811 0.023622 -0.992126 
vn 0.133858 0.110236 -0.984252 
vn 0.0393701 0.00787402 -1 
vn 0.0393701 0.00787402 1 
vn 0.0393701 0.00787402 1 
vn 0.0393701 0.00787402 1 
vn 0.0393701 0.00787402 1 
vn 0.0393701 0.00787402 1 
vn 0.0393701 0.00787402 1 
vn 0.0393701 0.00787402 1 
vn 0.0393701 0.00787402 1 
vn 0.0393701 0.00787402 1 
vn 0.0393701 0.00787402 1 
vn 0.0393701 0.00787402 1 
vn 0.0393701 0.00787402 1 
vn 0.0393701 0.00787402 1 
vn 0.0393701 0.00787402 1 
vn 0.0393701 0.00787402 1 
vn 0.0393701 0.00787402 1 
vn 0.0393701 0.00787402 1 
vn 0.0393701 0.00787402 1 
vn 0.0393701 0.00787402 1 
vn 0.0393701 0.00787402 1 
vn 0.0393701 0.00787402 1 
vn 0.0393701 0.00787402 1 
vn 0.0393701 0.00787402 1 
vn 0.0393701 0.00787402 1 
vn 0.0393701 0.00787402 1 
vn 0.0393701 0.00787402 1 
vn 0.0393701 0.00787402 1 
vn 0.0393701 0.00787402 1 
vn 0.0393701 0.00787402 1 
vn 0.0393701 0.00787402 1 
vn 0.0393701 0.00787402 1 
vn 0.0393701 0.00787402 1 
vn 0.0393701 0.00787402 1 
vn 0.0393701 0.00787402 1 
vn 0.0393701 0.00787402 1 
vn 0.0393701 0.00787402 1 
vn 0.0393701 0.00787402 1 
vn 0.0393701 0.00787402 1 
vn 0.0393701 0.00787402 1 
vn 0.0393701 0.00787402 1 
vn 0.0393701 0.00787402 1 
vn 0.0393701 0.00787402 1 
vn 0.0393701 0.00787402 1 
vn 0.0393701 0.00787402 -1 
vn 0.0393701 0.00787402 -1 
vn 0.0393701 0.00787402 -1 
vn -0.0314961 -0.00787402 1 
vn -0.0314961 -0.023622 1 
vn -0.0314961 -0.023622 1 
vn -0.0314961 -0.00787402 1 
vn -0.0314961 0 1 
vn -0.023622 0 1 
vn -0.023622 0 1 
vn -0.023622 0 1 
vn -0.00787402 0 1 
vn 0.00787402 0.00787402 1 
vn 0.023622 0.015748 1 
vn 0.023622 0.015748 1 
vn 0.023622 0.015748 1 
vn 0.023622 0.015748 1 
vn 0.023622 0.015748 1 

vt 1.33619 -0.784408 
vt 1.328 -0.810741 
vt 1.33619 -0.810741 
vt 1.328 -0.784408 
vt 1.33619 -0.762082 
vt 1.328 -0.762082 
vt 1.33619 -0.747594 
vt 1.328 -0.747594 
vt 1.3342 -0.729256 
vt 1.32999 -0.729256 
vt 1.328 -0.723591 
vt 1.33619 -0.723591 
vt 1.33406 -0.702571 
vt 1.33013 -0.702571 
vt 1.33209 -0.685172 
vt 1.33619 -0.98244 
vt 1.33619 -0.969913 
vt 1.328 -0.98244 
vt 1.328 -0.969913 
vt 1.328 -0.994285 
vt 1.33619 -0.994285 
vt 1.328 -1.01014 
vt 1.33619 -1.01014 
vt 1.328 -1.02547 
vt 1.33619 -1.02547 
vt 1.328 -1.03928 
vt 1.33619 -1.03928 
vt 1.33619 -0.969913 
vt 1.33619 -0.915133 
vt 1.328 -0.915133 
vt 1.328 -0.969913 
vt 1.33619 -0.893062 
vt 1.328 -0.893062 
vt 1.33619 -0.872013 
vt 1.328 -0.872013 
vt 1.33619 -0.851305 
vt 1.328 -0.851305 
vt 1.33619 -0.829404 
vt 1.328 -0.829404 
vt 1.33619 -0.810741 
vt 1.328 -0.810741 
vt 1.32964 -0.777414 
vt 1.32964 -0.804556 
vt 1.33455 -0.777414 
vt 1.33455 -0.804556 
vt 1.33455 -0.908673 
vt 1.33209 -0.830906 
vt 1.3342 -0.939829 
vt 1.32964 -0.931413 
vt 1.32964 -0.750696 
vt 1.32999 -0.790962 
vt 1.32964 -0.804556 
vt 1.32964 -0.908673 
vt 1.33455 -0.804556 
vt 1.33455 -0.908673 
vt 1.32964 -0.908673 
vt 1.32964 -0.931413 
vt 1.33455 -0.908673 
vt 1.33455 -0.931413 
vt 1.32964 -0.750696 
vt 1.32964 -0.777414 
vt 1.33455 -0.750696 
vt 1.33455 -0.777414 
vt 1.32964 -0.715071 
vt 1.32964 -0.750696 
vt 1.33455 -0.715071 
vt 1.33455 -0.750696 
vt 1.33209 -0.685172 
vt 1.32964 -0.715071 
vt 1.33455 -0.715071 
vt 1.30069 -0.870818 
vt 1.31306 -0.862633 
vt 1.32251 -0.862633 
vt 1.32859 -0.870818 
vt 1.33866 -0.866725 
vt 1.33095 -0.870818 
vt 1.32162 -0.86427 
vt 1.38057 -0.870818 
vt 1.36828 -0.862633 
vt 1.36828 -0.870818 
vt 1.38057 -0.862633 
vt 1.35263 -0.870818 
vt 1.34021 -0.862633 
vt 1.34021 -0.870818 
vt 1.35263 -0.862633 
vt 1.36828 -0.870818 
vt 1.35263 -0.862633 
vt 1.35263 -0.870818 
vt 1.36828 -0.862633 
vt 1.34021 -0.870818 
vt 1.33778 -0.862633 
vt 1.33778 -0.870818 
vt 1.34021 -0.862633 
vt 1.3635 -1.04705 
vt 1.37509 -1.03928 
vt 1.37509 -1.03928 
vt 1.34168 -1.04501 
vt 1.3356 -1.03631 
vt 1.32289 -1.03233 
vt 1.28303 -1.00691 
vt 1.32344 -1.01836 
vt 1.37958 -0.810741 
vt 1.37958 -0.810741 
vt 1.36318 -0.784408 
vt 1.35446 -0.762082 
vt 1.35204 -0.747594 
vt 1.35263 -0.729256 
vt 1.35672 -0.702571 
vt 1.3625 -0.685172 
vt 1.37347 -0.98244 
vt 1.38116 -0.969913 
vt 1.37347 -0.98244 
vt 1.38116 -0.969913 
vt 1.37272 -0.994285 
vt 1.37902 -1.01014 
vt 1.37891 -1.02547 
vt 1.28362 -1.00339 
vt 1.3703 -0.915133 
vt 1.36852 -0.893062 
vt 1.36908 -0.872013 
vt 1.37077 -0.851305 
vt 1.37508 -0.829404 
vt 1.32553 -0.935459 
vt 1.3229 -0.95013 
vt 1.3229 -0.95013 
vt 1.32386 -0.969445 
vt 1.31953 -0.983386 
vt 1.32115 -0.997988 
vt 1.32115 -0.997988 
vt 1.32641 -1.00965 
vt 1.32921 -0.777414 
vt 1.33409 -0.804556 
vt 1.32921 -0.777414 
vt 1.33791 -0.908673 
vt 1.31759 -0.830906 
vt 1.32731 -0.925518 
vt 1.31165 -0.789919 
vt 1.33323 -0.938634 
vt 1.34312 -0.939829 
vt 1.31017 -0.764425 
vt 1.33345 -0.750696 
vt 1.31337 -0.745464 
vt 1.32196 -0.72423 
vt 1.34342 -0.715071 
vt 1.33641 -0.704843 
vt 1.31759 -0.830906 
vt 1.33791 -0.908673 
vt 1.33409 -0.804556 
vt 1.32731 -0.925518 
vt 1.31165 -0.789919 
vt 1.34257 -0.931413 
vt 1.32921 -0.777414 
vt 1.32553 -0.935459 
vt 1.33324 -0.938636 
vt 1.34312 -0.939829 
vt 1.31017 -0.764425 
vt 1.33345 -0.750696 
vt 1.31337 -0.745464 
vt 1.32196 -0.72423 
vt 1.34342 -0.715071 
vt 1.33641 -0.704843 
vt 1.3625 -0.685172 
vt 1.31183 -1.00854 
vt 1.31156 -0.99897 
vt 1.29941 -1.00511 
vt 1.2959 -0.996884 
vt 1.32398 -1.00965 
vt 1.28619 -1.00805 
vt 1.28362 -1.00339 
vt 1.28303 -1.00691 
vt 1.32344 -1.01836 
vt 1.32641 -1.00965 
vt 1.32506 -1.02597 
vt 1.3356 -1.03631 
vt 1.32289 -1.03233 
vt 1.34168 -1.04501 
vt 1.35113 -1.04828 
vt 1.3635 -1.04705 
vt 1.37891 -1.02547 
vt 1.37509 -1.03928 
vt 1.32398 -1.00965 
vt 1.2959 -0.996884 
vt 1.37902 -1.01014 
vt 1.37272 -0.994285 
vt 1.32115 -0.997988 
vt 1.31953 -0.983386 
vt 1.37347 -0.98244 
vt 1.32386 -0.969445 
vt 1.34312 -0.939829 
vt 1.38116 -0.969913 
vt 1.3229 -0.95013 
vt 1.33324 -0.938636 
vt 1.32553 -0.935459 
vt 1.35258 -0.934545 
vt 1.3703 -0.915133 
vt 1.35147 -0.929688 
vt 1.36852 -0.893062 
vt 1.36908 -0.872013 
vt 1.34691 -0.790962 
vt 1.37077 -0.851305 
vt 1.37508 -0.829404 
vt 1.37958 -0.810741 
vt 1.36318 -0.784408 
vt 1.34479 -0.764032 
vt 1.35446 -0.762082 
vt 1.35204 -0.747594 
vt 1.35263 -0.729256 
vt 1.35258 -0.934545 
vt 1.34257 -0.931413 
vt 1.34312 -0.939829 
vt 1.35147 -0.929688 
vt 1.33791 -0.908673 
vt 1.34691 -0.790962 
vt 1.33409 -0.804556 
vt 1.32921 -0.777414 
vt 1.34479 -0.764032 
vt 1.33345 -0.750696 
vt 1.35263 -0.729256 
vt 1.34342 -0.715071 
vt 1.35282 -0.723591 
vt 1.35672 -0.702571 
vt 1.3625 -0.685172 
vt 1.328 -1.03631 
vt 1.328 -1.04501 
vt 1.33619 -1.03631 
vt 1.33619 -1.04501 
vt 1.33619 -0.98244 
vt 1.328 -1.02597 
vt 1.33619 -1.01836 
vt 1.328 -1.01836 
vt 1.33619 -1.02597 
vt 1.328 -1.00691 
vt 1.33619 -1.00339 
vt 1.328 -1.00339 
vt 1.33619 -1.00691 
vt 1.33619 -0.872013 
vt 1.328 -0.851305 
vt 1.33209 -0.935459 
vt 1.328 -0.95013 
vt 1.33619 -0.95013 
vt 1.328 -0.969445 
vt 1.33619 -0.969445 
vt 1.328 -0.983386 
vt 1.33619 -0.983386 
vt 1.328 -0.997988 
vt 1.33619 -0.997988 
vt 1.328 -1.00965 
vt 1.33619 -1.00965 
vt 1.33455 -0.804556 
vt 1.32964 -0.777414 
vt 1.32964 -0.908673 
vt 1.33209 -0.830906 
vt 1.32999 -0.939829 
vt 1.33455 -0.931413 
vt 1.33455 -0.750696 
vt 1.3342 -0.790962 
vt 1.3342 -0.939829 
vt 1.32964 -0.931413 
vt 1.32999 -0.939829 
vt 1.33455 -0.931413 
vt 1.328 -1.02597 
vt 1.328 -1.03233 
vt 1.33619 -1.03233 
vt 1.33619 -1.02597 
vt 1.3635 -0.870818 
vt 1.37509 -0.870818 
vt 1.3635 -0.862633 
vt 1.37509 -0.862633 
vt 1.35113 -0.862633 
vt 1.35113 -0.870818 
vt 1.34168 -0.862633 
vt 1.34168 -0.870818 
vt 1.32289 -0.870818 
vt 1.3356 -0.870818 
vt 1.32289 -0.862633 
vt 1.3356 -0.862633 
vt 1.28619 -0.870818 
vt 1.28303 -0.862633 
vt 1.28303 -0.870818 
vt 1.28619 -0.862633 
vt 1.29941 -0.870818 
vt 1.28619 -0.862633 
vt 1.28619 -0.870818 
vt 1.29941 -0.862633 
vt 1.31183 -0.870818 
vt 1.31183 -0.862633 
vt 1.32344 -0.870818 
vt 1.32344 -0.862633 
vt 1.30069 -1.04705 
vt 1.2891 -1.03928 
vt 1.2891 -1.03928 
vt 1.32251 -1.04501 
vt 1.32859 -1.03631 
vt 1.3413 -1.03233 
vt 1.38116 -1.00691 
vt 1.34075 -1.01836 
vt 1.28461 -0.810741 
vt 1.28461 -0.810741 
vt 1.30101 -0.784408 
vt 1.30973 -0.762082 
vt 1.31215 -0.747594 
vt 1.31155 -0.729256 
vt 1.30746 -0.702571 
vt 1.30168 -0.685172 
vt 1.29071 -0.98244 
vt 1.28303 -0.969913 
vt 1.29071 -0.98244 
vt 1.28303 -0.969913 
vt 1.29146 -0.994285 
vt 1.28517 -1.01014 
vt 1.28528 -1.02547 
vt 1.38057 -1.00339 
vt 1.29389 -0.915133 
vt 1.29567 -0.893062 
vt 1.29511 -0.872013 
vt 1.29342 -0.851305 
vt 1.28911 -0.829404 
vt 1.33866 -0.935459 
vt 1.34129 -0.95013 
vt 1.34129 -0.95013 
vt 1.34033 -0.969445 
vt 1.34466 -0.983386 
vt 1.34304 -0.997988 
vt 1.34304 -0.997988 
vt 1.33778 -1.00965 
vt 1.33498 -0.777414 
vt 1.3301 -0.804556 
vt 1.33498 -0.777414 
vt 1.3301 -0.804556 
vt 1.32628 -0.908673 
vt 1.3466 -0.830906 
vt 1.33688 -0.925518 
vt 1.35254 -0.789919 
vt 1.32162 -0.931413 
vt 1.33498 -0.777414 
vt 1.33866 -0.935459 
vt 1.33095 -0.938634 
vt 1.32107 -0.939829 
vt 1.35402 -0.764425 
vt 1.33073 -0.750696 
vt 1.35082 -0.745464 
vt 1.34223 -0.72423 
vt 1.32077 -0.715071 
vt 1.32777 -0.704843 
vt 1.30168 -0.685172 
vt 1.32162 -0.931413 
vt 1.33073 -0.750696 
vt 1.32077 -0.715071 
vt 1.34021 -1.00965 
vt 1.35263 -0.99897 
vt 1.34021 -1.00965 
vt 1.35236 -1.00854 
vt 1.34075 -1.01836 
vt 1.36477 -1.00511 
vt 1.36828 -0.996884 
vt 1.378 -1.00805 
vt 1.38057 -1.00339 
vt 1.38116 -1.00691 
vt 1.33778 -1.00965 
vt 1.33913 -1.02597 
vt 1.32859 -1.03631 
vt 1.3413 -1.03233 
vt 1.28517 -1.01014 
vt 1.29146 -0.994285 
vt 1.34304 -0.997988 
vt 1.28528 -1.02547 
vt 1.34466 -0.983386 
vt 1.29071 -0.98244 
vt 1.34033 -0.969445 
vt 1.30069 -1.04705 
vt 1.2891 -1.03928 
vt 1.31306 -1.04828 
vt 1.32251 -1.04501 
vt 1.32107 -0.939829 
vt 1.28303 -0.969913 
vt 1.34129 -0.95013 
vt 1.33095 -0.938634 
vt 1.33866 -0.935459 
vt 1.31161 -0.934545 
vt 1.29389 -0.915133 
vt 1.31271 -0.929688 
vt 1.29567 -0.893062 
vt 1.29511 -0.872013 
vt 1.31728 -0.790962 
vt 1.29342 -0.851305 
vt 1.28911 -0.829404 
vt 1.28461 -0.810741 
vt 1.30101 -0.784408 
vt 1.3194 -0.764032 
vt 1.30973 -0.762082 
vt 1.31215 -0.747594 
vt 1.31155 -0.729256 
vt 1.31271 -0.929688 
vt 1.31728 -0.790962 
vt 1.3194 -0.764032 
vt 1.32162 -0.931413 
vt 1.31161 -0.934545 
vt 1.32107 -0.939829 
vt 1.31271 -0.929688 
vt 1.32628 -0.908673 
vt 1.31728 -0.790962 
vt 1.3301 -0.804556 
vt 1.33498 -0.777414 
vt 1.3194 -0.764032 
vt 1.33073 -0.750696 
vt 1.31155 -0.729256 
vt 1.32077 -0.715071 
vt 1.31137 -0.723591 
vt 1.30746 -0.702571 
vt 1.30168 -0.685172 

usemtl Meshpart8Mtl

f 2464/2464/2464 2465/2465/2465 2466/2466/2466 
f 2465/2465/2465 2464/2464/2464 2467/2467/2467 
f 2468/2468/2468 2467/2467/2467 2464/2464/2464 
f 2467/2467/2467 2468/2468/2468 2469/2469/2469 
f 2470/2470/2470 2469/2469/2469 2468/2468/2468 
f 2469/2469/2469 2470/2470/2470 2471/2471/2471 
f 2472/2472/2472 2471/2471/2471 2470/2470/2470 
f 2471/2471/2471 2472/2472/2472 2473/2473/2473 
f 2472/2472/2472 2474/2474/2474 2473/2473/2473 
f 2474/2474/2474 2472/2472/2472 2475/2475/2475 
f 2476/2476/2476 2474/2474/2474 2475/2475/2475 
f 2474/2474/2474 2476/2476/2476 2477/2477/2477 
f 2477/2477/2477 2476/2476/2476 2478/2478/2478 
f 2479/2479/2479 2480/2480/2480 2481/2481/2481 
f 2480/2480/2480 2482/2482/2482 2481/2481/2481 
f 2479/2479/2479 2481/2481/2481 2483/2483/2483 
f 2484/2484/2484 2479/2479/2479 2483/2483/2483 
f 2483/2483/2483 2485/2485/2485 2484/2484/2484 
f 2486/2486/2486 2484/2484/2484 2485/2485/2485 
f 2485/2485/2485 2487/2487/2487 2486/2486/2486 
f 2488/2488/2488 2486/2486/2486 2487/2487/2487 
f 2488/2488/2488 2487/2487/2487 2489/2489/2489 
f 2490/2490/2490 2488/2488/2488 2489/2489/2489 
f 2491/2491/2491 2492/2492/2492 2493/2493/2493 
f 2491/2491/2491 2493/2493/2493 2494/2494/2494 
f 2495/2495/2495 2493/2493/2493 2492/2492/2492 
f 2493/2493/2493 2495/2495/2495 2496/2496/2496 
f 2497/2497/2497 2496/2496/2496 2495/2495/2495 
f 2496/2496/2496 2497/2497/2497 2498/2498/2498 
f 2499/2499/2499 2498/2498/2498 2497/2497/2497 
f 2498/2498/2498 2499/2499/2499 2500/2500/2500 
f 2501/2501/2501 2500/2500/2500 2499/2499/2499 
f 2500/2500/2500 2501/2501/2501 2502/2502/2502 
f 2503/2503/2503 2502/2502/2502 2501/2501/2501 
f 2502/2502/2502 2503/2503/2503 2504/2504/2504 
f 2505/2505/2505 2506/2506/2506 2507/2507/2507 
f 2508/2508/2508 2507/2507/2507 2506/2506/2506 
f 2515/2515/2515 2516/2516/2516 2517/2517/2517 
f 2518/2518/2518 2517/2517/2517 2516/2516/2516 
f 2519/2519/2519 2520/2520/2520 2521/2521/2521 
f 2522/2522/2522 2521/2521/2521 2520/2520/2520 
f 2523/2523/2523 2524/2524/2524 2525/2525/2525 
f 2526/2526/2526 2525/2525/2525 2524/2524/2524 
f 2527/2527/2527 2528/2528/2528 2529/2529/2529 
f 2530/2530/2530 2529/2529/2529 2528/2528/2528 
f 2531/2531/2531 2532/2532/2532 2533/2533/2533 
f 2541/2541/2541 2542/2542/2542 2543/2543/2543 
f 2542/2542/2542 2541/2541/2541 2544/2544/2544 
f 2545/2545/2545 2546/2546/2546 2547/2547/2547 
f 2546/2546/2546 2545/2545/2545 2548/2548/2548 
f 2549/2549/2549 2550/2550/2550 2551/2551/2551 
f 2550/2550/2550 2549/2549/2549 2552/2552/2552 
f 2553/2553/2553 2554/2554/2554 2555/2555/2555 
f 2554/2554/2554 2553/2553/2553 2556/2556/2556 
f 2609/2609/2609 2610/2610/2610 2611/2611/2611 
f 2610/2610/2610 2609/2609/2609 2612/2612/2612 
f 2611/2611/2611 2613/2613/2613 2609/2609/2609 
f 2610/2610/2610 2612/2612/2612 2614/2614/2614 
f 2613/2613/2613 2611/2611/2611 2615/2615/2615 
f 2614/2614/2614 2612/2612/2612 2616/2616/2616 
f 2617/2617/2617 2614/2614/2614 2616/2616/2616 
f 2614/2614/2614 2617/2617/2617 2618/2618/2618 
f 2615/2615/2615 2619/2619/2619 2613/2613/2613 
f 2619/2619/2619 2615/2615/2615 2620/2620/2620 
f 2620/2620/2620 2621/2621/2621 2619/2619/2619 
f 2620/2620/2620 2622/2622/2622 2621/2621/2621 
f 2622/2622/2622 2620/2620/2620 2623/2623/2623 
f 2624/2624/2624 2622/2622/2622 2623/2623/2623 
f 2625/2625/2625 2624/2624/2624 2623/2623/2623 
f 2626/2626/2626 2627/2627/2627 2628/2628/2628 
f 2629/2629/2629 2628/2628/2628 2627/2627/2627 
f 2630/2630/2630 2627/2627/2627 2626/2626/2626 
f 2628/2628/2628 2629/2629/2629 2631/2631/2631 
f 2632/2632/2632 2631/2631/2631 2629/2629/2629 
f 2631/2631/2631 2632/2632/2632 2633/2633/2633 
f 2634/2634/2634 2630/2630/2630 2626/2626/2626 
f 2634/2634/2634 2635/2635/2635 2630/2630/2630 
f 2636/2636/2636 2635/2635/2635 2634/2634/2634 
f 2637/2637/2637 2635/2635/2635 2636/2636/2636 
f 2636/2636/2636 2638/2638/2638 2637/2637/2637 
f 2637/2637/2637 2639/2639/2639 2640/2640/2640 
f 2641/2641/2641 2637/2637/2637 2640/2640/2640 
f 2641/2641/2641 2642/2642/2642 2637/2637/2637 
f 2642/2642/2642 2641/2641/2641 2643/2643/2643 
f 2637/2637/2637 2646/2646/2646 2635/2635/2635 
f 2635/2635/2635 2646/2646/2646 2647/2647/2647 
f 2646/2646/2646 2637/2637/2637 2642/2642/2642 
f 2647/2647/2647 2648/2648/2648 2635/2635/2635 
f 2647/2647/2647 2649/2649/2649 2648/2648/2648 
f 2650/2650/2650 2649/2649/2649 2647/2647/2647 
f 2649/2649/2649 2650/2650/2650 2651/2651/2651 
f 2651/2651/2651 2650/2650/2650 2652/2652/2652 
f 2653/2653/2653 2652/2652/2652 2650/2650/2650 
f 2651/2651/2651 2652/2652/2652 2654/2654/2654 
f 2654/2654/2654 2652/2652/2652 2655/2655/2655 
f 2654/2654/2654 2655/2655/2655 2656/2656/2656 
f 2652/2652/2652 2653/2653/2653 2657/2657/2657 
f 2657/2657/2657 2653/2653/2653 2658/2658/2658 
f 2657/2657/2657 2658/2658/2658 2659/2659/2659 
f 2660/2660/2660 2659/2659/2659 2658/2658/2658 
f 2661/2661/2661 2659/2659/2659 2660/2660/2660 
f 2659/2659/2659 2661/2661/2661 2662/2662/2662 
f 2662/2662/2662 2661/2661/2661 2663/2663/2663 
f 2664/2664/2664 2662/2662/2662 2663/2663/2663 
f 2665/2665/2665 2662/2662/2662 2664/2664/2664 
f 2662/2662/2662 2665/2665/2665 2666/2666/2666 
f 2662/2662/2662 2666/2666/2666 2667/2667/2667 
f 2667/2667/2667 2666/2666/2666 2668/2668/2668 
f 2669/2669/2669 2667/2667/2667 2668/2668/2668 
f 2670/2670/2670 2667/2667/2667 2669/2669/2669 
f 2671/2671/2671 2672/2672/2672 2673/2673/2673 
f 2672/2672/2672 2671/2671/2671 2674/2674/2674 
f 2674/2674/2674 2675/2675/2675 2672/2672/2672 
f 2674/2674/2674 2676/2676/2676 2675/2675/2675 
f 2676/2676/2676 2677/2677/2677 2675/2675/2675 
f 2676/2676/2676 2678/2678/2678 2677/2677/2677 
f 2678/2678/2678 2676/2676/2676 2679/2679/2679 
f 2679/2679/2679 2680/2680/2680 2678/2678/2678 
f 2681/2681/2681 2680/2680/2680 2679/2679/2679 
f 2680/2680/2680 2681/2681/2681 2682/2682/2682 
f 2682/2682/2682 2681/2681/2681 2683/2683/2683 
f 2684/2684/2684 2682/2682/2682 2683/2683/2683 
f 2685/2685/2685 2682/2682/2682 2684/2684/2684 
f 2686/2686/2686 2687/2687/2687 2688/2688/2688 
f 2687/2687/2687 2689/2689/2689 2688/2688/2688 
f 2691/2691/2691 2692/2692/2692 2693/2693/2693 
f 2692/2692/2692 2691/2691/2691 2694/2694/2694 
f 2695/2695/2695 2696/2696/2696 2697/2697/2697 
f 2696/2696/2696 2695/2695/2695 2698/2698/2698 
f 2701/2701/2701 2702/2702/2702 2703/2703/2703 
f 2704/2704/2704 2703/2703/2703 2702/2702/2702 
f 2703/2703/2703 2704/2704/2704 2705/2705/2705 
f 2706/2706/2706 2705/2705/2705 2704/2704/2704 
f 2705/2705/2705 2706/2706/2706 2707/2707/2707 
f 2708/2708/2708 2707/2707/2707 2706/2706/2706 
f 2707/2707/2707 2708/2708/2708 2709/2709/2709 
f 2710/2710/2710 2709/2709/2709 2708/2708/2708 
f 2709/2709/2709 2710/2710/2710 2711/2711/2711 
f 2720/2720/2720 2721/2721/2721 2722/2722/2722 
f 2721/2721/2721 2720/2720/2720 2723/2723/2723 
f 2724/2724/2724 2725/2725/2725 2726/2726/2726 
f 2724/2724/2724 2726/2726/2726 2727/2727/2727 
f 2728/2728/2728 2729/2729/2729 2730/2730/2730 
f 2729/2729/2729 2731/2731/2731 2730/2730/2730 
f 2728/2728/2728 2730/2730/2730 2732/2732/2732 
f 2733/2733/2733 2728/2728/2728 2732/2732/2732 
f 2733/2733/2733 2732/2732/2732 2734/2734/2734 
f 2735/2735/2735 2733/2733/2733 2734/2734/2734 
f 2736/2736/2736 2737/2737/2737 2738/2738/2738 
f 2737/2737/2737 2739/2739/2739 2738/2738/2738 
f 2740/2740/2740 2741/2741/2741 2742/2742/2742 
f 2741/2741/2741 2740/2740/2740 2743/2743/2743 
f 2744/2744/2744 2745/2745/2745 2746/2746/2746 
f 2745/2745/2745 2744/2744/2744 2747/2747/2747 
f 2748/2748/2748 2747/2747/2747 2744/2744/2744 
f 2747/2747/2747 2748/2748/2748 2749/2749/2749 
f 2750/2750/2750 2749/2749/2749 2748/2748/2748 
f 2749/2749/2749 2750/2750/2750 2751/2751/2751 
f 2792/2792/2792 2793/2793/2793 2794/2794/2794 
f 2795/2795/2795 2794/2794/2794 2793/2793/2793 
f 2794/2794/2794 2796/2796/2796 2792/2792/2792 
f 2795/2795/2795 2793/2793/2793 2797/2797/2797 
f 2798/2798/2798 2792/2792/2792 2796/2796/2796 
f 2799/2799/2799 2795/2795/2795 2797/2797/2797 
f 2799/2799/2799 2797/2797/2797 2800/2800/2800 
f 2800/2800/2800 2797/2797/2797 2801/2801/2801 
f 2796/2796/2796 2802/2802/2802 2798/2798/2798 
f 2803/2803/2803 2798/2798/2798 2802/2802/2802 
f 2803/2803/2803 2802/2802/2802 2804/2804/2804 
f 2805/2805/2805 2803/2803/2803 2804/2804/2804 
f 2803/2803/2803 2805/2805/2805 2806/2806/2806 
f 2806/2806/2806 2805/2805/2805 2807/2807/2807 
f 2808/2808/2808 2806/2806/2806 2807/2807/2807 
f 2813/2813/2813 2814/2814/2814 2815/2815/2815 
f 2816/2816/2816 2815/2815/2815 2814/2814/2814 
f 2817/2817/2817 2813/2813/2813 2815/2815/2815 
f 2813/2813/2813 2817/2817/2817 2818/2818/2818 
f 2819/2819/2819 2818/2818/2818 2817/2817/2817 
f 2818/2818/2818 2819/2819/2819 2820/2820/2820 
f 2820/2820/2820 2819/2819/2819 2821/2821/2821 
f 2822/2822/2822 2816/2816/2816 2814/2814/2814 
f 2822/2822/2822 2823/2823/2823 2816/2816/2816 
f 2823/2823/2823 2822/2822/2822 2824/2824/2824 
f 2824/2824/2824 2825/2825/2825 2823/2823/2823 
f 2824/2824/2824 2822/2822/2822 2826/2826/2826 
f 2827/2827/2827 2826/2826/2826 2822/2822/2822 
f 2828/2828/2828 2827/2827/2827 2822/2822/2822 
f 2824/2824/2824 2826/2826/2826 2829/2829/2829 
f 2830/2830/2830 2827/2827/2827 2828/2828/2828 
f 2827/2827/2827 2830/2830/2830 2831/2831/2831 
f 2831/2831/2831 2830/2830/2830 2832/2832/2832 
f 2833/2833/2833 2824/2824/2824 2829/2829/2829 
f 2833/2833/2833 2829/2829/2829 2834/2834/2834 
f 2824/2824/2824 2833/2833/2833 2835/2835/2835 
f 2824/2824/2824 2835/2835/2835 2836/2836/2836 
f 2832/2832/2832 2837/2837/2837 2831/2831/2831 
f 2831/2831/2831 2837/2837/2837 2838/2838/2838 
f 2839/2839/2839 2837/2837/2837 2832/2832/2832 
f 2837/2837/2837 2839/2839/2839 2840/2840/2840 
f 2839/2839/2839 2841/2841/2841 2840/2840/2840 
f 2838/2838/2838 2837/2837/2837 2842/2842/2842 
f 2838/2838/2838 2842/2842/2842 2843/2843/2843 
f 2844/2844/2844 2843/2843/2843 2842/2842/2842 
f 2843/2843/2843 2844/2844/2844 2845/2845/2845 
f 2844/2844/2844 2846/2846/2846 2845/2845/2845 
f 2846/2846/2846 2844/2844/2844 2847/2847/2847 
f 2846/2846/2846 2847/2847/2847 2848/2848/2848 
f 2847/2847/2847 2849/2849/2849 2848/2848/2848 
f 2847/2847/2847 2850/2850/2850 2849/2849/2849 
f 2850/2850/2850 2847/2847/2847 2851/2851/2851 
f 2852/2852/2852 2851/2851/2851 2847/2847/2847 
f 2851/2851/2851 2852/2852/2852 2853/2853/2853 
f 2853/2853/2853 2852/2852/2852 2854/2854/2854 
f 2852/2852/2852 2855/2855/2855 2854/2854/2854 
f 2859/2859/2859 2860/2860/2860 2861/2861/2861 
f 2860/2860/2860 2859/2859/2859 2862/2862/2862 
f 2862/2862/2862 2859/2859/2859 2863/2863/2863 
f 2864/2864/2864 2862/2862/2862 2863/2863/2863 
f 2864/2864/2864 2863/2863/2863 2865/2865/2865 
f 2866/2866/2866 2864/2864/2864 2865/2865/2865 
f 2864/2864/2864 2866/2866/2866 2867/2867/2867 
f 2868/2868/2868 2867/2867/2867 2866/2866/2866 
f 2869/2869/2869 2867/2867/2867 2868/2868/2868 
f 2870/2870/2870 2869/2869/2869 2868/2868/2868 
f 2869/2869/2869 2870/2870/2870 2871/2871/2871 
f 2870/2870/2870 2872/2872/2872 2871/2871/2871 
f 2870/2870/2870 2873/2873/2873 2872/2872/2872 

